University,SAT_Min,SAT_Max,SAT_Avg,ACT_Min,ACT_Max,ACT_Avg,Tuition_USD,Institution_Type,Deadline,Average_GPA,TOEFL_Min,IELTS_Min,Scholarship_Mentioned,Scholarship_Amount_Examples,Scholarship_Percentages,URL
University of Alaska,921,1204,1080,19,28,22.5,7566,Public University,February 1,2.82,80,6.5,1.0,3615-5716,25.0,http://alaska.edu/
Alaska Christian College,1132,1284,1227,24,26,24.5,9014,Private College,Rolling,3.47,78,6.0,1.0,6640-15909,27.0,http://alaskacc.edu/
National Park Community College,938,1172,1062,17,19,17.5,10000,Public Community College,June 1,2.39,63,6.0,1.0,1441-2682,16.0,http://npcc.edu/
University of Alaska Fairbanks,1027,1152,1072,17,25,23.0,8640,Public,March 1,3.28,79,6.0,1.0,2651-8092,23.0,http://uaf.edu/
University of Arkansas – Fort Smith,972,1331,1134,20,24,22.0,50000,Public University,2025-07-31,3.45,78,7.0,1.0,4829-10146,15.0,http://uafs.edu/
Alabama A&M University,1195,1440,1321,19,23,20.0,11770,Public University,January 15,3.43,100,6.5,1.0,3919-9166,17.0,http://aamu.edu/
Athens State University,1046,1293,1186,17,25,23.0,11690,Public University,January 15,3.14,79,6.5,1.0,2889-6159,17.0,http://athens.edu/
Auburn University,1000,1210,1090,21,22,21.5,9436,Public,June 1,3.1,84,6.5,1.0,3271-9256,15.0,http://auburn.edu/
Auburn University at Montgomery,1000,1210,1090,20,27,23.5,9436,Public University,January 15,3.18,81,6.5,0.0,3140-8378,18.0,http://aum.edu/
Birmingham-Southern College,1150,1340,1197,22,28,26.0,22750,Private College,June 1,3.51,88,6.5,0.0,6200-13322,37.0,http://bsc.edu/
Calhoun Community College,897,1082,974,17,23,19.0,5060,Public Community College,February 1,2.52,61,6.5,1.0,1448-2415,16.0,http://calhoun.edu/
Enterprise State Community College,887,1026,942,18,22,20.0,5040,Public Community College,January 15,2.57,72,6.0,1.0,1577-2657,12.0,http://escc.edu/
Faulkner State Community College,838,1059,954,16,24,18.0,5000,Public Community College,March 1,2.68,62,5.5,1.0,1708-3341,10.0,http://faulknerstate.edu/
Gadsden State  Community College,935,1102,1036,17,19,17.5,4032,Public Community College,2025-12-07,2.69,69,6.0,1.0,1486-2308,12.0,http://gadsdenstate.edu/
Huntingdon College,1011,1211,1148,21,28,24.5,28650,Private College,February 1,3.11,82,7.0,1.0,6201-15430,31.0,http://huntingdon.edu/
Jacksonville State University,970,1260,1055,19,29,23.0,12426,Public University,2025-08-15,3.39,75,7.0,1.0,3227-9063,23.0,http://jsu.edu/
Lurleen B. Wallace Community College,817,992,894,16,24,18.0,4980,Public Community College,2025-12-12,2.47,68,5.5,1.0,1207-2956,13.0,http://lbwcc.edu/
University of Montevallo,1008,1341,1158,18,24,19.0,13710,Public University,February 1,2.8,78,7.0,0.0,3401-7308,21.0,http://montevallo.edu/
Northeast Alabama Community College,922,1117,1012,18,24,21.0,4980,Public Community College,2025-12-08,2.26,62,5.5,1.0,1094-2413,12.0,http://nacc.edu/
Northwest-Shoals Community College,879,1117,989,18,20,19.0,5071,Public Community College,July 1,2.37,70,61.0,1.0,1354-2872,13.0,http://nwscc.edu/
Oakwood University,1016,1327,1178,20,26,23.0,21838,Public University,June 1,2.88,80,6.5,1.0,2393-7061,23.0,http://oakwood.edu/
Samford University,1070,1260,1203,20,30,24.0,38144,Private,July 1,3.63,79,7.0,1.0,7613-18300,28.0,http://samford.edu/
Southeastern Bible College,1010,1278,1133,18,28,21.0,13880,Public,June 1,2.84,74,6.5,1.0,2519-8645,20.0,http://sebc.edu/
University of South Alabama,1015,1200,1119,20,29,24.5,9676,Public,January 15,3.18,61,6.5,1.0,2912-5135,18.0,http://southalabama.edu/
Trenholm State Technical College,1003,1258,1114,18,25,19.5,15390,Public Technical College,March 1,3.35,79,6.0,1.0,5471-11800,20.0,http://trenholmstate.edu/
Troy University,950,1160,1086,21,26,24.5,9792,Public University,2025-12-20,3.18,72,6.0,1.0,2812-5943,23.0,http://troy.edu/
Tuskegee University,995,1255,1121,20,25,22.5,23440,Public University,March 1,3.03,62,6.0,1.0,5185-11124,22.0,http://tuskegee.edu/
University of Alabama,1195,1440,1321,18,22,18.5,11770,Public University,February 1,3.39,84,7.0,1.0,4545-7051,15.0,http://ua.edu/
University of Alabama at Birmingham,1130,1400,1251,21,25,24.0,8832,Public University,March 1,3.11,71,6.0,1.0,3765-8585,20.0,http://uab.edu/
University of Alabama in Huntsville,1195,1440,1321,20,23,21.5,11770,Public University,January 15,2.98,85,6.5,1.0,2409-6726,16.0,http://uah.edu/
University of North Alabama,927,1311,1110,18,23,18.5,11990,Public University,July 1,2.9,77,7.0,1.0,3691-6341,19.0,http://una.edu/
Snead State Community College,919,1052,996,18,24,21.0,5472,Public Community College,March 1,2.65,62,5.5,1.0,1214-2256,13.0,http://snead.edu/
Arkansas Northeastern College,1110,1247,1196,20,32,25.0,2570,Private College,February 1,3.21,78,7.0,1.0,8893-19022,27.0,http://anc.edu/
Arkansas State University,1044,1203,1136,18,22,18.5,2856,Public University,February 1,3.01,84,7.0,1.0,4985-7749,17.0,http://astate.edu/
Arkansas Tech University,940,1150,1050,19,23,20.0,8508,Public,July 1,3.36,77,7.0,1.0,4146-9928,22.0,http://atu.edu/
Central Baptist College,925,1145,1022,21,27,24.0,19680,Private,Rolling,3.39,82,6.0,1.0,7830-18626,31.0,http://cbc.edu/
Harding University,1050,1280,1187,19,28,22.5,24888,Public University,February 1,3.03,82,7.0,1.0,5447-11379,18.0,http://harding.edu/
Hendrix College,1185,1385,1336,20,27,22.5,36650,Private College,July 1,3.38,75,7.0,1.0,5421-10729,40.0,http://hendrix.edu/
Henderson State University,1039,1162,1096,18,29,21.5,7885,Public University,March 1,2.85,75,6.0,1.0,2224-4254,19.0,http://hsu.edu/
John Brown University,1130,1345,1222,22,27,25.5,30832,Private,2025-12-01,3.62,82,6.0,1.0,8468-19432,31.0,http://jbu.edu/
Lyon College,1178,1375,1262,23,29,28.0,31000,Private College,2025-03-20,3.35,83,6.5,1.0,7150-15253,32.0,http://lyon.edu/
Mid-South Community College,834,1050,933,15,20,19.5,10000,Public Community College,July 1,2.58,70,6.5,1.0,982-2107,12.0,http://midsouthcc.edu/
North Arkansas College,1111,1267,1188,21,31,26.0,2570,Private College,2025-10-01,3.62,88,6.5,1.0,6897-11439,37.0,http://northark.edu/
Northwest Arkansas Community College,856,1056,936,17,24,19.5,2982,Public Community College,March 1,2.5,74,5.5,1.0,1330-2313,10.0,http://nwacc.edu/
Northwest Technical Institute,1010,1297,1170,20,24,22.0,5184,Public Technical College,June 1,3.39,78,6.5,0.0,3747-8424,23.0,http://nwti.edu/
Ouachita Baptist University,1060,1290,1212,21,31,26.0,32480,Private University,July 1,3.62,87,7.0,0.0,6351-18145,36.0,http://obu.edu/
University of the Ozarks,1018,1163,1088,17,25,23.0,25950,Public University,July 1,3.47,79,7.0,1.0,3022-9914,21.0,http://ozarks.edu/
Phillips Community College U of A,852,1008,939,17,20,17.5,3230,Public Community College,July 1,2.52,64,6.5,1.0,880-2596,15.0,http://pccua.edu/
Pulaski Technical College,988,1325,1158,18,26,20.0,4848,Public Technical College,Rolling,3.45,80,6.0,1.0,4556-11134,18.0,http://pulaskitech.edu/
Southern Arkansas University Magnolia,935,1348,1128,19,29,23.0,1500,Public,2025-12-07,3.02,83,6.5,1.0,4333-8797,17.0,http://saumag.edu/
Southeast Arkansas College,1112,1296,1216,22,26,25.0,4960,Private College,Rolling,3.47,76,6.0,1.0,8998-20934,25.0,http://seark.edu/
University of Arkansas Community College Batesville,964,1122,1055,16,24,18.0,3558,Public Community College,March 1,2.59,62,5.5,1.0,1526-3321,10.0,http://uaccb.edu/
University of Arkansas at Little Rock,890,1170,1049,17,24,22.5,8455,Public University,Rolling,3.17,70,6.0,1.0,3686-9685,24.0,http://ualr.edu/
University of Arkansas for Medical Sciences,1066,1329,1184,19,28,22.5,16310,Public University,Rolling,2.8,82,6.5,1.0,5612-7795,17.0,http://uams.edu/
University of Arkansas at Pine Bluff,880,1048,916,17,25,23.0,9019,Public University,July 1,2.93,71,7.0,1.0,2624-5895,23.0,http://uapb.edu/
University of Arkansas,1022,1244,1117,21,29,26.0,2856,Public University,January 15,3.0,83,6.5,1.0,4509-10959,17.0,http://uark.edu/
University of Central Arkansas,940,1120,1117,19,23,20.0,10118,Public University,January 15,2.84,77,6.5,1.0,3389-6986,25.0,http://uca.edu/
Williams Baptist College,1129,1295,1195,22,29,26.5,14000,Private College,July 1,3.17,85,7.0,1.0,7785-18478,34.0,http://wbcoll.edu/
University of Arizona,1160,1420,1261,17,22,21.5,13626,Public University,June 1,2.85,76,6.5,1.0,2408-6851,22.0,http://arizona.edu/
Arizona State University,925,1311,1101,18,24,19.0,32000,Public University,Rolling,3.48,70,6.0,1.0,4808-11596,20.0,http://asu.edu/
Arizona Western College,1001,1222,1118,23,32,29.5,3020,Private College,January 15,3.49,77,6.5,1.0,5893-11710,26.0,http://azwestern.edu/
Bryan University,955,1314,1116,19,29,23.0,12185,Public University,March 1,3.49,75,6.0,1.0,5356-11859,23.0,http://bryanuniversity.edu/
Central Arizona College,1103,1281,1211,20,30,24.0,2250,Private College,March 1,3.25,79,6.0,1.0,8511-15572,28.0,http://centralaz.edu/
Glendale Community College,893,1126,1022,15,22,20.5,2358,Public Community College,January 15,2.6,72,6.0,1.0,1104-2112,15.0,http://gccaz.edu/
Glendale Community College,893,1126,1022,15,22,20.5,2358,Public Community College,January 15,2.6,72,6.0,1.0,1104-2112,15.0,http://glendale.edu/
Grand Canyon University,1058,1175,1095,19,27,22.0,17450,Public University,January 15,3.38,81,6.5,0.0,4468-7729,19.0,http://gcu.edu/
Maricopa Community Colleges,829,969,908,15,24,21.5,2000,Public Community College,March 1,2.53,68,5.5,1.0,1158-2581,13.0,http://maricopa.edu/
Mesa Community College,885,1091,978,16,20,16.5,2358,Public Community College,July 1,2.43,64,6.5,1.0,1532-2979,16.0,http://mesacc.edu/
Northern Arizona University,1065,1267,1169,17,25,23.0,12652,Public University,July 1,2.9,71,7.0,1.0,5057-10092,20.0,http://nau.edu/
Northland Pioneer  College,1136,1363,1236,24,29,24.5,2428,Private College,June 1,3.52,78,6.5,1.0,6878-13490,27.0,http://npc.edu/
University of Phoenix,1118,1307,1200,21,29,26.0,17488,Public University,2025-04-05,2.99,75,6.5,1.0,4235-7028,24.0,http://phoenix.edu/
Phoenix College,1035,1318,1190,21,32,26.5,9552,Private College,January 15,3.31,83,6.5,1.0,6610-16018,32.0,http://phoenixcollege.edu/
Pima Community College,807,963,898,18,23,20.5,2370,Public Community College,February 1,2.64,61,6.5,1.0,1650-2739,15.0,http://pima.edu/
Prescott College,1080,1292,1195,21,32,26.5,35685,Private College,February 1,3.24,86,7.0,1.0,7229-18807,35.0,http://prescott.edu/
Rio Salado College,1099,1244,1180,21,32,26.5,2358,Private College,July 1,3.47,79,7.0,1.0,5361-15595,28.0,http://riosalado.edu/
South Mountain Community College,856,1036,940,14,24,20.0,2358,Public Community College,March 1,2.44,68,5.5,0.0,918-1812,11.0,http://southmountaincc.edu/
University of Advancing Technology,939,1310,1144,18,26,20.0,19430,Public University,February 1,3.32,72,7.0,1.0,5641-7877,16.0,http://uat.edu/
Yavapai College,1176,1344,1278,24,30,25.0,2838,Private,Rolling,3.59,86,6.0,1.0,7363-16293,35.0,http://yc.edu/
Academy of Arts University,1120,1346,1220,20,28,24.0,15030,Public University,Rolling,2.85,74,6.0,1.0,4510-11019,17.0,http://academyart.edu/
Adance Computing Institute,1019,1279,1143,20,25,22.5,10000,Public University,January 15,3.03,71,6.5,1.0,4944-8484,23.0,http://advancedcomputinginstitute.edu/
Acupuncture & Integrative Medicine College,1128,1230,1197,22,30,27.0,41760,Private College,March 1,3.55,85,6.0,1.0,5652-17312,34.0,http://aimc.edu/
Alliant International University,1107,1258,1194,19,29,23.0,13918,Public University,July 1,2.85,75,7.0,1.0,2533-6509,21.0,http://alliant.edu/
Allied American University,1105,1303,1218,20,23,21.5,14040,Public University,March 1,3.38,77,6.0,1.0,5337-11156,25.0,http://allied.edu/
Anaheim University,1104,1217,1142,21,29,26.0,10000,Public University,July 1,2.99,75,7.0,1.0,4343-6369,15.0,http://anaheim.edu/
Angeles College,1051,1227,1149,22,29,26.5,25650,Private College,March 1,3.15,75,6.0,1.0,6534-13496,40.0,http://angelescollege.edu/
Antioch University Los Angeles,1120,1215,1172,21,22,21.5,8180,Public University,Rolling,3.4,84,6.0,1.0,2336-8671,19.0,http://antiochla.edu/
Argosy University,1086,1160,1114,17,27,24.0,11190,Public University,July 1,3.17,81,7.0,1.0,2621-6891,23.0,http://argosy.edu/
Art Center College of Design,1001,1369,1178,21,31,26.0,51640,Private College,January 15,3.65,75,6.5,1.0,5407-14548,40.0,http://artcenter.edu/
The Art Institute,1067,1247,1174,19,22,19.5,12370,Public University,June 1,3.42,76,6.5,1.0,4320-10428,15.0,http://artinstitutes.edu/
Ashford University,1079,1337,1212,21,26,24.5,13160,Public University,June 1,3.44,72,6.5,1.0,3376-6196,22.0,http://ashford.edu/
ATI College,1122,1246,1172,21,28,24.5,10000,Private College,June 1,3.25,90,6.5,1.0,5079-9765,39.0,http://ati.edu/
Antelope Valley College,1147,1256,1182,21,30,25.5,1124,Private College,July 1,3.19,79,7.0,1.0,5250-10309,28.0,http://avc.edu/
Bakersfield College,1124,1304,1220,23,26,25.5,3000,Private College,July 1,3.51,80,7.0,1.0,7397-14034,36.0,http://bakersfieldcollege.edu/
Barstow Community College,844,1045,964,14,24,20.0,1104,Public Community College,March 1,2.29,62,5.5,1.0,911-2622,11.0,http://barstow.edu/
Berkeley University of California,1109,1250,1190,19,27,22.0,14850,Public University,January 15,3.5,73,6.5,1.0,5896-11737,24.0,http://berkeley.edu/
Berkeley City College,1124,1315,1222,21,31,26.0,1148,Private College,2025-12-06,3.15,79,6.5,1.0,8532-16665,28.0,http://berkeleycitycollege.edu/
Brandman University,930,1161,1040,17,22,21.5,1500,Public,February 1,3.48,84,7.0,1.0,3947-8073,16.0,http://brandman.edu/
Butte College,1026,1238,1113,24,29,24.5,1336,Private College,July 1,3.38,79,7.0,1.0,5943-11029,28.0,http://butte.edu/
Cabrillo College,1069,1408,1218,22,27,25.5,1270,Private College,January 15,3.48,89,5.5,1.0,7726-13132,38.0,http://cabrillo.edu/
California Institute of the Arts,1081,1156,1116,18,29,21.5,56724,Public University,March 1,2.81,83,6.0,1.0,2022-4103,24.0,http://calarts.edu/
California Baptist University,1010,1328,1189,23,29,28.0,39720,Private University,July 1,3.23,83,7.0,1.0,7696-16772,32.0,http://calbaptist.edu/
California Lutheran University,1134,1320,1224,20,31,24.5,50670,Private University,Rolling,3.62,86,6.0,1.0,5835-11021,35.0,http://callutheran.edu/
California Miramar University,969,1190,1064,17,24,22.5,9994,Public University,February 1,3.27,74,50.0,1.0,5586-10309,21.0,http://calmu.edu/
California Polytechnic State University,1019,1159,1085,20,23,21.5,11075,Public,January 15,3.18,77,6.5,1.0,5659-9622,15.0,http://calpoly.edu/
California State University,980,1222,1095,17,24,22.5,7672,Public,2025-12-07,3.36,78,6.5,1.0,4925-11762,25.0,http://calstate.edu/
California Institute of Technology,1081,1306,1206,20,26,23.0,20515,Public University,Rolling,3.35,72,6.0,1.0,4492-7464,16.0,http://caltech.edu/
Canada College,1101,1228,1164,21,32,26.5,1332,Private College,June 1,3.13,76,6.5,1.0,7756-12754,25.0,http://canadacollege.edu/
College of the Canyons,1171,1263,1217,20,27,22.5,1176,Private,2025-08-01,3.41,89,6.0,1.0,6700-17160,38.0,http://canyons.edu/
California College of the Arts,1088,1369,1234,21,26,23.5,57946,Private College,2025-08-15,3.12,81,6.5,1.0,6128-11960,30.0,http://cca.edu/
California Community Colleges Chanellor’s Office,846,1084,959,15,20,19.5,1000000,Public Community College,2025-07-20,2.49,64,6.5,1.0,1137-2203,13.0,http://cccco.edu/
City College of San Francisco,1048,1227,1154,20,30,24.0,1696,Private College,March 1,3.33,81,6.0,1.0,7119-11681,30.0,http://ccsf.edu/
Cerritos College,1045,1359,1193,24,28,24.5,1364,Private College,March 1,3.69,77,6.0,1.0,5018-13561,26.0,http://cerritos.edu/
Cerro Coso Community College,782,956,849,16,22,17.0,1384,Public Community College,January 15,2.48,78,6.0,1.0,947-1607,12.0,http://cerrocoso.edu/
Claremont Graduate University,987,1216,1102,18,27,20.5,13470,Public University,July 1,3.43,73,7.0,1.0,4525-7745,15.0,http://cgu.edu/
Chaffey College,1090,1275,1182,22,32,28.0,1184,Private College,Rolling,3.63,90,6.0,1.0,6826-12762,39.0,http://chaffey.edu/
Chapman University,1250,1430,1353,23,32,29.5,62784,Private,February 1,3.58,78,7.0,1.0,6702-10825,27.0,http://chapman.edu/
California Institute of Integral Studies,959,1249,1106,18,26,20.0,10000,Public University,2025-12-06,3.17,72,6.5,1.0,3632-9434,22.0,http://ciis.edu/
Citrus College,1065,1392,1230,22,30,27.0,1204,Private College,March 1,3.7,61,6.0,1.0,6921-18266,40.0,http://citruscollege.edu/
The Claremont Colleges,1134,1241,1180,20,30,24.0,27300,Private College,July 1,3.39,81,7.0,1.0,8543-17235,30.0,http://claremont.edu/
Claremont McKenna College,1450,1560,1514,20,27,23.5,64150,Public,2025-12-01,3.07,81,7.5,1.0,5339-9822,19.0,http://cmc.edu/
Copper Mountain College,1155,1373,1269,22,26,25.0,1114,Private College,July 1,3.21,77,7.0,1.0,6529-16148,26.0,http://cmccd.edu/
Cogswell Polytechnical College,959,1210,1074,18,22,18.5,12500,Public Technical College,June 1,3.38,84,6.5,1.0,5076-7272,16.0,http://cogswell.edu/
College of San Mateo,1050,1210,1112,20,29,24.5,1332,Public,July 1,3.29,79,7.0,1.0,5602-9710,19.0,http://collegeofsanmateo.edu/
College of the Desert,1096,1327,1228,20,26,22.0,1326,Private College,2025-01-14,3.11,82,6.5,1.0,7374-11673,31.0,http://collegeofthedesert.edu/
El Camino College Compton Center,1130,1274,1219,22,31,27.5,41640,Private College,July 1,3.26,83,7.0,1.0,6495-17071,32.0,http://compton.edu/
Contra Costa College,1153,1357,1250,21,26,23.5,1312,Private College,January 15,3.54,83,6.5,1.0,6322-14191,32.0,http://contracosta.edu/
College of the Sequoias,1160,1232,1194,20,28,23.0,1394,Private College,2025-12-07,3.32,76,7.0,1.0,5932-16337,25.0,http://cos.edu/
Crafton Hills College,1004,1293,1162,22,28,26.0,1188,Private College,2025-08-01,3.11,75,6.0,1.0,6061-17670,40.0,http://craftonhills.edu/
California State University Bakersfield,1074,1217,1138,19,25,21.0,7696,Public University,July 1,3.27,79,7.0,1.0,2429-6885,25.0,http://csub.edu/
California State University Channel Islands,969,1293,1131,19,22,19.5,6817,Public University,February 1,2.85,84,7.0,1.0,3112-7547,25.0,http://csuci.edu/
California State University Dominguez Hills,1075,1178,1130,20,24,22.0,7064,Public University,Rolling,2.85,70,6.0,1.0,2012-5806,25.0,http://csudh.edu/
California State University East Bay,1005,1289,1137,19,26,21.5,7055,Public,February 1,3.15,72,7.0,1.0,4482-6829,24.0,http://csueastbay.edu/
Fresno State,989,1158,1090,17,26,23.5,6980,Public University,2025-07-12,3.44,80,6.5,1.0,2764-9697,21.0,http://fresnostate.edu/
California State University Long Beach,931,1156,1026,20,27,23.5,7008,Public University,March 1,3.19,81,6.0,1.0,2397-8828,23.0,http://csulb.edu/
California State University Monterey Bay,964,1234,1090,18,25,19.5,7437,Public University,March 1,3.05,71,6.0,1.0,2152-6411,17.0,http://csumb.edu/
California State University Northridge,1022,1172,1111,21,27,25.0,7095,Public University,January 15,3.12,81,6.5,1.0,3816-9792,19.0,http://csun.edu/
California State Polytechnic University Pomona,1088,1259,1156,20,23,21.5,7439,Public,January 15,3.3,77,6.5,0.0,5135-7343,25.0,http://csupomona.edu/
California State University Sacramento,1035,1311,1192,20,28,24.0,7602,Public University,February 1,3.27,64,7.0,1.0,4229-7602,16.0,http://csus.edu/
California State University San Bernardino,999,1154,1074,17,22,21.5,7675,Public University,February 1,3.15,84,7.0,1.0,5595-11305,20.0,http://csusb.edu/
California State University San Marcos,957,1325,1157,17,22,21.5,7739,Public,2025-12-07,2.86,84,7.0,0.0,2908-7037,20.0,http://csusm.edu/
California State University Stanislaus,1112,1251,1192,19,24,20.5,7826,Public University,2025-07-18,3.28,80,6.5,1.0,2158-4291,25.0,http://csustan.edu/
Cuesta College,1076,1277,1192,22,28,26.0,1340,Private College,February 1,3.67,86,7.0,1.0,6147-14053,35.0,http://cuesta.edu/
Cuyamaca College,1150,1239,1210,22,29,26.5,1340,Private College,March 1,3.21,81,6.0,1.0,8089-14211,30.0,http://cuyamaca.edu/
California Western School of Law San Diego,929,1204,1080,17,22,21.5,7900,Public University,June 1,3.29,84,6.5,1.0,4607-10463,18.0,http://cwsl.edu/
Cypress College,1163,1372,1268,22,27,25.5,1150,Private College,January 15,3.34,89,6.5,1.0,6863-12605,38.0,http://cypresscollege.edu/
DeAnza College,1114,1403,1254,24,26,24.5,10000,Private College,July 1,3.43,81,7.0,1.0,7353-15901,30.0,http://deanza.edu/
San Joaquin Delta College,1058,1253,1144,24,28,24.5,1288,Private College,2025-12-08,3.49,88,7.0,1.0,7174-13694,37.0,http://deltacollege.edu/
Dominican University of California,1070,1291,1194,20,28,23.0,50666,Private,2025-12-16,3.22,90,6.0,1.0,5735-16294,39.0,http://dominican.edu/
Dominican School of Philosophy and Theology,1102,1278,1207,17,29,25.0,8410,Public University,March 1,3.4,75,6.0,1.0,3887-8287,24.0,http://dspt.edu/
Diablo Valley College,1063,1285,1161,24,31,25.5,1312,Private College,2025-01-26,3.48,79,6.5,1.0,6772-17845,28.0,http://dvc.edu/
East Los Angeles College,1040,1225,1142,22,30,27.0,1238,Private College,January 15,3.55,79,6.5,1.0,7896-17211,28.0,http://elac.edu/
El Camino College,1015,1338,1182,24,30,25.0,1144,Private College,2025-07-01,3.46,88,6.0,1.0,7083-14249,37.0,http://elcamino.edu/
Ex’pression College,1110,1292,1196,22,32,28.0,24000,Private College,February 1,3.5,76,7.0,0.0,8611-17900,25.0,http://expression.edu/
Foothill-De Anza Community College District,845,992,938,16,19,16.5,10080,Public Community College,2025-11-01,2.33,75,6.0,1.0,948-2570,13.0,http://fhda.edu/
Fashion Institute of Design & Merchandising,1033,1231,1135,18,25,19.5,34325,Public University,March 1,2.87,79,6.0,1.0,2502-8120,17.0,http://fidm.edu/
Fielding Graduate University,927,1343,1141,21,22,21.5,15340,Public University,February 1,3.3,84,7.0,1.0,5746-8567,21.0,http://fielding.edu/
Foothill College,1160,1300,1228,24,32,26.0,1565,Private College,2025-12-08,3.25,81,6.5,0.0,7753-17308,30.0,http://foothill.edu/
Fresno Pacific University,1062,1346,1184,20,26,23.0,35558,Public University,February 1,3.02,72,7.0,1.0,5150-7593,19.0,http://fresno.edu/
Fresno City College,1178,1339,1250,23,29,28.0,1334,Private College,June 1,3.42,90,6.5,1.0,6971-13646,39.0,http://fresnocitycollege.edu/
Frederick Taylor University,964,1303,1126,18,26,20.0,84000,Public University,Rolling,3.39,61,6.0,1.0,4226-8581,22.0,http://ftu.edu/
Fullerton  College,1080,1247,1148,24,28,24.5,36250,Private College,July 1,3.62,75,7.0,1.0,6341-13848,40.0,http://fullcoll.edu/
Fuller Theological Seminary,925,1290,1104,18,29,21.5,10150,Public University,March 1,2.83,83,6.0,0.0,5461-7479,16.0,http://fuller.edu/
California State University Fullerton,1046,1323,1186,19,23,20.0,7073,Public University,January 15,3.21,77,6.5,1.0,5153-11756,17.0,http://fullerton.edu/
Gavilan College,1095,1259,1160,20,32,25.0,1506,Private College,July 1,3.54,75,7.0,1.0,5126-12000,40.0,http://gavilan.edu/
Golden Gate Baptist Theological Seminary,980,1185,1094,18,26,20.0,10900,Public University,June 1,3.28,80,6.5,0.0,2975-8507,23.0,http://ggbts.edu/
Glendale Community College,893,1126,1022,15,22,20.5,1181,Public Community College,January 15,2.6,72,6.0,1.0,1104-2112,15.0,http://gccaz.edu/
Glendale Community College,893,1126,1022,15,22,20.5,1181,Public Community College,January 15,2.6,72,6.0,0.0,1104-2112,15.0,http://glendale.edu/
Gnomon School of Visual Effects,1027,1175,1083,17,23,22.0,13920,Public University,March 1,3.18,77,6.0,1.0,5547-10781,18.0,http://gnomon.edu/
Columbia College,1119,1289,1210,20,27,22.5,1547,Private College,July 1,3.43,89,7.0,1.0,8001-15703,38.0,http://gocolumbia.edu/
Columbia College,1119,1289,1210,20,27,22.5,1547,Private College,July 1,3.43,89,7.0,1.0,8001-15703,38.0,http://ccis.edu/
Golden West College,1015,1245,1137,21,27,24.0,1196,Private College,Rolling,3.15,78,6.0,1.0,8547-15206,27.0,http://goldenwestcollege.edu/
Grossmont College,1049,1309,1183,23,29,28.0,1332,Private College,June 1,3.64,90,6.5,1.0,5444-13652,39.0,http://grossmont.edu/
Allan Hancock College,1131,1308,1218,20,31,24.5,1156,Private College,March 1,3.43,83,6.0,1.0,5167-14532,32.0,http://hancockcollege.edu/
Hartnell College,1085,1392,1238,22,27,25.5,1404,Private College,Rolling,3.36,88,6.0,1.0,7495-16023,37.0,http://hartnell.edu/
Henley-Putnam University,1078,1254,1185,22,30,27.0,23850,Private,Rolling,3.7,84,6.0,1.0,8066-17059,33.0,http://henley-putnam.edu/
Harvey Mudd College,1480,1560,1537,20,32,25.0,66255,Private College,2025-12-01,3.34,87,7.0,1.0,8038-18650,36.0,http://hmc.edu/
Holy Names University,1066,1396,1247,21,29,25.0,13586,Private,2025-06-01,3.38,76,6.5,1.0,7504-18127,25.0,http://hnu.edu/
Humboldt State University,1104,1247,1174,21,24,23.5,7913,Public University,February 1,3.24,70,7.0,1.0,4564-7073,23.0,http://humboldt.edu/
Humphreys College,1007,1329,1184,22,29,26.5,14760,Private College,March 1,3.61,75,6.0,1.0,6468-12506,40.0,http://humphreys.edu/
Imperial Valley College,1081,1276,1170,21,28,24.5,1126,Private College,January 15,3.59,81,6.5,1.0,5008-10975,30.0,http://imperial.edu/
International Sports Sciences Association,1064,1163,1094,17,28,24.5,9670,Public University,June 1,3.5,82,6.5,0.0,5129-7190,23.0,http://issaonline.edu/
International Technological University,983,1322,1138,20,22,21.0,10000,Public University,June 1,2.99,76,6.5,1.0,5643-8082,22.0,http://itu.edu/
Irvine Valley College,1015,1388,1190,24,27,24.5,1156,Private College,July 1,3.2,81,7.0,1.0,8782-17198,30.0,http://ivc.edu/
William Jessup University,1044,1195,1138,17,23,22.0,37150,Public University,July 1,3.27,85,7.0,1.0,2151-5446,20.0,http://jessup.edu/
John F. Kennedy University,994,1166,1097,18,29,21.5,2000,Public University,March 1,3.08,75,6.0,1.0,2122-6522,24.0,http://jfku.edu/
Keck Graduate Institute,986,1270,1131,19,25,21.0,14690,Public University,January 15,3.3,71,6.5,1.0,2780-6326,20.0,http://kgi.edu/
Mount Saint Mary’s College,1118,1315,1210,24,26,24.5,65000,Private,January 15,3.4,89,6.5,0.0,8654-16334,38.0,http://la.edu/
Los Angeles Community College District,885,1095,1003,15,20,19.5,10000,Public Community College,July 1,2.34,76,6.5,1.0,1795-2438,13.0,http://laccd.edu/
Los Angeles City College,1038,1349,1176,22,30,27.0,1238,Private College,February 1,3.59,86,7.0,1.0,7292-13569,33.0,http://lacitycollege.edu/
Los Angeles Harbor College,1029,1351,1178,23,30,28.5,1238,Private College,June 1,3.48,80,6.5,0.0,5399-12950,29.0,http://lahc.edu/
Los Angeles Mission College,1009,1266,1154,24,27,24.5,1238,Private College,Rolling,3.5,78,6.0,0.0,5455-12345,27.0,http://lamission.edu/
Laney  College,1004,1291,1164,20,27,22.5,1148,Private College,June 1,3.59,76,6.5,1.0,5258-14234,25.0,http://laney.edu/
Los Angeles Southwest College,1173,1294,1238,23,32,29.5,1238,Private College,June 1,3.53,84,6.5,1.0,6526-11356,33.0,http://lasc.edu/
La Sierra University,1109,1262,1198,21,26,24.5,35910,Public University,June 1,2.84,72,6.5,1.0,2380-6454,15.0,http://lasierra.edu/
Las Positas College,1132,1246,1209,22,30,27.0,1168,Private College,January 15,3.11,83,6.5,1.0,8318-12362,32.0,http://laspositascollege.edu/
Los Angeles Trade-Tech Community College,944,1101,1014,17,22,18.5,5400,Public Community College,January 15,2.63,72,6.0,0.0,1798-2492,16.0,http://lattc.edu/
Laurus College,1053,1294,1188,22,30,27.0,10000,Private College,January 15,3.12,61,6.5,1.0,5621-9896,30.0,http://lauruscollege.edu/
Los Angeles Valley College,1066,1342,1190,20,32,25.0,1238,Private College,June 1,3.53,84,6.5,1.0,7465-11560,33.0,http://lavc.edu/
University of La Verne,970,1303,1116,17,29,25.0,47000,Public University,July 1,3.14,75,7.0,1.0,2578-5846,20.0,http://laverne.edu/
UCLA School of Law,1098,1158,1109,21,29,26.0,15700,Public University,July 1,3.18,75,7.0,1.0,4545-11017,20.0,http://ucla.edu/
Long Beach City College,1141,1276,1204,21,31,26.0,1556,Private College,2025-11-27,3.53,76,6.5,1.0,8540-17912,25.0,http://lbcc.edu/
Life Chiropractic College West,1098,1255,1166,21,30,25.5,10000,Private College,January 15,3.13,87,6.5,1.0,8460-19560,36.0,http://lifewest.edu/
Loma Linda University,1072,1333,1194,17,28,24.5,15880,Public University,Rolling,3.5,80,6.0,1.0,3966-6062,19.0,http://llu.edu/
Loyola Marymount University,1137,1235,1201,23,32,29.5,58974,Private,February 1,3.58,82,7.0,1.0,6308-17466,31.0,http://lmu.edu/
Los Medanos College,1120,1363,1224,22,27,25.5,1312,Private College,January 15,3.51,79,6.5,1.0,5850-14721,28.0,http://losmedanos.edu/
Los Rios Community College District,865,999,942,17,21,18.0,5510,Public Community College,Rolling,2.5,71,5.5,1.0,1481-3085,14.0,http://losrios.edu/
Lake Tahoe Community College,901,1118,1000,16,24,18.0,1131,Public Community College,March 1,2.68,68,5.5,1.0,1585-2839,13.0,http://ltcc.edu/
College of Marin,1127,1299,1225,22,31,27.5,1558,Private College,2025-12-12,3.29,75,6.0,1.0,5399-10585,40.0,http://marin.edu/
Marymount California University,1096,1356,1206,19,26,21.5,15980,Public University,Rolling,2.8,72,6.0,1.0,4254-10817,18.0,http://marymountcalifornia.edu/
The Master’s College,1167,1419,1277,21,32,26.5,20000,Private College,March 1,3.2,75,6.0,1.0,5451-13550,40.0,http://masters.edu/
Merced Community College,793,896,854,15,21,20.0,1194,Public Community College,Rolling,2.53,65,5.5,0.0,1135-2380,11.0,http://mccd.edu/
Mills College,1100,1276,1183,20,26,22.0,27840,Private College,June 1,3.49,88,6.5,1.0,5973-13359,37.0,http://mills.edu/
MiraCosta College,1082,1327,1194,23,29,28.0,1152,Private College,January 15,3.53,85,6.5,1.0,8011-17227,34.0,http://miracosta.edu/
Modesto Junior College,1120,1228,1183,20,31,24.5,1270,Private College,January 15,3.13,81,6.5,1.0,8092-12130,30.0,http://mjc.edu/
Mount San Jacinto College,1135,1415,1256,23,31,29.0,27090,Private College,July 1,3.44,77,7.0,1.0,8178-15730,26.0,http://msjc.edu/
Mount San Antonio College,1109,1250,1162,23,28,27.5,22950,Private College,2025-08-08,3.37,88,7.0,1.0,8331-12814,37.0,http://mtsac.edu/
Napa Valley College,1075,1391,1231,23,30,28.5,1156,Private College,February 1,3.52,88,7.0,1.0,6082-11414,37.0,http://napavalley.edu/
Notre Dame de Namur University,1027,1190,1108,17,23,22.0,14200,Public,March 1,3.46,85,6.0,1.0,4634-6829,17.0,http://ndnu.edu/
NewSchool of Architecture and Design,1011,1203,1125,21,26,24.5,30291,Public University,February 1,2.88,72,7.0,1.0,5797-9014,24.0,http://newschoolarch.edu/
Norco College,1036,1353,1190,23,32,29.5,1420,Private College,2025-12-07,3.24,75,6.0,1.0,8929-16839,40.0,http://norcocollege.edu/
Naval Postgraduate School,990,1152,1088,19,23,20.0,10570,Public University,July 1,3.12,80,7.0,1.0,3213-6859,18.0,http://nps.edu/
Ohlone College,1020,1318,1153,22,31,27.5,1202,Private College,January 15,3.34,85,6.5,0.0,8575-15343,34.0,http://ohlone.edu/
Orange Coast College,1035,1412,1204,22,32,28.0,1208,Private College,February 1,3.53,80,7.0,0.0,6948-17329,29.0,http://orangecoastcollege.edu/
Otis College of Art and Design,1158,1384,1288,23,28,27.5,55513,Private College,2025-02-15,3.44,88,6.5,1.0,8932-16138,37.0,http://otis.edu/
Occidental College,1360,1500,1461,21,30,25.5,63446,Private College,2025-11-15,3.6,86,7.0,1.0,5263-9944,35.0,http://oxy.edu/
University of the Pacific,1160,1420,1303,23,28,27.5,55340,Private,2025-07-01,3.65,82,7.0,1.0,6508-17942,31.0,http://pacific.edu/
University of the Pacific,1160,1420,1303,23,28,27.5,55340,Private,2025-07-01,3.65,82,7.0,1.0,6508-17942,31.0,http://uop.edu/
Pacific College of Oriental Medicine,1096,1405,1262,22,26,25.0,27040,Private College,January 15,3.43,61,6.5,1.0,6467-11984,34.0,http://pacificcollege.edu/
Palomar College,1154,1412,1284,23,27,26.5,1354,Private College,2025-12-20,3.15,90,5.0,1.0,7446-16744,39.0,http://palomar.edu/
Pasadena City College,1178,1257,1224,24,31,25.5,1180,Private College,March 1,3.27,83,6.0,1.0,8980-16203,32.0,http://pasadena.edu/
Pepperdine University,1250,1450,1367,18,27,20.5,66742,Public University,January 15,3.31,463,6.5,1.0,2361-7926,15.0,http://pepperdine.edu/
Peralta Community College District,845,1067,974,18,19,18.5,1257,Public Community College,June 1,2.57,63,6.0,1.0,1408-2260,11.0,http://peralta.edu/
Pierce College,1147,1233,1174,24,29,24.5,1238,Private College,Rolling,3.18,84,6.0,1.0,8043-14123,33.0,http://piercecollege.edu/
Pitzer College,1157,1356,1244,21,30,25.5,62692,Private College,2025-12-08,3.12,106,6.0,1.0,5043-10193,35.0,http://pitzer.edu/
Pacific Lutheran  Theological Seminary,931,1280,1126,17,22,21.5,15360,Public University,2025-02-15,2.84,76,6.0,1.0,2114-4681,21.0,http://plts.edu/
Point Loma Nazarene University,1140,1410,1278,19,24,20.5,43550,Public University,June 1,3.4,70,6.5,1.0,5685-11418,16.0,http://pointloma.edu/
Pomona College,1088,1237,1154,21,30,25.5,547000,Private College,January 15,3.37,87,6.5,1.0,5512-10438,36.0,http://pomona.edu/
Porterville College,1174,1266,1223,22,27,25.5,1409,Private College,Rolling,3.5,84,6.0,1.0,7694-14752,33.0,http://portervillecollege.edu/
Pacific School of Religion,1022,1333,1196,17,28,24.5,15900,Public University,2025-12-10,3.38,82,6.5,1.0,4735-11404,23.0,http://psr.edu/
Riverside City College,1028,1296,1170,21,28,24.5,1420,Private College,Rolling,3.52,84,6.0,1.0,7609-15480,33.0,http://rcc.edu/
Riverside Community College District,872,1127,1020,15,19,18.5,10000,Public Community College,June 1,2.69,69,6.0,1.0,1679-2894,16.0,http://rccd.edu/
University of Redlands,1078,1323,1231,21,29,26.0,57614,Public University,March 1,2.9,83,6.0,1.0,2868-6056,15.0,http://redlands.edu/
College of the Redwoods,1153,1291,1227,24,32,26.0,1147,Private College,June 1,3.11,88,6.5,1.0,7002-17397,37.0,http://redwoods.edu/
Rio Hondo College,1001,1247,1126,21,32,26.5,1388,Private College,February 1,3.47,80,7.0,1.0,5469-13792,29.0,http://riohondo.edu/
Rosemead College,1038,1251,1142,22,28,26.0,25000,Private College,March 1,3.69,89,6.0,0.0,8925-18245,38.0,http://rosemeadcollege.edu/
Santa Ana College,1042,1382,1194,23,30,28.5,25940,Private College,2025-12-07,3.15,83,7.0,1.0,7274-15420,32.0,http://sac.edu/
Saddleback College,1132,1400,1282,22,31,27.5,1432,Private College,2025-12-09,3.41,90,7.0,1.0,7795-18728,39.0,http://saddleback.edu/
University of San Diego,995,1176,1106,19,24,20.5,15265,Public University,June 1,3.22,78,6.5,1.0,5742-12645,25.0,http://sandiego.edu/
Santa Rosa Junior College,1132,1250,1200,22,32,28.0,1318,Private College,July 1,3.12,89,7.0,1.0,6558-13117,38.0,http://santarosa.edu/
Santa Barbara City College,1168,1288,1222,24,28,24.5,1234,Private College,June 1,3.3,90,6.5,1.0,8204-19295,39.0,http://sbcc.edu/
School of Continuing Education,1047,1334,1192,17,29,25.0,9895,Public University,July 1,3.15,83,7.0,1.0,4885-7202,18.0,http://sce.edu/
Scripps College,1420,1530,1480,22,27,25.5,63434,Private College,June 1,3.42,90,6.5,1.0,5487-12027,39.0,http://scrippscollege.edu/
Santa Clara University,1340,1500,1417,17,28,24.5,59241,Public University,February 1,3.19,82,7.0,1.0,4463-11049,16.0,http://scu.edu/
Southern California University of Health Sciences,946,1296,1131,19,25,21.0,10769,Public,2025-12-06,2.99,79,6.5,1.0,3003-6077,16.0,http://scuhs.edu/
San Diego City College,1147,1340,1228,24,30,25.0,1150,Private College,February 1,3.28,90,7.0,1.0,8290-16982,39.0,http://sdcity.edu/
San Diego Mesa College,1136,1346,1260,22,30,27.0,1150,Private College,February 1,3.37,84,7.0,1.0,8228-14820,33.0,http://sdmesa.edu/
San Diego State University,1034,1279,1160,17,23,22.0,8290,Public University,January 15,2.87,77,6.5,1.0,3833-7841,15.0,http://sdsu.edu/
San Francisco State University,1103,1337,1206,19,28,22.5,7424,Public University,2025-10-01,3.21,82,6.5,1.0,5430-10311,24.0,http://sfsu.edu/
Shasta College,1059,1271,1169,21,32,26.5,14535,Private College,July 1,3.25,89,7.0,0.0,8799-13762,38.0,http://shastacollege.edu/
The Institute of Buddhist Studies,979,1347,1167,21,23,22.5,15140,Public University,2025-03-01,3.31,77,6.0,1.0,5377-9909,21.0,http://shin-ibs.edu/
Sierra College,1129,1364,1246,23,28,27.5,1156,Private College,2025-06-01,3.7,75,7.0,1.0,8201-14448,40.0,http://sierracollege.edu/
Simpson University,976,1328,1134,21,28,25.5,38522,Public University,Rolling,3.48,74,6.0,1.0,4656-6677,15.0,http://simpsonu.edu/
College of the Siskiyous,1000,1416,1209,21,32,26.5,1444,Private College,Rolling,3.34,76,6.0,1.0,7947-14219,25.0,http://siskiyous.edu/
San Jose State University,943,1277,1111,20,25,22.5,7992,Public,March 1,3.5,79,6.0,1.0,5886-12047,17.0,http://sjsu.edu/
Starr King School for the Ministry,1029,1323,1161,19,25,21.0,12890,Public University,July 1,2.85,71,7.0,1.0,5580-8338,20.0,http://sksm.edu/
Skyline College,1114,1372,1237,23,27,26.5,1332,Private College,2025-04-08,3.41,90,6.5,1.0,7466-19109,39.0,http://skylinecollege.edu/
Santa Monica College,1095,1320,1224,20,29,23.5,1156,Private College,2025-12-09,3.45,81,6.0,1.0,6558-14129,30.0,http://smc.edu/
San Mateo County Community College,809,946,892,15,19,18.5,69000,Public Community College,June 1,2.66,56,6.0,1.0,1050-2446,10.0,http://smccd.edu/
Soka University of America,1220,1460,1360,17,29,25.0,37450,Public University,2025-07-08,3.43,75,6.0,1.0,4370-6925,17.0,http://soka.edu/
Solano Community College,787,1024,920,14,21,18.5,1172,Public Community College,Rolling,2.26,61,5.5,1.0,1514-2235,12.0,http://solano.edu/
Sonoma State University,1001,1167,1083,19,25,21.0,8190,Public University,January 15,3.19,79,6.5,1.0,4580-10442,20.0,http://sonoma.edu/
Stanford University,1510,1580,1553,20,25,22.5,62484,Public University,March 1,3.28,79,6.0,1.0,3184-9468,21.0,http://stanford.edu/
Saint Mary’s College,1046,1319,1194,24,32,26.0,56134,Private College,July 1,3.69,89,7.0,1.0,6227-10686,38.0,http://stmarys-ca.edu/
Saint Mary’s College,1046,1319,1194,24,32,26.0,56134,Private College,July 1,3.69,89,7.0,1.0,6227-10686,38.0,http://saintmarys.edu/
Taft College,1157,1403,1272,23,27,26.5,1108,Private College,February 1,3.32,76,7.0,1.0,5988-17764,25.0,http://taftcollege.edu/
Touro University California,1114,1265,1176,20,25,22.5,7600,Public University,2025-06-01,3.12,71,6.0,1.0,5330-10735,15.0,http://tu.edu/
University of California Davis,990,1175,1092,20,24,22.0,15247,Public,February 1,3.45,78,7.0,1.0,2674-6563,24.0,http://ucdavis.edu/
University of California Hastings College of the Law,1008,1297,1166,20,23,21.5,600000,Public,July 1,3.46,85,7.0,1.0,2806-6437,17.0,http://uchastings.edu/
University of California Irvine,938,1173,1050,19,25,21.0,14237,Public,January 15,2.94,71,6.5,1.0,2038-7942,18.0,http://uci.edu/
University of California Los Angeles,1120,1200,1159,21,24,23.5,6813,Public University,Rolling,2.89,70,6.0,1.0,4443-7025,18.0,http://ucla.edu/
University of California Los Angeles Extension,1029,1168,1082,20,28,24.0,12760,Public University,February 1,3.04,82,7.0,1.0,4364-7005,25.0,http://uclaextension.edu/
University of California Merced,1005,1253,1125,20,24,22.0,14167,Public,February 1,2.84,78,7.0,1.0,2793-5527,15.0,http://ucmerced.edu/
University of California,1106,1189,1156,19,23,20.0,8830,Public,January 15,3.19,85,6.5,1.0,2249-6914,17.0,http://ucop.edu/
University of California,1106,1189,1156,19,23,20.0,8830,Public,January 15,3.19,85,6.5,1.0,2249-6914,17.0,http://universityofcalifornia.edu/
University of California Press,1019,1260,1142,17,22,21.5,11480,Public,June 1,2.86,84,6.5,1.0,2843-9212,16.0,http://ucpress.edu/
University of California Riverside,1049,1185,1108,17,25,23.0,14170,Public,January 15,3.0,71,6.5,1.0,3471-9480,15.0,http://ucr.edu/
University of California Santa Barbara,1040,1334,1201,17,23,22.0,14965,Public,January 15,3.03,85,6.5,1.0,2007-8310,20.0,http://ucsb.edu/
University of California Santa Cruz,1092,1335,1222,19,27,22.0,14560,Public University,July 1,3.31,81,7.0,1.0,3483-8629,19.0,http://ucsc.edu/
University of California Santa Cruz Silicon Valley Extension,975,1305,1127,17,24,22.5,11760,Public University,February 1,3.18,70,7.0,1.0,2676-4729,23.0,http://ucsc-extension.edu/
University of California San Diego,1042,1307,1166,17,25,23.0,15265,Public,March 1,3.09,71,6.0,1.0,4739-6757,16.0,http://ucsd.edu/
University of California San Francisco,934,1333,1132,20,24,22.0,13240,Public University,Rolling,2.81,80,6.0,1.0,2329-7014,22.0,http://ucsf.edu/
University of California,1106,1189,1156,19,23,20.0,8830,Public,2025-07-01,3.19,85,6.5,1.0,2249-6914,17.0,http://ucop.edu/
University of California,1106,1189,1156,19,23,20.0,8830,Public,2025-07-01,3.19,85,6.5,1.0,2249-6914,17.0,http://universityofcalifornia.edu/
University of the Pacific,1160,1420,1303,23,28,27.5,55340,Private,2025-07-01,3.65,82,7.0,1.0,6508-17942,31.0,http://pacific.edu/
University of the Pacific,1160,1420,1303,23,28,27.5,55340,Private,2025-07-01,3.65,80,7.0,1.0,6508-17942,31.0,http://uop.edu/
University of Southern California,940,1293,1126,18,23,18.5,39950,Public University,2025-08-20,3.2,85,6.0,1.0,2499-7388,16.0,http://usc.edu/
University of San Francisco,1119,1229,1178,17,27,24.0,8390,Public University,2025-12-11,2.83,81,7.0,1.0,2603-9183,21.0,http://usfca.edu/
San Bernardino Valley College,1034,1335,1176,23,27,26.5,1185,Private College,Rolling,3.15,90,6.0,1.0,7320-15764,39.0,http://valleycollege.edu/
Ventura College,1176,1265,1238,24,27,24.5,1416,Private College,July 1,3.21,89,7.0,1.0,5569-15056,38.0,http://venturacollege.edu/
Victor Valley College,1030,1284,1175,23,26,25.5,1425,Private College,March 1,3.38,94,7.0,1.0,8971-14838,40.0,http://vvc.edu/
West Coast Baptist College,1134,1376,1269,23,26,25.5,30930,Private College,July 1,3.11,87,7.0,1.0,6865-17135,36.0,http://wcbc.edu/
Western University of Health Sciences,976,1174,1085,19,25,21.0,9540,Public University,March 1,2.86,71,6.0,1.0,4042-6735,22.0,http://westernu.edu/
Westmont College,1212,1418,1367,21,32,26.5,51790,Private College,2025-03-06,3.11,81,6.5,1.0,5471-15152,30.0,http://westmont.edu/
West Valley College,1030,1395,1200,24,31,25.5,1490,Private College,2025-12-08,3.55,76,6.0,1.0,6016-14856,25.0,http://westvalley.edu/
West Hills Community College District,959,1186,1062,15,19,18.5,7180,Public Community College,June 1,2.6,63,6.0,1.0,1623-2453,16.0,http://whccd.edu/
Whittier College,1031,1240,1140,24,32,26.0,49864,Private College,2025-10-15,3.5,80,6.5,1.0,5749-13141,32.0,http://whittier.edu/
West Los Angeles College,1149,1314,1238,20,28,23.0,1238,Private College,March 1,3.46,79,6.0,0.0,5563-10389,28.0,http://wlac.edu/
Yuba Community College District,952,1143,1034,18,24,21.0,6910,Public Community College,March 1,2.65,74,5.5,1.0,1342-2897,15.0,http://yccd.edu/
Yosemite Community College District,952,1203,1072,18,21,19.5,3870,Public Community College,Rolling,2.5,71,5.5,1.0,961-1566,12.0,http://yosemite.edu/
Unitek College,1042,1220,1150,20,30,24.0,28680,Private College,February 1,3.57,82,7.0,1.0,5333-15348,31.0,http://unitekcollege.edu/
Vanguard University,1114,1150,1140,18,23,18.5,39950,Public University,March 1,2.99,85,6.0,1.0,4615-6873,25.0,http://vanguard.edu/
Southwestern College,1104,1230,1161,22,29,26.5,1344,Private College,Rolling,3.38,76,6.0,1.0,7026-12791,25.0,http://swcc.edu/
Southwestern College,1104,1230,1161,22,29,26.5,1344,Private College,Rolling,3.38,76,6.0,1.0,7026-12791,25.0,http://swc.edu/
Monterey Institute of International Studies,1077,1157,1102,21,23,22.5,13770,Public University,2025-12-05,3.47,77,7.0,1.0,3209-6708,19.0,http://miis.edu/
Adams State University,1055,1185,1105,21,23,22.5,9776,Public University,January 15,3.42,77,6.5,1.0,3541-6766,17.0,http://adams.edu/
Auraria Higher Education Center,993,1276,1148,21,24,23.5,9480,Public University,February 1,3.29,70,7.0,1.0,5830-8543,23.0,http://ahec.edu/
Aims Community College,978,1211,1084,15,20,19.5,2090,Public Community College,July 1,2.52,70,6.5,1.0,985-2408,15.0,http://aims.edu/
Arapahoe Community College,942,1168,1064,16,20,16.5,4308,Public Community College,July 1,2.52,76,6.5,1.0,1517-2249,15.0,http://arapahoe.edu/
Community College of Aurora,826,960,873,14,24,20.0,4030,Public Community College,March 1,2.53,74,5.5,1.0,1537-2887,14.0,http://ccaurora.edu/
Community College of Denver,852,1015,952,15,23,21.0,4902,Public Community College,2025-12-09,2.7,67,6.5,1.0,1272-2876,15.0,http://ccd.edu/
Colorado Heights University,1083,1176,1116,20,29,24.5,12170,Public University,July 1,3.39,75,7.0,0.0,3244-8300,21.0,http://chu.edu/
University of Colorado Boulder,1230,1420,1353,21,23,22.5,16430,Public University,March 1,3.05,77,6.0,1.0,3291-9401,15.0,http://colorado.edu/
Colorado College,1023,1246,1146,24,28,24.5,43980,Private College,January 15,3.25,87,6.5,1.0,8730-15768,36.0,http://coloradocollege.edu/
Colorado Mesa University,930,1180,1070,20,28,24.0,9712,Public University,2025-01-20,3.35,82,6.5,1.0,4493-7055,25.0,http://coloradomesa.edu/
Colorado State University,1057,1166,1124,19,29,23.0,12896,Public University,March 1,2.84,75,6.0,0.0,4089-9248,16.0,http://colostate.edu/
Colorado State University-Pueblo,870,1100,1005,19,29,23.0,9401,Public University,July 1,2.89,83,7.0,1.0,2796-5758,17.0,http://colostate-pueblo.edu/
University of Denver,980,1220,1119,17,22,21.5,10017,Public University,2025-04-01,2.88,484,6.0,1.0,4052-9811,20.0,http://du.edu/
Fort Lewis College,980,1220,1084,20,27,22.5,9670,Private College,2025-11-15,3.42,61,5.5,1.0,6493-12641,29.0,http://fortlewis.edu/
Front Range Community College,836,1033,916,18,19,18.5,4740,Public Community College,June 1,2.36,69,6.0,1.0,1684-3448,14.0,http://frontrange.edu/
Jones International University,972,1298,1130,21,29,26.0,8470,Public University,July 1,3.5,83,7.0,0.0,2247-6469,15.0,http://jiu.edu/
Colorado School of Mines,1320,1470,1403,18,29,21.5,21186,Public University,July 1,3.08,75,7.0,1.0,2206-7655,17.0,http://mines.edu/
Metropolitan State University of Denver,880,1110,1014,19,26,21.5,10780,Public University,February 1,2.88,80,7.0,1.0,4891-7205,17.0,http://msudenver.edu/
Naropa University,1002,1274,1152,20,29,24.5,34600,Public University,July 1,3.09,83,7.0,1.0,2400-5521,20.0,http://naropa.edu/
Pikes Peak Community College,979,1231,1105,17,21,18.0,10000,Public Community College,Rolling,2.2,71,5.5,1.0,1193-2220,13.0,http://ppcc.edu/
Pueblo Community College,794,956,873,15,19,18.5,4883,Public Community College,2025-12-10,2.48,75,6.0,1.0,1355-2441,14.0,http://pueblocc.edu/
Redstone College,1159,1370,1280,22,30,27.0,37490,Private College,February 1,3.58,80,7.0,1.0,7832-17763,29.0,http://redstone.edu/
Regis University,939,1279,1122,20,29,24.5,43980,Public University,July 1,3.36,75,7.0,1.0,5298-8707,22.0,http://regis.edu/
University of the Rockies,1112,1182,1138,19,24,20.5,15300,Public University,June 1,2.83,70,6.5,1.0,5647-10573,20.0,http://rockies.edu/
Red Rocks Community College,834,949,882,17,20,17.5,4707,Public Community College,July 1,2.49,70,6.5,1.0,930-2247,16.0,http://rrcc.edu/
William Howard Taft University,985,1304,1158,17,24,22.5,10000,Public University,Rolling,2.9,70,6.5,1.0,5941-11688,22.0,http://taft.edu/
University Corporation for Atmospheric Research,1070,1315,1198,19,24,20.5,10000,Public University,June 1,2.96,70,6.5,1.0,5408-7613,25.0,http://ucar.edu/
University of Colorado Colorado Springs,952,1340,1159,20,27,23.5,12760,Public University,March 1,3.1,73,6.0,1.0,3090-6197,22.0,http://uccs.edu/
University of Colorado Denver,980,1220,1119,20,24,22.0,10017,Public University,2025-05-23,3.21,70,6.0,1.0,3504-7712,15.0,http://ucdenver.edu/
University of Northern Colorado,970,1180,1077,21,28,25.5,12010,Public University,June 1,3.27,82,6.5,1.0,3324-8412,21.0,http://unco.edu/
University of Colorado,1230,1420,1353,18,25,19.5,16430,Public University,July 1,2.93,79,7.0,1.0,5972-11175,17.0,http://cu.edu/
Western State Colorado University,999,1336,1174,19,29,23.0,14620,Public University,July 1,2.88,75,7.0,0.0,5186-7761,15.0,http://western.edu/
Albertus Magnus College,1070,1377,1204,23,31,29.0,39924,Private College,March 1,3.44,85,6.0,1.0,8333-17131,34.0,http://albertus.edu/
Asnuntuck Community College,859,967,916,14,24,20.0,5970,Public Community College,March 1,2.38,68,5.5,1.0,1322-2431,16.0,http://asnuntuck.edu/
Connecticut College,1310,1460,1396,22,28,26.0,67420,Private College,July 1,3.35,87,7.0,1.0,5056-16784,36.0,http://conncoll.edu/
Eastern Connecticut State University,1110,1320,1200,21,25,24.0,13292,Public,March 1,3.44,71,6.0,1.0,2631-6161,24.0,http://easternct.edu/
Fairfield University,1240,1380,1323,19,24,20.5,56360,Public University,June 1,3.27,70,6.5,1.0,2916-7314,18.0,http://fairfield.edu/
Goodwin College,1145,1347,1266,21,27,24.0,33730,Private College,Rolling,3.64,82,6.0,1.0,6609-13688,31.0,http://goodwin.edu/
University of Hartford,1100,1280,1207,17,27,24.0,47647,Public University,January 15,3.2,73,6.5,1.0,4336-8737,19.0,http://hartford.edu/
Hartford Seminary,993,1232,1106,20,29,24.5,2000,Public University,July 1,3.05,75,7.0,1.0,2197-8852,23.0,http://hartsem.edu/
University of New Haven,1090,1260,1190,18,26,20.0,45730,Public University,June 1,3.05,80,6.5,1.0,5900-10613,25.0,http://newhaven.edu/
Queens University of Charlotte,922,1276,1092,19,26,21.5,14090,Public University,Rolling,2.84,80,6.0,1.0,3620-10126,15.0,http://quinnipiac.edu/
Queens University of Charlotte,922,1276,1092,19,26,21.5,14090,Public University,Rolling,2.84,80,6.0,1.0,3620-10126,15.0,http://queens.edu/
Quinebaug Valley Community College,862,1012,933,15,21,20.0,4840,Public Community College,Rolling,2.56,71,5.5,0.0,1070-2110,16.0,http://qvcc.edu/
Sacred Heart University,1007,1197,1096,17,24,22.5,48460,Public University,June 1,2.87,70,6.5,1.0,5961-11205,24.0,http://sacredheart.edu/
Southern Connecticut State University,959,1160,1072,19,22,19.5,12828,Public University,June 1,2.89,76,6.5,1.0,3968-8369,16.0,http://southernct.edu/
Three Rivers Community College,846,978,900,17,23,19.0,5440,Public Community College,February 1,2.43,61,6.5,1.0,1514-2347,12.0,https://threerivers.edu/
Trinity College,1310,1460,1396,22,31,27.5,67420,Private College,February 1,3.45,86,7.0,1.0,6566-15546,35.0,http://trincoll.edu/
Tunxis Community College,901,1057,986,17,24,19.5,10000,Public Community College,March 1,2.65,74,5.5,1.0,1125-1840,15.0,http://tunxis.edu/
University of Connecticut Health Center,959,1344,1164,17,25,23.0,13780,Public University,January 15,2.92,71,6.5,1.0,3807-9129,21.0,http://uchc.edu/
University of Connecticut,960,1180,1091,17,24,22.5,12460,Public University,June 1,2.87,70,6.5,1.0,3885-8250,20.0,http://uconn.edu/
University of Saint Joseph Connecticut,1102,1350,1225,20,23,21.5,48386,Public University,March 1,3.36,85,6.0,1.0,5817-10334,18.0,http://usj.edu/
Western Connecticut State University,840,1150,1044,19,28,22.5,12763,Public University,June 1,3.34,74,6.5,0.0,5577-10386,15.0,http://wcsu.edu/
Wesleyan University,1450,1540,1513,20,29,24.5,67316,Public University,July 1,2.87,75,7.0,1.0,5522-10638,24.0,http://wesleyan.edu/
Yale University,1500,1580,1534,18,26,20.0,64700,Public University,June 1,3.35,80,6.5,1.0,2999-8987,19.0,http://yale.edu/
American University,1300,1450,1392,18,22,18.5,56543,Public University,Rolling,2.96,84,6.0,0.0,4169-10915,16.0,http://american.edu/
Carnegie Institution for Science,1007,1249,1146,20,26,23.0,10000,Public University,June 1,3.01,80,6.5,1.0,3060-9045,22.0,http://carnegiescience.edu/
The Catholic University of America,1089,1279,1182,24,29,24.5,55834,Private University,June 1,3.18,76,6.5,1.0,8535-14538,25.0,http://cua.edu/
Gallaudet University,750,933,857,24,27,24.5,18382,Private,2025-12-01,3.62,83,6.0,1.0,7251-13385,32.0,http://gallaudet.edu/
Georgetown University,1390,1550,1494,17,26,23.5,65081,Public University,June 1,3.43,72,6.5,0.0,4131-9261,23.0,http://georgetown.edu/
The George Washington University,1050,1210,1134,21,22,21.5,12460,Public University,February 1,3.38,76,7.0,0.0,3763-6845,15.0,http://gwu.edu/
Howard University,1100,1298,1205,18,23,18.5,33344,Public University,March 1,3.06,77,6.0,1.0,2369-9220,23.0,http://howard.edu/
Johns Hopkins School of Advanced International Studies,1057,1353,1195,23,27,26.5,20910,Private,March 1,3.61,79,6.0,1.0,8951-15127,28.0,http://sais-jhu.edu/
University of California Washington Center,970,1208,1079,18,24,19.0,10000,Public University,Rolling,3.18,70,6.0,1.0,2522-5458,15.0,http://ucdc.edu/
University of the District of Columbia,993,1156,1056,21,28,25.5,6152,Public,February 1,3.15,82,7.0,1.0,2531-4734,16.0,http://udc.edu/
Delaware State University,860,1070,984,18,25,19.5,10314,Public University,2025-10-01,3.04,71,6.0,1.0,2647-5346,20.0,http://desu.edu/
Delaware Technical Community College,876,1081,998,16,23,17.5,4965,Public Community College,February 1,2.61,61,6.5,1.0,1468-2242,15.0,http://dtcc.edu/
Goldey-Beacom College,1173,1290,1214,23,27,26.5,13440,Private College,March 1,3.38,79,6.0,1.0,6732-18326,28.0,http://gbc.edu/
University of Delaware,860,1070,984,17,23,22.0,10314,Public University,January 15,3.2,85,6.5,1.0,4491-9075,25.0,http://udel.edu/
Wesley College,1013,1227,1139,24,31,25.5,10000,Private College,March 1,3.1,75,6.0,1.0,6273-10388,40.0,http://wesley.edu/
Wilmington University,1074,1290,1185,18,23,18.5,12330,Public University,July 1,3.08,77,7.0,1.0,3818-8805,16.0,http://wilmu.edu/
Carlos Albizu University,977,1275,1112,18,23,18.5,14090,Public University,January 15,3.22,85,6.5,0.0,2235-4347,22.0,http://albizu.edu/
Acupuncture Massage College,1065,1275,1161,20,30,24.0,11980,Private College,Rolling,3.62,78,6.0,1.0,5561-14491,27.0,http://amcollege.edu/
Atlantic Institute of Oriental Medicine,1050,1302,1167,19,25,21.0,30000,Public University,July 1,3.38,71,7.0,0.0,4627-11111,18.0,http://atom.edu/
Barry University,1119,1288,1208,19,23,20.0,33450,Public University,July 1,3.23,77,7.0,1.0,5960-8661,19.0,http://barry.edu/
Broward College,1099,1357,1238,21,22,21.5,2830,Public,Rolling,3.15,76,6.0,1.0,4182-10013,24.0,http://broward.edu/
College of Central Florida,1168,1233,1212,23,28,27.5,2710,Private College,March 1,3.4,75,6.0,1.0,6694-13557,40.0,http://cf.edu/
Chipola College,1031,1293,1171,21,30,25.5,3120,Private College,Rolling,3.16,78,6.0,1.0,7930-17742,27.0,http://chipola.edu/
Bethune-Cookman University,830,1000,913,20,24,22.0,14794,Public University,Rolling,3.16,60,6.0,1.0,5417-11257,22.0,http://cookman.edu/
Dade Medical College,1147,1225,1190,23,30,28.5,20220,Private College,June 1,3.57,86,6.5,0.0,7544-17636,35.0,http://dadmedical.edu/
Daytona State College,1084,1260,1185,17,23,22.0,3106,Public College,March 1,3.41,77,6.0,1.0,2115-6236,21.0,http://daytonastate.edu/
Eckerd College,1150,1336,1256,22,32,28.0,50374,Private College,June 1,3.45,88,6.5,1.0,8899-16165,37.0,http://eckerd.edu/
Edison State College,1045,1257,1151,18,25,19.5,24436,Public College,March 1,3.25,71,6.0,1.0,2876-6157,24.0,http://edison.edu/
Embry-Riddle Aeronautical University,1140,1350,1256,19,24,20.5,42304,Public University,February 1,2.88,70,7.0,1.0,3976-7781,25.0,http://erau.edu/
Everglades University,1117,1358,1244,19,29,23.0,20768,Public University,March 1,3.35,83,6.0,1.0,3389-5731,25.0,http://evergladesuniversity.edu/
Florida Atlantic University,1040,1210,1119,18,28,21.0,4879,Public,June 1,2.98,82,6.5,1.0,2895-8982,16.0,http://fau.edu/
Florida Gulf Coast University,1040,1210,1120,17,22,21.5,6118,Public,Rolling,3.14,76,6.0,1.0,3276-6479,24.0,http://fgcu.edu/
Florida Institute of Technology,1130,1320,1213,18,29,21.5,44360,Public University,January 15,3.42,83,6.5,1.0,4027-7201,15.0,http://fit.edu/
Florida International University,947,1162,1056,20,28,24.0,14180,Public,June 1,3.45,82,6.5,1.0,3891-6825,17.0,http://fiu.edu/
Flagler College,990,1200,1099,24,26,24.5,26610,Private College,February 1,3.51,80,7.0,1.0,5361-13363,29.0,http://flagler.edu/
Florida Southern College,1170,1310,1263,20,28,23.0,42360,Private College,July 1,3.14,79,7.0,1.0,6172-12818,28.0,http://flsouthern.edu/
Florida National University,1086,1261,1154,17,23,22.0,16088,Public University,July 1,3.12,77,7.0,1.0,2328-8143,23.0,http://fnu.edu/
Florida State College at Jacksonville,950,1293,1114,20,22,21.0,2878,Public College,2025-01-12,3.18,84,6.5,1.0,2122-6976,16.0,http://fscj.edu/
Florida State University,1240,1390,1323,20,29,24.5,5656,Public University,2025-01-15,3.48,80,6.5,1.0,4413-8738,19.0,http://fsu.edu/
Gulf Coast State College,1063,1230,1160,21,22,21.5,2370,Public College,Rolling,3.05,76,6.0,1.0,2697-9671,20.0,http://gulfcoast.edu/
Hillsborough Community College,793,964,862,18,24,21.0,2506,Public Community College,March 1,2.35,68,5.5,1.0,1399-2674,16.0,http://hccfl.edu/
Jacksonville University,1110,1260,1211,20,25,22.5,46180,Public University,July 1,3.36,71,7.0,1.0,2109-5650,20.0,http://ju.edu/
Keiser University,1007,1150,1092,20,22,21.0,24136,Public University,June 1,3.33,84,6.5,1.0,2458-5269,22.0,http://keiseruniversity.edu/
Loraines Academy Incorporated,1038,1178,1106,19,27,22.0,14100,Public University,July 1,3.39,81,7.0,1.0,4230-9457,23.0,http://lorainesacademy.edu/
Lake Sumter State College,969,1188,1076,18,22,18.5,3292,Public College,February 1,3.43,84,7.0,0.0,2534-6516,21.0,http://lssc.edu/
Lynn University,1030,1200,1136,21,28,25.5,42950,Public University,June 1,2.86,82,6.5,0.0,4951-8125,22.0,http://lynn.edu/
Millennia Atlantic University,1050,1261,1176,19,22,19.5,12978,Public University,February 1,3.38,76,7.0,1.0,4707-11350,18.0,http://maufl.edu/
Miami Dade College,1087,1358,1232,20,26,22.0,2838,Private College,July 1,3.6,89,7.0,1.0,6516-16471,38.0,http://mdc.edu/
University of Miami,1067,1213,1127,19,25,21.0,13128,Public University,January 15,3.14,71,6.5,1.0,5939-9941,20.0,http://miami.edu/
Miami International University of Art and Design,1094,1370,1215,24,32,26.0,31110,Private,February 1,3.58,86,7.0,0.0,8439-13276,35.0,http://mymiu.edu/
New College of Florida,1030,1250,1137,23,30,28.5,6916,Private College,June 1,3.23,82,6.5,1.0,5642-15398,31.0,http://ncf.edu/
North Florida Community College,825,969,907,16,23,17.5,10000,Public Community College,February 1,2.46,61,6.5,1.0,1603-2984,10.0,http://nfcc.edu/
Nova Southeastern University,1050,1310,1182,18,28,21.0,37080,Public University,2025-11-01,2.93,74,7.0,1.0,3880-7025,23.0,http://nova.edu/
National University of Health Sciences,932,1281,1106,17,26,23.5,1000,Public University,June 1,3.29,72,6.5,1.0,3372-9261,16.0,http://nuhs.edu/
Northwest Florida State College,929,1284,1124,20,27,23.5,3246,Public College,January 15,2.9,81,6.5,1.0,5662-9358,23.0,http://nwfsc.edu/
Palm Beach State College,1005,1245,1135,19,27,22.0,3050,Public College,July 1,2.89,81,7.0,1.0,2075-6606,25.0,http://palmbeachstate.edu/
Palm Beach Atlantic University,970,1210,1101,20,29,24.5,37990,Public University,March 1,3.31,83,6.0,1.0,5024-11410,17.0,http://pba.edu/
Pensacola State College,1039,1247,1141,21,23,22.5,2348,Public College,March 1,3.05,85,6.0,1.0,3406-8025,19.0,http://pensacolastate.edu/
Pasco-Hernando State College,1063,1298,1164,18,22,18.5,3155,Public College,Rolling,2.93,84,6.0,1.0,3512-8221,25.0,http://phsc.edu/
Ringling College of Art and Design,1012,1329,1188,20,29,23.5,55480,Private College,2025-05-79,3.28,86,6.0,1.0,5601-17582,35.0,http://ringling.edu/
Rollins College,1210,1360,1304,23,31,29.0,58300,Private College,2025-11-15,3.18,90,7.0,1.0,8526-19438,39.0,http://rollins.edu/
Saint Leo University,1055,1244,1150,21,23,22.5,28360,Public University,January 15,3.23,79,6.5,1.0,4610-8579,19.0,http://saintleo.edu/
State College of Florida,1074,1274,1185,21,22,21.5,3227,Public College,February 1,2.81,76,7.0,1.0,4899-9631,17.0,http://scf.edu/
Seminole State College of Florida,1090,1207,1156,19,29,23.0,3227,Public College,March 1,3.31,83,6.0,1.0,2680-7023,23.0,http://seminolestate.edu/
Santa Fe College,1135,1379,1263,24,31,25.5,2563,Private College,February 1,3.26,86,7.0,1.0,6374-13926,35.0,http://sfcollege.edu/
South Florida State College,1043,1360,1198,19,22,19.5,3401,Public College,June 1,3.13,76,6.5,1.0,2294-8099,24.0,http://southflorida.edu/
Space Coast Health Institute,964,1302,1147,20,28,24.0,9060,Public University,Rolling,3.28,82,6.0,1.0,4255-10443,24.0,http://spacecoast.edu/
Saint Petersburg College,1023,1220,1102,21,32,26.5,2682,Private College,2025-12-08,3.42,76,7.0,1.0,6493-14606,25.0,https://spcollege.edu/
Stetson University,1090,1290,1208,20,29,24.5,55220,Public University,July 1,3.18,75,7.0,0.0,3093-9118,19.0,https://stetson.edu/
Saint Thomas University,1014,1318,1158,21,27,25.0,34770,Public University,July 1,2.94,81,7.0,1.0,3666-9238,22.0,http://stu.edu/
Saint Vincent de Paul Regional Seminary,1106,1289,1192,20,26,23.0,2000,Public University,June 1,3.08,80,6.5,1.0,4092-6174,20.0,http://svdp.edu/
Traviss Career Center,1035,1170,1110,17,26,23.5,13800,Public University,February 1,2.89,72,7.0,0.0,3721-10601,23.0,http://traviss.edu/
University of Central Florida,1190,1350,1277,21,29,26.0,6368,Public University,2025-12-06,3.41,83,6.0,1.0,2922-9641,20.0,http://ucf.edu/
University of Florida,1240,1390,1323,19,23,20.0,5656,Public,July 1,3.3,85,7.0,1.0,4882-7004,18.0,http://ufl.edu/
University of North Florida,990,1210,1115,21,27,25.0,6389,Public University,2025-12-22,3.23,73,7.0,1.0,4751-7188,20.0,http://unf.edu/
University of South Florida,1140,1330,1235,17,26,23.5,6410,Public,June 1,2.83,72,6.5,1.0,4030-7246,21.0,http://usf.edu/
University of South Florida Sarasota-Manatee,1036,1250,1149,19,25,21.0,7860,Public,March 1,3.03,79,6.0,1.0,2885-7525,24.0,http://usfsm.edu/
University of South Florida Saint Petersburg,1040,1312,1158,21,29,26.0,10140,Public University,January 15,3.15,83,6.5,1.0,2484-6609,21.0,http://usfsp.edu/
University of Tampa,1014,1183,1090,20,26,23.0,33424,Public University,2025-06-01,2.8,80,7.0,1.0,2894-8214,18.0,http://ut.edu/
University of West Florida,1020,1230,1137,21,24,23.5,6360,Public University,2025-12-09,2.85,70,7.0,1.0,3054-7627,19.0,http://uwf.edu/
Valencia College,1177,1334,1276,23,30,28.5,2474,Private College,February 1,3.65,78,7.0,1.0,7191-15442,27.0,http://valenciacollege.edu/
Warner University,840,1070,937,20,26,23.0,28160,Public University,June 1,3.45,72,6.5,1.0,5614-8299,17.0,http://warner.edu/
Webber International University,971,1161,1071,18,25,19.5,32150,Public University,January 15,2.84,79,6.5,1.0,2668-5119,20.0,http://webber.edu/
Agnes Scott College,1180,1350,1296,20,29,23.5,48150,Private College,2025-11-01,3.1,88,6.5,1.0,6359-13769,37.0,http://agnesscott.edu/
Albany Technical College,1024,1349,1180,19,29,23.0,3196,Public Technical College,March 1,2.97,75,6.0,1.0,4767-11624,16.0,http://albanytech.edu/
Armstrong Atlantic State University,933,1348,1148,17,27,24.0,14150,Public University,July 1,3.28,73,7.0,1.0,3233-8526,19.0,http://armstrong.edu/
Atlanta Technical College,920,1305,1096,17,25,23.0,3164,Public Technical College,January 15,3.32,79,6.5,1.0,4547-8318,25.0,http://atlantatech.edu/
Atlanta Metropolitan State College,954,1278,1124,17,27,24.0,3105,Public College,July 1,3.25,73,7.0,1.0,3204-8443,18.0,http://atlm.edu/
Berry College,1100,1278,1223,23,28,27.5,40416,Private College,July 1,3.53,81,7.0,1.0,8774-17331,30.0,http://berry.edu/
Carver College,1126,1407,1278,21,27,24.0,22440,Private College,March 1,3.32,75,6.0,1.0,6426-12245,40.0,http://carver.edu/
Child Care Education Institute,963,1176,1072,20,26,23.0,9910,Public University,February 1,3.17,72,7.0,0.0,2269-6068,16.0,http://cceionline.edu/
Central Georgia Technical College,1093,1252,1180,19,26,21.5,3180,Public Technical College,Rolling,3.27,72,6.0,0.0,5823-12629,20.0,http://centralgatech.edu/
Clayton State University,868,1070,973,18,25,19.5,5068,Public University,2025-12-15,3.28,79,7.0,1.0,4067-8301,20.0,http://clayton.edu/
Columbus State University,860,1100,994,19,26,21.5,5751,Public University,Rolling,3.31,80,6.0,1.0,5823-10472,16.0,http://columbusstate.edu/
Columbus Technical College,1016,1299,1176,18,22,18.5,3042,Public Technical College,2025-06-22,3.35,76,6.5,1.0,2768-5519,18.0,http://columbustech.edu/
Covenant College,1130,1390,1254,21,27,24.0,40464,Private College,Rolling,3.33,84,6.0,1.0,5487-16220,33.0,http://covenant.edu/
Dalton State,1026,1154,1098,18,22,18.5,3283,Public University,February 1,3.41,76,7.0,1.0,5020-10325,19.0,http://daltonstate.edu/
Darton State College,965,1328,1150,19,25,21.0,12640,Public College,January 15,3.21,79,6.5,1.0,5508-8598,19.0,http://darton.edu/
East Georgia State College,947,1231,1100,20,26,23.0,2736,Public College,June 1,3.44,72,6.5,1.0,2281-5386,20.0,http://ega.edu/
Emory University,1460,1550,1507,21,29,26.0,60774,Public University,July 1,2.84,83,7.0,1.0,4009-7124,22.0,http://emory.edu/
Georgia Institute of Technology,1330,1530,1447,19,23,20.0,11764,Public,July 1,3.34,85,7.0,1.0,5279-10344,19.0,http://gatech.edu/
Georgia College,1060,1240,1150,20,26,23.0,8998,Public,Rolling,2.95,72,6.0,1.0,4521-11024,21.0,http://gcsu.edu/
Georgia Southern University,980,1160,1057,21,26,24.5,5905,Public University,2025-11-01,3.19,72,7.0,1.0,4518-7372,20.0,http://georgiasouthern.edu/
Georgia Gwinnett College,1021,1396,1210,23,29,28.0,4458,Private College,2025-05-01,3.55,69,6.5,1.0,8346-14244,31.0,http://ggc.edu/
Georgia Perimeter College,850,1100,963,24,28,24.5,2960,Private College,June 1,3.67,76,6.5,0.0,8313-17409,25.0,http://gpc.edu/
Augusta University,1020,1230,1113,20,27,23.5,8122,Public University,January 15,3.11,73,6.5,1.0,2390-9119,25.0,http://augusta.edu
Georgia State University,900,1130,998,21,28,25.5,4980,Public University,Rolling,3.35,82,6.0,1.0,2715-5276,22.0,http://gsu.edu/
Georgia South Western State University,1061,1355,1197,20,26,23.0,8930,Public University,June 1,3.04,72,6.5,1.0,4855-10333,20.0,http://gsw.edu/
Interactive College of Technology,1000,1314,1158,23,30,28.5,11330,Private College,March 1,3.14,81,6.0,1.0,8072-14167,30.0,http://ict.edu/
Atlanta’s John Marshall Law School,1019,1340,1172,18,26,20.0,8800,Public University,June 1,3.38,80,6.5,1.0,5956-11830,17.0,http://johnmarshall.edu/
Kennesaw State University,1020,1220,1120,17,29,25.0,5786,Public University,March 1,3.28,83,6.0,1.0,5112-8549,25.0,http://kennesaw.edu/
Lanier Technical College,1010,1204,1107,18,29,21.5,3716,Public Technical College,January 15,3.26,75,6.5,0.0,4296-10659,18.0,http://laniertech.edu/
Life University,900,1120,994,20,22,21.0,15036,Public University,2025-01-06,3.45,76,6.0,1.0,2057-7681,23.0,http://life.edu/
Mercer University,1180,1350,1280,17,24,22.5,40890,Public University,February 1,3.06,78,7.0,1.0,3316-9146,17.0,http://mercer.edu/
Middle Georgia State College,1118,1172,1161,20,28,24.0,10850,Public,June 1,3.08,82,6.5,1.0,5630-7940,16.0,http://mga.edu/
Morehouse College,1124,1323,1242,20,27,22.5,31725,Private College,2025-11-01,3.3,81,6.0,1.0,8519-19399,30.0,http://morehouse.edu/
Morehouse School of Medicine,985,1240,1122,21,27,25.0,67314,Public University,March 1,3.46,81,6.0,1.0,5267-10489,21.0,http://msm.edu/
North Georgia Technical College,1088,1339,1196,19,26,21.5,3132,Public Technical College,June 1,2.94,72,6.5,1.0,2235-8781,18.0,http://northgatech.edu/
Oglethorpe University,1106,1320,1230,20,27,23.5,45806,Public University,March 1,2.88,73,6.0,0.0,3909-10847,18.0,http://oglethorpe.edu/
Okefenokee Technical College,932,1256,1091,20,27,23.5,15170,Public Technical College,January 15,3.47,81,6.5,1.0,4929-9732,21.0,http://okefenokeetech.edu/
Paine College,1020,1412,1218,20,32,25.0,14596,Private College,2025-06-20,3.52,81,7.0,1.0,8563-16928,30.0,http://paine.edu/
Pfeiffer University,927,1239,1101,19,25,21.0,18115,Public University,2025-12-07,2.98,79,7.0,1.0,5176-8954,23.0,http://pfeiffer.edu/
Piedmont College,1118,1354,1237,24,26,24.5,3188,Private College,January 15,3.34,89,6.5,0.0,8350-18088,38.0,http://piedmont.edu/
Reinhardt University,1020,1248,1120,19,27,22.0,28420,Public University,July 1,3.14,81,7.0,1.0,3349-9860,16.0,http://reinhardt.edu/
Savannah State University,1103,1234,1156,18,25,19.5,5498,Public University,January 15,2.92,79,6.5,1.0,4585-10363,17.0,http://savannahstate.edu/
Savannah College of Art and Design,1050,1280,1178,20,31,24.5,40595,Private College,February 1,3.29,84,7.0,1.0,6511-14945,33.0,http://scad.edu/
Shorter University,900,1130,1075,17,27,24.0,24044,Public University,July 1,3.47,73,7.0,1.0,4885-10988,19.0,http://shorter.edu/
Southeastern Technical College,962,1354,1170,20,27,23.5,3172,Public Technical College,January 15,3.23,73,6.5,1.0,2529-5880,18.0,http://southeasterntech.edu/
Spelman College,1060,1270,1184,22,29,26.5,30058,Private College,June 1,3.11,80,6.5,1.0,6313-10825,29.0,http://spelman.edu/
Southern Polytechnic State University,1044,1313,1170,19,27,22.0,14910,Public University,July 1,2.9,73,7.0,1.0,2690-9240,24.0,http://spsu.edu/
Thomas University,970,1110,1037,20,22,21.0,11640,Public University,June 1,3.02,76,6.5,1.0,3865-9781,17.0,http://thomasu.edu/
University of Georgia,900,1130,998,21,29,26.0,4980,Public University,July 1,3.42,83,7.0,1.0,2310-6514,20.0,http://uga.edu/
University of North Georgia,1020,1215,1136,17,27,24.0,5009,Public,March 1,2.86,81,6.0,1.0,5630-8719,15.0,http://ung.edu/
University System of Georgia,1113,1297,1217,21,27,25.0,20000,Public,July 1,3.4,81,7.0,1.0,4992-7033,24.0,http://usg.edu/
Valdosta State University,950,1130,1037,21,29,26.0,6007,Public University,July 1,2.95,75,7.0,1.0,2156-4902,25.0,http://valdosta.edu/
University of West Georgia,930,1130,1044,17,27,24.0,5971,Public University,July 1,3.35,81,7.0,1.0,5506-8594,25.0,http://westga.edu/
Wiregrass Georgia Technical College,1054,1308,1179,17,26,23.5,3212,Public Technical College,Rolling,3.5,72,6.0,1.0,5896-10686,22.0,http://wiregrass.edu/
Brigham Young University Hawaii,985,1191,1104,17,22,21.5,6438,Public University,2025-12-12,3.26,84,7.0,1.0,5257-8354,24.0,http://byuh.edu/
Chaminade University,1085,1320,1155,19,22,19.5,29970,Public University,February 1,3.28,84,7.0,1.0,4989-10225,16.0,http://chaminade.edu/
University of Hawaii at Manoa,1020,1240,1157,18,25,19.5,12186,Public University,March 1,2.92,71,6.0,1.0,4542-8036,19.0,http://hawaii.edu/
Mid-Pacific Institute,1087,1230,1142,17,26,23.5,10250,Public University,Rolling,2.96,80,6.0,1.0,5321-9103,18.0,http://midpac.edu/
AIB College of Business,1051,1370,1202,23,31,29.0,37840,Private College,July 1,3.41,87,7.0,1.0,7338-17410,36.0,http://aib.edu/
Central College,935,1205,1115,21,26,23.5,20988,Private College,March 1,3.61,75,6.0,1.0,6289-11610,40.0,http://central.edu/
Coe College,1080,1280,1206,21,32,26.5,52576,Private College,Rolling,3.69,82,6.0,1.0,8750-17815,31.0,http://coe.edu/
Cornell College,1150,1318,1246,22,31,27.5,50634,Private College,June 1,3.58,78,6.5,1.0,8856-15687,27.0,http://cornellcollege.edu/
Des Moines Area Community College,923,1040,984,14,19,17.5,5550,Public Community College,June 1,2.3,75,6.0,1.0,1611-2564,11.0,http://dmacc.edu/
Dordt College,1005,1228,1132,21,28,24.5,10000,Private College,June 1,3.3,84,6.5,1.0,7079-18422,33.0,http://dordt.edu/
Drake University,1190,1390,1288,22,30,27.0,49944,Private,July 1,3.24,77,7.0,1.0,6334-15698,26.0,http://drake.edu/
Divine Word College,1049,1293,1161,20,30,24.0,15000,Private College,Rolling,3.68,86,6.0,1.0,6328-15132,35.0,http://dwci.edu/
Eastern Iowa Community Colleges,841,1046,932,16,24,18.0,4680,Public Community College,March 1,2.32,74,5.5,1.0,817-2158,15.0,http://eicc.edu/
Grinnell College,1418,1550,1486,20,29,23.5,64862,Private College,2025-05-01,3.5,62,7.0,1.0,5150-10404,31.0,http://grinnell.edu/
Hawkeye Community College,956,1082,1004,15,22,20.5,6308,Public Community College,2025-06-15,2.63,66,6.0,1.0,1795-2434,13.0,http://hawkeyecollege.edu/
Iowa State University,1110,1350,1199,18,22,18.5,10497,Public University,June 1,3.22,76,6.5,1.0,4233-10284,24.0,http://iastate.edu/
Iowa Central Community College,980,1087,1026,16,19,16.5,5376,Public Community College,June 1,2.66,69,6.0,1.0,1748-3318,15.0,http://iowacentral.edu/
Iowa Wesleyan College,1077,1412,1226,22,30,27.0,27010,Private College,February 1,3.35,90,7.0,1.0,8338-18416,39.0,http://iwc.edu/
Iowa Western Community College,780,930,859,16,20,16.5,6780,Public Community College,July 1,2.67,64,6.5,1.0,1224-2375,16.0,http://iwcc.edu/
Kaplan University,1089,1308,1214,20,28,24.0,10000,Public University,February 1,3.43,74,7.0,1.0,3095-7653,24.0,http://kaplanuniversity.edu/
Kirkwood Community College,932,1104,1033,17,19,17.5,5980,Public Community College,June 1,2.36,69,6.0,1.0,945-2409,10.0,http://kirkwood.edu/
La’ James College,1147,1253,1186,22,27,25.5,6495,Private College,July 1,3.37,75,7.0,1.0,8410-12500,40.0,http://lajames.edu/
Loras College,1097,1287,1173,22,32,28.0,38298,Private College,March 1,3.26,77,6.0,1.0,5587-14694,26.0,http://loras.edu/
Luther College,1098,1318,1238,23,29,28.0,50320,Private College,June 1,3.46,88,6.5,1.0,5800-15037,37.0,http://luther.edu/
Maharishi University of Management,1119,1237,1179,18,25,19.5,13580,Public University,July 1,2.99,71,7.0,0.0,3717-9172,24.0,http://mum.edu/
Northeast Iowa Community  College,1026,1392,1201,24,30,25.0,6600,Private College,Rolling,3.7,84,6.0,1.0,5229-14222,33.0,http://nicc.edu/
Palmer College of Chiropractic,1005,1407,1208,23,31,29.0,26940,Private College,Rolling,3.23,86,6.0,1.0,6439-13473,35.0,http://palmer.edu/
Saint Ambrose University,1022,1328,1175,17,23,22.0,35598,Public University,January 15,2.96,85,6.5,1.0,3532-6100,21.0,http://sau.edu/
Simpson College,1050,1406,1247,24,26,24.5,46212,Private College,February 1,3.57,86,7.0,1.0,8580-19333,35.0,http://simpson.edu/
Southwestern Community College,938,1168,1044,15,19,18.5,7024,Public Community College,June 1,2.39,69,6.0,1.0,1689-2318,12.0,http://swcciowa.edu/
Southwestern Community College,938,1168,1044,15,19,18.5,7024,Public Community College,June 1,2.39,69,6.0,1.0,1689-2318,12.0,http://southwesterncc.edu/
Univeristy of Iowa,1009,1264,1118,19,27,22.0,10610,Public,March 1,3.19,81,6.0,1.0,3598-10404,22.0,http://uiowa.edu/
Upper Iowa University,970,1160,929,18,27,20.5,19000,Public University,March 1,3.42,73,6.0,0.0,5875-9552,21.0,http://uiu.edu/
University of Northern Iowa,860,1210,1120,20,28,24.0,9728,Public,June 1,2.95,82,6.5,1.0,5673-10740,18.0,http://uni.edu/
Wartburg College,978,1235,1136,24,28,24.5,51040,Private College,March 1,3.39,75,6.0,1.0,7908-19118,40.0,http://wartburg.edu/
Waldorf College,1075,1288,1192,21,31,26.0,10000,Private College,June 1,3.51,78,6.5,1.0,8547-17898,27.0,http://waldorf.edu/
Boise State University,1099,1334,1212,20,25,22.5,8782,Public University,March 1,3.43,71,6.0,1.0,4732-7251,17.0,http://boisestate.edu/
Brigham Young University Idaho,980,1200,1123,21,27,25.0,4656,Public University,2025-12-25,3.43,81,7.0,1.0,3989-10284,22.0,http://byui.edu/
The College of Idaho,1080,1270,1166,24,31,25.5,36030,Private College,February 1,3.68,84,7.0,1.0,6664-17786,33.0,http://collegeofidaho.edu/
College of Southern Idaho,1006,1404,1205,23,32,29.5,3360,Private College,Rolling,3.24,80,6.0,1.0,5772-11645,29.0,http://csi.edu/
Idaho State University,1059,1299,1190,19,28,22.5,8356,Public University,February 1,3.09,82,7.0,1.0,3762-8560,24.0,http://isu.edu/
University of Idaho,1072,1248,1154,17,26,23.5,8356,Public,2025-09-24,3.01,72,6.0,1.0,4257-7175,22.0,http://uidaho.edu/
Augustana College,1010,1250,1133,21,30,25.5,49834,Private College,February 1,3.31,76,7.0,1.0,8087-17241,25.0,http://augustana.edu/
Aurora University,930,1133,1072,17,25,23.0,28220,Public University,March 1,3.09,79,6.0,1.0,5749-11364,25.0,http://aurora.edu/
Benedictine University,1116,1357,1230,19,29,23.0,34290,Public University,July 1,2.97,83,7.0,0.0,5366-8175,23.0,http://ben.edu/
Bradley University,1090,1300,1237,21,29,25.0,39680,Private,February 1,3.23,78,7.0,1.0,8529-14686,27.0,http://bradley.edu/
City Colleges of Chicago,1106,1254,1194,22,26,25.0,4380,Private College,2025-09-14,3.55,78,6.0,1.0,5769-14597,27.0,http://ccc.edu/
The University of Chicago Booth School of Business,1065,1330,1190,23,28,27.5,23200,Private,June 1,3.55,88,6.5,1.0,8303-13535,37.0,http://chicagobooth.edu/
College of Lake County,1099,1375,1229,20,28,23.0,4494,Private College,June 1,3.52,90,6.5,1.0,5123-12245,39.0,http://clcillinois.edu/
College of DuPage,1178,1319,1240,20,26,22.0,4320,Private College,February 1,3.64,84,7.0,1.0,6791-18573,33.0,http://cod.edu/
Columbia College Chicago,1154,1370,1266,23,29,28.0,32520,Private College,February 1,3.12,80,7.0,1.0,7523-19203,29.0,http://colum.edu/
Danville Area Community College,824,982,894,16,22,17.0,5300,Public Community College,January 15,2.57,66,6.0,1.0,973-1694,10.0,http://dacc.edu/
DePaul University,1130,1340,1254,24,30,25.0,44460,Private,2025-12-07,3.37,86,6.5,1.0,8711-14918,35.0,http://depaul.edu/
Dominican University,934,1140,1022,19,23,20.0,37844,Public University,2025-07-01,3.15,85,7.0,1.0,5947-7961,16.0,http://dom.edu/
Eastern Illinois University,890,1110,1010,20,28,24.0,13403,Public University,February 1,2.91,82,7.0,1.0,5406-10729,25.0,http://eiu.edu/
Elmhurst College,1066,1330,1188,22,29,26.5,32920,Private College,January 15,3.36,89,6.5,1.0,7490-13262,38.0,http://elmhurst.edu/
Governors State,1088,1182,1117,19,25,21.0,11320,Public,January 15,3.04,71,6.5,1.0,2314-5212,19.0,http://govst.edu/
Greenville College,1088,1288,1197,24,29,24.5,32120,Private College,June 1,3.15,76,6.5,1.0,5457-12699,25.0,http://greenville.edu/
The Hadley School for the Blind,1074,1280,1191,19,26,21.5,12170,Public University,February 1,2.88,80,7.0,1.0,3070-9425,17.0,http://hadley.edu/
Harper College,1082,1296,1203,20,30,24.0,3822,Private College,March 1,3.44,87,6.0,1.0,7599-17117,36.0,http://harpercollege.edu/
Heartland Community College,818,1008,895,17,19,17.5,5460,Public Community College,June 1,2.54,69,6.0,1.0,1187-2782,14.0,http://heartland.edu/
Illinois Central College,1179,1248,1210,24,28,24.5,4650,Private College,March 1,3.13,75,6.0,0.0,8805-13904,40.0,http://icc.edu/
Illinois College of Optometry,1124,1312,1208,21,29,25.0,24060,Private College,June 1,3.33,80,6.5,1.0,8085-18015,29.0,http://ico.edu/
Illinois Institute of Technology,1180,1410,1296,17,27,24.0,51763,Public University,March 1,3.33,81,6.0,1.0,5675-8629,19.0,http://iit.edu/
University of Illinois at Urbana-Champaign,1270,1510,1418,21,25,24.0,16004,Public University,January 15,3.35,71,6.5,1.0,4939-11395,17.0,http://illinois.edu/
University of Illinois at Urbana-Champaign,1270,1510,1418,21,25,24.0,16004,Public University,January 15,3.35,71,6.5,1.0,4939-11395,17.0,http://illinois.edu/
Illinois State University,1010,1230,1127,21,23,22.5,16021,Public,January 15,3.49,85,6.5,1.0,4647-7194,18.0,http://illinoisstate.edu/
Illinois Mathematics and Science Academy,1099,1177,1145,19,22,19.5,14850,Public University,Rolling,3.11,84,6.0,1.0,5249-8551,25.0,http://imsa.edu/
Illinois Valley Community College,878,1094,978,16,19,16.5,4060,Public Community College,June 1,2.33,63,6.0,1.0,1535-2324,12.0,http://ivcc.edu/
Illinois Wesleyan University,1140,1330,1242,18,26,20.0,55704,Public University,June 1,3.17,72,6.5,1.0,2438-5849,16.0,http://iwu.edu/
John A. Logan College,1127,1376,1268,20,26,22.0,4630,Private College,February 1,3.21,86,7.0,1.0,5565-16633,35.0,http://jalc.edu/
Joliet Junior College,1160,1420,1292,20,28,23.0,4530,Private College,June 1,3.6,90,6.5,1.0,5763-12108,39.0,http://jjc.edu/
The John Marshall Law School,989,1206,1108,17,29,25.0,12450,Public University,January 15,3.04,83,6.5,1.0,4382-7205,16.0,http://jmls.edu/
Judson University,860,1080,985,20,27,23.5,30910,Public University,January 15,3.41,81,6.5,1.0,3434-9074,18.0,http://judsonu.edu/
Kaskaskia College,1166,1263,1226,23,27,26.5,4800,Private College,March 1,3.21,79,6.0,1.0,7610-14563,28.0,http://kaskaskia.edu/
Kankakee Community College,909,1088,1002,17,20,17.5,5070,Public Community College,July 1,2.52,64,6.5,1.0,1533-3025,10.0,http://kcc.edu/
IIT Chicago-Kent College of Law,1082,1368,1215,22,30,27.0,21890,Private College,March 1,3.27,77,6.0,1.0,8640-17045,26.0,http://iit.edu/
Kishwaukee College,1086,1278,1192,24,27,24.5,4980,Private College,Rolling,3.1,86,6.0,1.0,8174-18025,35.0,http://kishwaukeecollege.edu/
Knox College,1120,1385,1250,21,29,25.0,55587,Private College,July 1,3.13,79,7.0,1.0,7970-18789,28.0,http://knox.edu/
Lake Forest College,1170,1365,1309,24,27,24.5,54202,Private College,January 15,3.57,79,6.5,1.0,8865-17148,28.0,http://lakeforest.edu/
Lakeview College of Nursing,1048,1304,1185,22,27,25.5,20760,Private College,February 1,3.26,90,7.0,1.0,6062-17166,39.0,http://lakeviewcol.edu/
Lewis and Clark Community College,881,1021,936,15,22,20.5,3552,Public Community College,January 15,2.42,66,6.0,1.0,1396-2916,13.0,http://lc.edu/
Lewis University,990,1220,1117,21,24,23.5,37882,Public University,February 1,2.89,70,7.0,0.0,3939-10225,23.0,http://lewisu.edu/
Lincoln Land Community College,815,1000,894,17,19,17.5,3672,Public Community College,June 1,2.24,69,6.0,1.0,1042-2286,16.0,http://llcc.edu/
Loyola University Chicago,1160,1340,1283,19,29,23.0,51716,Public University,July 1,3.3,83,7.0,0.0,4539-10852,16.0,http://luc.edu/
Midwestern Career College,1040,1375,1196,22,32,28.0,39970,Private College,June 1,3.69,76,6.5,1.0,6522-11667,25.0,http://mccollege.edu/
McHenry County College,1095,1238,1184,23,27,26.5,4012,Private College,February 1,3.39,84,7.0,1.0,8912-19638,33.0,http://mchenry.edu/
McKendree University,1126,1241,1194,20,30,24.0,34070,Private,February 1,3.28,80,7.0,1.0,5121-16879,29.0,http://mckendree.edu/
Midwestern University,1013,1319,1148,19,24,20.5,15190,Public University,June 1,3.24,70,6.5,1.0,4392-11187,17.0,http://midwestern.edu/
Monmouth College,1010,1230,1128,22,26,25.0,43520,Private College,June 1,3.17,82,6.5,1.0,8156-20015,31.0,http://monmouthcollege.edu/
Moraine Valley Community College,803,923,857,16,19,16.5,3822,Public,June 1,2.54,75,6.0,1.0,1621-3121,14.0,http://morainevalley.edu/
Morton College,1027,1256,1130,22,30,27.0,4884,Private College,February 1,3.47,78,7.0,1.0,6820-17045,27.0,http://morton.edu/
Northeastern Illinois University,1000,1267,1120,20,23,21.5,12383,Public,March 1,2.91,77,6.0,1.0,5276-11380,20.0,http://neiu.edu/
Northern Illinois University,1050,1304,1176,17,29,25.0,12700,Public University,July 1,3.03,75,7.0,1.0,4324-10832,22.0,http://niu.edu/
National Louis University,1055,1189,1140,19,25,21.0,12345,Public University,January 15,3.05,72,6.0,1.0,3938-10076,19.0,http://nl.edu/
North Park University,1032,1341,1202,17,28,24.5,35325,Public University,2025-05-01,3.06,82,7.0,1.0,4895-8634,21.0,http://northpark.edu/
Northwestern University,1490,1560,1526,18,27,20.5,65997,Public University,July 1,3.34,73,7.0,1.0,2062-4655,18.0,http://northwestern.edu/
Oakton Community College,873,1108,1006,17,23,19.0,80000,Public Community College,February 1,2.55,61,6.5,1.0,1596-2341,10.0,http://oakton.edu/
Olivet Nazarene University,960,1190,1103,20,22,21.0,37940,Public University,June 1,3.01,84,6.5,1.0,2646-5175,20.0,http://olivet.edu/
Chicago ORT Technical Institute,974,1332,1149,20,26,23.0,13650,Public Technical College,June 1,2.82,72,6.5,1.0,3639-8688,16.0,http://ortchicagotech.edu/
Parkland College,1174,1282,1216,24,30,25.0,4284,Private College,June 1,3.17,76,6.5,1.0,5356-16813,25.0,http://parkland.edu/
Prairie State College,977,1339,1145,18,23,18.5,4176,Public College,January 15,3.28,77,6.5,1.0,3630-6297,21.0,http://prairiestate.edu/
Principia College,1040,1250,1096,24,31,25.5,33280,Private College,2025-05-01,3.57,76,7.0,1.0,5671-15470,25.0,http://principiacollege.edu/
Resurrection University,1083,1416,1236,21,32,26.5,29880,Private,Rolling,3.1,76,6.0,1.0,7402-18714,25.0,http://resu.edu/
Robert Morris University Illinois,946,1284,1128,17,27,24.0,11470,Public University,March 1,3.37,55,6.0,1.0,3641-9385,21.0,http://robertmorris.edu/
Rockford University,850,1070,984,19,28,22.5,37300,Public University,2025-03-01,3.1,74,6.5,1.0,4066-6991,17.0,http://rockford.edu/
Rock Valley College,1110,1290,1218,23,28,27.5,4274,Private College,March 1,3.44,81,6.0,1.0,8667-13850,30.0,http://rockvalleycollege.edu/
Roosevelt University,820,1090,1000,19,29,23.0,20280,Public University,2025-04-15,3.27,75,6.5,1.0,3924-9651,15.0,http://roosevelt.edu/
Rosalind Franklin University,1070,1277,1182,18,23,18.5,10000,Public University,January 15,3.03,85,6.5,1.0,2903-5654,15.0,http://rosalindfranklin.edu/
Saint Anthony College of Nursing,1019,1377,1180,22,26,25.0,27811,Private College,March 1,3.1,77,6.0,0.0,7861-13959,26.0,http://sacn.edu/
School of the Art Institute of Chicago,1006,1325,1146,21,24,23.5,54530,Public University,Rolling,3.36,70,6.0,1.0,2889-6107,22.0,http://saic.edu/
Saint Francis Medical Center College of Nursing,1112,1417,1282,20,28,23.0,41920,Private College,January 15,3.26,77,6.5,1.0,6741-15102,26.0,http://sfmccon.edu/
Shawnee Community College,892,1128,1025,18,21,19.5,4650,Public Community College,Rolling,2.29,71,5.5,1.0,1079-1909,11.0,http://shawneecc.edu/
Southeastern Illinois College,1010,1374,1195,21,30,25.5,4320,Private College,Rolling,3.15,88,6.0,1.0,7208-11245,37.0,http://sic.edu/
Southern Illinois University,910,1140,1060,17,28,24.5,13244,Public University,2025-11-04,3.11,74,6.5,1.0,5726-8696,20.0,http://siu.edu/
Southern Illinois University Edwardsville,900,1160,1063,18,26,20.0,12922,Public University,Rolling,3.16,80,6.0,1.0,3963-6482,19.0,http://siue.edu/
Spoon River College,1158,1418,1273,24,32,26.0,5580,Private College,February 1,3.6,80,7.0,1.0,8307-13480,29.0,http://src.edu/
South Suburban College,1114,1395,1264,20,27,22.5,5093,Private College,Rolling,3.13,84,6.0,1.0,5442-15944,33.0,http://ssc.edu/
University of Saint Francis,992,1255,1144,21,27,25.0,10000,Public University,January 15,2.96,81,6.5,1.0,4870-9103,21.0,http://stfrancis.edu/
Southwestern Illinois College,1084,1322,1211,23,32,29.5,3870,Private,February 1,3.26,80,7.0,1.0,5337-16369,29.0,http://swic.edu/
Saint Xavier University,1050,1284,1186,18,22,18.5,36840,Public University,February 1,3.41,76,7.0,1.0,4645-7427,15.0,http://scu.edu/
Trinity Christian College,1050,1200,1154,20,30,24.0,20325,Private College,June 1,3.54,82,6.5,1.0,8688-14748,31.0,http://trnty.edu/
University of Chicago,1120,1340,1242,21,22,21.5,14338,Public University,Rolling,3.29,76,6.0,1.0,2145-6587,18.0,http://uchicago.edu/
University of Illinois at Chicago,1120,1340,1242,21,22,21.5,14338,Public,Rolling,2.89,76,6.0,1.0,4645-7563,15.0,http://uic.edu/
University of Illinois,1270,1510,1418,18,29,21.5,16004,Public,2025-03-20,2.81,83,7.0,1.0,3370-5888,21.0,http://uillinois.edu/
University of Illinois Springfield,1010,1210,1118,17,26,23.5,12252,Public,June 1,3.12,72,6.5,1.0,3059-7856,22.0,http://uis.edu/
University of Illinois at Urbana-Champaign,1270,1510,1418,21,25,24.0,16004,Public University,January 15,3.35,71,6.5,1.0,4939-11395,17.0,http://illinois.edu/
University of Illinois at Urbana-Champaign,1270,1510,1418,21,25,24.0,16004,Public University,January 15,3.35,71,6.5,1.0,4939-11395,17.0,http://illinois.edu/
Waubonsee Community College,831,971,919,14,23,19.5,3432,Public Community College,February 1,2.43,67,6.5,0.0,1718-2698,13.0,http://waubonsee.edu/
Wheaton College,1260,1440,1363,22,32,28.0,43930,Private College,January 15,3.64,77,6.5,1.0,5018-15035,26.0,http://wheaton.edu/
Western Illinois University,999,1299,1142,21,26,24.5,14952,Public University,2025-08-01,3.48,72,7.0,1.0,5166-8467,20.0,http://wiu.edu/
Saint John’s College,1095,1367,1237,21,26,23.5,10000,Private College,February 1,3.2,86,7.0,1.0,8016-13519,35.0,http://stjohnscollegespringfield.edu/
Saint John’s College,1095,1367,1237,21,26,23.5,75000,Private College,February 1,3.2,86,7.0,1.0,8016-13519,35.0,http://sjc.edu/
Anabaptist Mennonite Biblical Seminary,1110,1282,1198,18,25,19.5,14170,Public University,July 1,3.28,71,7.0,1.0,2775-7369,17.0,http://ambs.edu/
Anderson University,940,1170,1054,20,24,22.0,35640,Public University,June 1,3.44,70,6.5,1.0,2793-5823,18.0,http://anderson.edu/
Anderson University,940,1170,1054,20,24,22.0,35640,Public University,June 1,3.44,70,6.5,0.0,2793-5823,18.0,http://andersonuniversity.edu/
Bethel College Indiana,1148,1260,1199,20,26,22.0,10000,Private College,Rolling,3.55,80,6.0,1.0,8888-18115,29.0,http://bethelcollege.edu/
Brown Mackie College,1124,1374,1261,21,26,23.5,10000,Private College,March 1,3.33,89,6.0,1.0,5746-16884,38.0,http://brownmackie.edu/
Ball State University,1080,1250,1172,20,26,23.0,10758,Public University,2025-12-13,3.27,72,6.5,1.0,5602-12241,18.0,http://bsu.edu/
Butler University,1180,1360,1282,18,23,18.5,45980,Public University,March 1,3.02,85,6.0,1.0,3416-10213,20.0,http://butler.edu/
DePauw University,1140,1430,1287,18,26,20.0,57070,Public University,Rolling,3.24,80,6.0,1.0,2000-6334,22.0,http://depauw.edu/
Earlham College,1178,1363,1250,20,31,24.5,51840,Private College,Rolling,3.25,82,6.0,0.0,6539-12271,31.0,http://earlham.edu/
University of Evansville,1132,1276,1197,21,27,24.0,42676,Private,June 1,3.49,86,6.5,1.0,8229-19116,35.0,http://evansville.edu/
Goshen College,850,1133,1049,23,32,29.5,37760,Private College,January 15,3.57,81,6.5,1.0,8670-15600,30.0,http://goshen.edu/
Grace College and Seminary,950,1200,1088,24,31,25.5,30034,Private College,Rolling,3.23,90,6.0,1.0,7608-16112,39.0,http://grace.edu/
Hanover College,1070,1240,1197,23,28,27.5,42894,Private College,February 1,3.58,86,7.0,1.0,8705-13587,35.0,http://hanover.edu/
Harrison College,1004,1391,1186,23,29,28.0,10000,Private College,July 1,3.15,79,7.0,1.0,8255-14874,28.0,http://harrison.edu/
Holy Cross College,980,1300,1229,23,29,28.0,35500,Private College,January 15,3.12,75,6.5,1.0,7762-16726,40.0,http://hcc-nd.edu/
Indiana University,1045,1356,1204,20,27,23.5,9992,Public University,March 1,3.02,73,6.0,1.0,3625-6396,23.0,http://indiana.edu/
Indiana University,1045,1356,1204,20,27,23.5,9992,Public University,March 1,3.02,73,6.0,1.0,3625-6396,23.0,http://iu.edu/
Indiana State University,925,1257,1102,21,22,21.5,9992,Public University,Rolling,3.4,84,6.0,1.0,5076-9971,15.0,http://indstate.edu/
Indiana Wesleyan University,970,1180,1074,17,27,24.0,31168,Public University,January 15,2.93,73,6.5,1.0,2425-8746,24.0,http://indwes.edu/
Indiana University – Purdue University Fort Wayne,1086,1197,1150,20,27,23.5,675000,Public,July 1,2.92,81,7.0,1.0,3190-5411,22.0,http://ipfw.edu/
Indiana University,1045,1356,1204,20,27,23.5,9992,Public University,March 1,3.02,73,6.0,1.0,3625-6396,23.0,http://indiana.edu/
Indiana University,1045,1356,1204,20,27,23.5,9992,Public University,March 1,3.02,73,6.0,1.0,3625-6396,23.0,http://iu.edu/
Indiana University Bloomington,1170,1400,1308,17,24,22.5,11790,Public University,June 1,2.91,70,6.5,1.0,3665-8723,15.0,http://iub.edu/
Indiana University East,1010,1220,1135,18,25,19.5,8179,Public University,2025-12-08,3.5,79,7.0,1.0,2694-5980,19.0,http://iue.edu/
Indiana University Northwest,940,1170,1067,19,29,23.0,8179,Public University,July 1,2.97,83,7.0,1.0,3797-6645,17.0,http://iun.edu/
Indiana University – Purdue University Indianapolis,986,1202,1102,18,29,21.5,7400,Public,January 15,2.87,75,6.5,1.0,5122-11359,15.0,http://iupui.edu/
Indiana University Southeast,1010,1190,1097,20,23,21.5,8179,Public University,January 15,3.07,85,6.5,1.0,2886-7587,20.0,http://ius.edu/
Indiana University South Bend,970,1170,1072,21,25,24.0,8179,Public University,January 15,3.23,71,6.5,1.0,2731-6310,23.0,http://iusb.edu/
Ivy Tech Community College,887,1057,964,17,22,18.5,4912,Public Community College,2025-06-01,2.33,78,6.0,1.0,1244-1897,15.0,http://ivytech.edu/
Manchester University,996,1248,1131,17,29,25.0,37090,Public University,July 1,3.22,75,7.0,1.0,3126-9127,23.0,http://manchester.edu/
Marian University Indianapolis,1111,1234,1162,17,26,23.5,14440,Public University,Rolling,2.94,80,6.0,1.0,4298-11056,22.0,http://marian.edu/
University of Notre Dame,1440,1540,1510,21,26,24.5,62693,Public,Rolling,3.32,72,6.0,1.0,5202-8489,22.0,http://nd.edu/
Oakland City University,1095,1242,1176,20,28,24.0,27150,Public University,February 1,3.45,158,7.0,0.0,2610-8875,15.0,http://oak.edu/
Purdue University North Central,1082,1282,1182,20,28,24.0,9520,Public University,June 1,3.16,82,6.5,1.0,4634-6899,18.0,http://pnc.edu/
Purdue University,960,1190,1078,18,24,19.0,9254,Public,Rolling,3.44,70,6.0,1.0,3370-9543,17.0,http://purdue.edu/
Purdue University Calumet,1046,1305,1184,19,28,22.5,14790,Public University,June 1,3.08,82,6.5,1.0,4935-9000,23.0,http://purduecal.edu/
Rose-Hulman Institute of Technology,1280,1470,1389,21,29,26.0,56674,Public University,March 1,3.24,83,6.0,1.0,2328-6617,16.0,http://rose-hulman.edu/
Saint Mary’s College,875,1070,966,24,32,26.0,33490,Private College,2025-11-15,3.69,80,7.0,1.0,6227-10686,38.0,http://stmarys-ca.edu/
Saint Mary’s College,875,1070,966,24,32,26.0,33490,Private College,2025-11-15,3.69,80,7.0,1.0,6227-10686,38.0,http://saintmarys.edu/
Trine University,970,1268,1122,18,24,19.0,35600,Public University,Rolling,3.46,78,6.0,1.0,2908-7179,25.0,http://trine.edu/
University of Indianapolis,1040,1230,1146,20,27,22.5,10449,Private,February 1,3.16,82,7.0,1.0,8669-13221,31.0,http://uindy.edu/
University of Southern Indiana,1020,1220,1131,21,28,25.5,10136,Public University,2025-12-01,2.92,74,6.0,1.0,5018-10711,20.0,http://usi.edu/
Valparaiso University,1080,1310,1226,21,24,23.5,46588,Public University,February 1,3.34,78,7.0,1.0,5336-12135,16.0,http://valpo.edu/
Wabash College,1100,1300,1210,24,31,25.5,49125,Private College,July 1,3.57,81,7.0,1.0,8443-19460,30.0,http://wabash.edu/
Benedictine College,1117,1310,1244,21,28,24.5,34800,Private College,January 15,3.34,75,6.5,1.0,6049-16111,40.0,http://benedictine.edu/
Butler Community College,926,1068,986,14,19,17.5,3556,Public Community College,June 1,2.66,63,6.0,1.0,1643-2699,15.0,http://butlercc.edu/
Emporia State University,1070,1267,1178,20,26,23.0,7356,Public University,June 1,2.82,80,6.5,1.0,2912-7271,18.0,http://emporia.edu/
Fort Hays State University,954,1168,1050,20,28,24.0,10000,Public University,February 1,3.14,82,7.0,1.0,3544-9620,20.0,http://fhsu.edu/
Flint Hills Technical College,1084,1200,1160,19,29,23.0,6196,Public,March 1,2.88,83,6.0,1.0,5094-10331,24.0,http://fhtc.edu/
Fort Scott Community College,876,984,930,17,23,19.0,3240,Public Community College,February 1,2.22,61,6.5,1.0,1784-3416,16.0,http://fortscott.edu/
Garden City Community College,843,1009,946,17,20,17.5,3570,Public Community College,July 1,2.67,76,6.5,1.0,1429-3155,11.0,http://gcccks.edu/
Hesston College,1060,1222,1158,23,29,28.0,31368,Private College,June 1,3.39,90,6.5,1.0,6271-10468,39.0,http://hesston.edu/
Highland Community College,813,1060,928,15,23,21.0,4116,Public Community College,February 1,2.52,61,6.0,1.0,1734-3075,15.0,http://highlandcc.edu/
Johnson County Community College,907,1079,975,17,21,18.0,2328,Public Community College,Rolling,2.59,77,5.5,0.0,868-2190,10.0,http://jccc.edu/
Kansas City Kansas Community College,923,1073,1000,17,19,17.5,3150,Public Community College,June 1,2.3,69,6.0,1.0,1350-2779,16.0,http://kckcc.edu/
Kansas State University,1108,1185,1138,18,25,19.5,13510,Public University,March 1,3.27,79,6.0,1.0,5897-11302,19.0,http://k-state.edu/
The University of Kansas,954,1287,1122,19,27,22.0,14330,Public University,July 1,3.13,73,7.0,1.0,4489-11423,18.0,http://ku.edu/
McPherson College,936,1126,1068,24,29,24.5,35162,Private College,July 1,3.42,75,7.0,1.0,8476-19484,40.0,http://mcpherson.edu/
Neosho County Community College,971,1212,1094,17,19,17.5,5644,Public Community College,June 1,2.69,75,6.0,1.0,853-1530,16.0,http://neosho.edu/
Newman University,1025,1353,1191,17,23,22.0,35500,Public University,January 15,2.89,77,6.5,1.0,4083-9939,15.0,http://newmanu.edu/
Pittsburg State University,1120,1323,1212,18,22,18.5,8008,Public University,Rolling,3.47,76,6.0,1.0,3628-7596,21.0,http://pittstate.edu/
Saint Paul School of Theology and Ministry,1019,1219,1129,17,29,25.0,10010,Public University,2025-04-01,2.8,79,6.5,1.0,2200-8998,15.0,http://spst.edu/
Sterling College,1155,1338,1250,22,27,25.5,32200,Private College,March 1,3.14,87,6.0,1.0,8174-19138,36.0,http://sterling.edu/
University of Saint Mary,926,1093,1047,21,26,23.5,33890,Private,Rolling,3.47,86,6.0,1.0,5753-10276,35.0,http://stmary.edu/
Washburn University,1175,1366,1282,24,26,24.5,9578,Private,January 15,3.34,79,6.5,1.0,7386-19224,28.0,http://washburn.edu/
Washburn University School of Law,951,1166,1074,19,28,22.5,9970,Public University,February 1,3.24,74,7.0,1.0,4652-9843,18.0,http://washburnlaw.edu/
Wichita State University,984,1349,1178,17,29,25.0,6018,Public,July 1,2.93,83,7.0,1.0,3817-7973,20.0,http://wichita.edu/
Asbury University,1051,1359,1194,18,22,18.5,33640,Public University,Rolling,3.11,84,6.0,1.0,2177-4261,17.0,http://asbury.edu/
Bellarmine University,1075,1243,1208,20,28,24.0,47180,Public University,February 1,3.19,74,7.0,1.0,5344-8906,18.0,http://bellarmine.edu/
Berea College,1156,1335,1248,20,32,25.0,49326,Private College,March 1,3.35,79,6.0,1.0,8480-14584,28.0,http://berea.edu/
Centre College,1230,1423,1345,24,27,24.5,50550,Private College,June 1,3.39,93,7.0,1.0,5095-9829,37.0,http://centre.edu/
Eastern Kentucky University,930,1190,1089,17,27,24.0,10130,Public,2025-08-01,3.45,81,6.0,1.0,5876-8236,24.0,http://eku.edu/
Frontier Nursing University,1104,1151,1124,17,22,21.5,10720,Public University,February 1,3.27,84,7.0,0.0,4636-9611,17.0,http://frontier.edu/
Georgetown College,1030,1230,1149,23,27,26.5,42010,Private College,February 1,3.6,86,7.0,1.0,7084-15122,35.0,http://georgetowncollege.edu/
Kentucky Community and Technical College System,966,1224,1094,20,29,24.5,9280,Public Technical College,July 1,2.91,83,7.0,1.0,4108-6422,17.0,http://kctcs.edu/
Kentucky Christian University,900,1040,1044,22,28,26.0,25000,Private University,February 1,3.5,84,7.0,1.0,6537-18517,33.0,http://kcu.edu/
Kentucky State University,820,1010,910,21,28,25.5,9214,Public University,February 1,2.91,70,6.0,1.0,2881-9836,21.0,http://kysu.edu/
Lindsey Wilson College,1008,1273,1124,21,27,24.0,27274,Private College,January 15,3.16,75,6.5,1.0,5544-14268,40.0,http://lindsey.edu/
The University of Louisville,1100,1350,1217,20,25,22.5,11650,Public University,January 15,2.9,79,6.5,1.0,2098-5650,16.0,http://louisville.edu/
Midway College,1034,1318,1157,24,32,26.0,28480,Private College,June 1,3.51,90,6.5,1.0,5060-14384,39.0,http://midway.edu/
Morehead State University,1001,1251,1139,17,26,23.5,9838,Public University,2025-08-01,3.03,80,6.5,1.0,3677-9290,22.0,http://moreheadstate.edu/
Murray State University,950,1190,1110,18,25,19.5,9708,Public University,March 1,2.96,71,6.0,1.0,5581-11208,22.0,http://murraystate.edu/
Northern Kentucky University,916,1133,1114,19,28,22.5,10896,Public University,February 1,3.29,82,7.0,1.0,2964-8290,19.0,http://nku.edu/
The Southern Baptist Theological Seminary,1028,1203,1118,21,24,23.5,13086,Public University,February 1,3.05,70,7.0,1.0,5996-12678,19.0,http://sbts.edu/
Saint Catharine College,1102,1246,1170,22,27,25.5,32060,Private College,January 15,3.37,77,6.5,1.0,6290-14867,26.0,http://sccky.edu/
Sullivan University,1007,1153,1090,19,27,22.0,14220,Public University,January 15,3.01,81,6.5,1.0,3029-10013,20.0,http://sullivan.edu/
University of the Cumberlands,1124,1418,1283,23,27,26.5,9875,Private,2025-10-01,3.24,85,7.0,1.0,8957-18465,34.0,http://ucumberlands.edu/
Western Kentucky University,820,1010,977,18,22,18.5,11436,Public University,Rolling,3.3,84,6.0,1.0,2510-6991,18.0,http://wku.edu/
Bossier Parish Community College,962,1204,1102,18,19,18.5,4283,Public Community College,2025-06-30,2.6,69,6.0,1.0,1057-2490,10.0,http://bpcc.edu/
Centenary College of Louisiana,1040,1210,1171,20,30,24.0,40000,Private College,January 15,3.17,89,6.5,1.0,7219-14098,38.0,http://centenary.edu/
Louisiana Tech University,1045,1290,1190,21,23,22.5,10125,Public,March 1,3.11,85,6.0,1.0,4974-10334,18.0,http://latech.edu/
Louisiana Culinary Institute,1067,1253,1163,17,24,22.5,15575,Public University,June 1,3.45,70,6.5,1.0,5012-8258,24.0,http://lci.edu/
University of Louisiana Lafayette,1120,1255,1219,18,28,21.0,10418,Public University,February 1,3.32,82,7.0,1.0,4023-7675,22.0,http://louisiana.edu/
Loyola University New Orleans,1107,1357,1248,19,27,22.0,47240,Public University,2025-04-15,3.03,73,7.0,1.0,2494-4895,19.0,http://loyno.edu/
Louisiana State University,1001,1341,1179,20,28,24.0,10000,Public University,June 1,3.03,74,6.5,1.0,5806-9301,15.0,http://lsu.edu/
Louisiana State University – Eunice,1091,1155,1136,17,29,25.0,4730,Public University,January 15,2.86,75,6.5,1.0,3033-7686,21.0,http://lsue.edu/
LSU Health Sciences Center – New Orleans,975,1238,1100,17,25,23.0,8190,Public University,July 1,3.03,79,7.0,1.0,2413-4421,20.0,http://lsuhsc.edu/
LSU Health Sciences Center – New Orleans,975,1238,1100,17,25,23.0,8190,Public University,July 1,3.03,79,7.0,1.0,2413-4421,20.0,http://lsuhscshreveport.edu/
LSU Health Sciences Center – New Orleans,975,1238,1100,17,25,23.0,8190,Public University,July 1,3.03,79,7.0,0.0,2413-4421,20.0,http://lsuhsc.edu/
LSU Health Sciences Center – New Orleans,975,1238,1100,17,25,23.0,8190,Public University,July 1,3.03,79,7.0,0.0,2413-4421,20.0,http://lsuhscshreveport.edu/
Louisiana State University System,1036,1270,1146,20,24,22.0,10000,Public University,Rolling,3.03,70,6.0,1.0,3072-6524,19.0,http://lsusystem.edu/
Nicholls State University,928,1145,1088,19,25,21.0,8173,Public,March 1,2.83,71,6.0,1.0,5922-9224,16.0,http://nicholls.edu/
New Orleans Baptist Theological Seminary,937,1197,1069,21,22,21.5,11540,Public University,2025-02-01,3.45,84,6.0,1.0,5901-9383,18.0,http://nobts.edu/
Nunez Community College,960,1080,1012,14,23,19.5,4255,Public Community College,February 1,2.28,67,6.5,1.0,893-1649,14.0,http://nunez.edu/
Southeastern Louisiana University,930,1335,1118,18,25,19.5,8373,Public University,July 1,3.32,71,7.0,0.0,2598-5260,18.0,http://southeastern.edu/
Southern University,798,1000,938,21,28,25.5,9940,Public University,Rolling,3.01,82,6.0,1.0,4333-11055,16.0,http://subr.edu/
Tulane University,1390,1510,1443,20,26,23.0,65538,Public University,June 1,3.09,100,6.5,1.0,2495-6500,17.0,http://tulane.edu/
University of Louisiana at Monroe,1050,1350,1102,17,26,23.5,9190,Public University,June 1,3.4,72,6.5,1.0,3232-6244,15.0,http://ulm.edu/
University of New Orleans,1096,1315,1204,18,26,20.0,14250,Public University,Rolling,2.8,80,6.0,1.0,3301-8460,25.0,http://uno.edu/
Xavier University of Louisiana,1037,1309,1169,19,22,19.5,10200,Public University,June 1,3.04,76,6.5,0.0,4654-10528,23.0,http://xula.edu/
Amherst College,1360,1550,1494,20,32,25.0,67280,Private College,July 1,3.45,83,7.0,0.0,7880-15594,32.0,http://amherst.edu/
Assumption College,1099,1387,1238,24,26,24.5,25870,Private College,June 1,3.25,90,6.5,1.0,7870-17629,39.0,http://assumption.edu/
Babson College,1380,1500,1435,20,29,23.5,56032,Private College,July 1,3.24,75,7.0,1.0,5358-14434,40.0,http://babson.edu/
Boston College,1128,1372,1246,23,28,27.5,26800,Private College,2025-10-15,3.45,78,6.5,1.0,8959-16396,27.0,http://bc.edu/
Bentley University,1250,1410,1340,17,26,23.5,58150,Public University,February 1,3.48,72,7.0,1.0,3480-6280,24.0,http://bentley.edu/
Berklee College of Music,1043,1404,1204,24,28,24.5,50270,Private College,Rolling,3.26,80,6.0,1.0,7274-13381,29.0,http://berklee.edu/
Berkshire Community College,849,1003,944,15,20,19.5,5612,Public Community College,July 1,2.34,70,6.5,1.0,1760-2843,13.0,http://berkshirecc.edu/
The Boston Conservatory,1036,1286,1170,17,24,22.5,10000,Public University,Rolling,3.41,78,6.0,1.0,5320-11529,17.0,http://bostonconservatory.edu/
Brandeis University,1390,1530,1473,21,22,21.5,64946,Public University,2025-01-15,3.13,76,6.5,1.0,2494-6925,21.0,http://brandeis.edu/
Bridgewater State University,1040,1230,1127,19,25,21.0,11389,Public University,March 1,2.92,71,6.0,1.0,4937-10366,22.0,http://bridgew.edu/
Boston University,1400,1520,1473,17,26,23.5,65168,Public University,Rolling,2.98,72,6.0,1.0,5100-11618,21.0,http://bu.edu/
Cambridge College,1064,1314,1189,23,28,27.5,18072,Private College,March 1,3.51,81,6.0,1.0,8515-15609,30.0,http://cambridgecollege.edu/
Clark University,1240,1400,1339,21,29,26.0,55160,Public University,July 1,3.34,83,7.0,1.0,5692-9146,24.0,http://clarku.edu/
Curry College,1020,1240,1130,22,26,25.0,46220,Private College,Rolling,3.24,78,6.0,1.0,7623-17585,27.0,http://curry.edu/
Elms College,1150,1320,1240,20,31,24.5,42061,Private College,January 15,3.67,75,6.5,1.0,8989-20524,40.0,http://elms.edu/
Emerson College,1250,1410,1359,23,31,29.0,55392,Private College,2025-11-01,3.27,78,6.5,1.0,5729-10670,27.0,http://emerson.edu/
Emmanuel College,1170,1330,1263,23,32,29.5,46686,Private College,March 1,3.4,83,6.0,1.0,7271-17218,32.0,http://emmanuel.edu/
Endicott College,1160,1340,1263,20,26,22.0,39212,Private College,February 1,3.5,79,7.0,1.0,8662-15299,31.0,http://endicott.edu/
Fitchburg State University,1030,1220,1114,19,25,21.0,11046,Public,January 15,3.35,71,6.5,1.0,3971-9428,25.0,http://fitchburgstate.edu/
Framingham State University,1070,1255,1150,19,26,21.5,11630,Public University,Rolling,3.43,72,6.0,1.0,2374-5454,18.0,http://framingham.edu/
Gordon Conwell Theological Seminary,1031,1373,1208,21,31,26.0,1000000,Private,2025-01-20,3.14,82,7.0,1.0,6333-14410,31.0,http://gordonconwell.edu/
Gordon College,1168,1370,1268,24,29,24.5,28100,Private College,February 1,3.39,82,7.0,1.0,6113-10485,31.0,http://gordon.edu/
Hampshire College,1093,1408,1242,24,27,24.5,56630,Private College,January 15,3.58,83,6.5,1.0,5772-17079,32.0,http://hampshire.edu/
Harvard University,1500,1580,1553,18,25,19.5,59076,Public University,March 1,2.87,71,6.0,1.0,5627-11239,15.0,http://harvard.edu/
Harvard Business School,1057,1312,1166,19,27,22.0,10080,Public University,2025-01-05,3.5,73,6.0,1.0,4249-7707,17.0,http://hbs.edu/
College of the Holy Cross,1131,1376,1234,24,31,25.5,22490,Private College,2025-11-15,3.41,87,7.0,1.0,8143-15002,36.0,http://holycross.edu/
Lesley University,1085,1288,1172,21,27,25.0,32780,Public University,January 15,3.03,73,6.5,1.0,3683-9917,18.0,http://lesley.edu/
Massachusetts Maritime Academy,1018,1155,1078,18,28,21.0,10816,Public University,2025-03-28,3.05,82,6.0,1.0,5992-12690,20.0,http://maritime.edu/
Massachusetts Department of Higher Education,1037,1193,1108,18,29,21.5,11160,Public University,January 15,3.24,75,6.5,1.0,4968-7155,17.0,http://mass.edu/
Massachusetts College of Art and Design,1001,1234,1124,21,32,26.5,14960,Private College,2025-12-06,3.57,89,6.5,1.0,7780-16537,38.0,http://massart.edu/
MassBay Community College,856,1054,937,14,24,20.0,5616,Public Community College,2025-08-26,2.59,74,5.5,1.0,1153-2053,15.0,http://massbay.edu/
Marine Biological Laboratory,940,1250,1087,21,22,21.5,12910,Public University,2025-12-10,2.8,84,6.0,1.0,2492-6337,25.0,http://mbl.edu/
Merrimack Education Center,923,1165,1031,18,26,20.0,8460,Public University,June 1,3.38,80,6.5,1.0,5311-12304,15.0,http://mec.edu/
Merrimack College,1164,1419,1298,21,29,25.0,51786,Private College,Rolling,3.13,88,6.0,1.0,8968-16602,37.0,http://merrimack.edu/
MGH Institute of Health Professions,968,1225,1108,19,29,23.0,9180,Public University,January 15,2.82,83,6.5,1.0,3342-7875,24.0,http://mghihp.edu/
Milton Academy,1069,1212,1134,18,28,21.0,10290,Public University,Rolling,2.99,74,6.0,1.0,5920-8211,23.0,http://milton.edu/
Massachusetts Institute of Technology,1510,1580,1553,19,25,21.0,60156,Public University,March 1,3.06,71,6.0,1.0,4235-7690,23.0,http://mit.edu/
Montserrat College of Art,1137,1256,1180,23,32,29.5,39000,Private College,February 1,3.64,78,7.0,1.0,8310-12538,27.0,http://montserrat.edu/
Mount Ida College,1099,1341,1207,23,28,27.5,19920,Private College,Rolling,3.64,78,6.0,0.0,5573-16384,27.0,http://mountida.edu/
Mount Holyoke College,1350,1500,1422,20,31,24.5,64142,Private College,June 1,3.27,80,6.5,1.0,6233-15668,29.0,http://mtholyoke.edu/
Middlesex Community College,911,1069,983,15,19,18.5,6048,Public Community College,June 1,2.39,75,6.0,1.0,1771-3386,10.0,http://mxcc.edu/
Middlesex School,1007,1346,1194,20,25,22.5,79200,Public University,January 15,2.8,71,6.5,1.0,5995-9703,23.0,http://mxschool.edu/
North Bennet Street School,985,1303,1127,17,29,25.0,8700,Public University,March 1,2.81,75,6.0,1.0,3410-8218,21.0,http://nbss.edu/
New England Law – Boston,1001,1192,1096,17,25,23.0,10000,Public University,January 15,3.32,71,6.5,1.0,3272-6989,24.0,http://nesl.edu/
Northeastern University,1460,1550,1505,19,22,19.5,63141,Public University,February 1,3.2,76,7.0,0.0,4198-9254,21.0,http://northeastern.edu/
Olin College of Engineering,1480,1560,1540,23,31,29.0,64458,Private College,2025-12-15,3.6,85,6.0,1.0,5061-12641,34.0,http://olin.edu/
Salem State University,990,1160,1090,21,28,25.5,11978,Public,February 1,2.89,82,7.0,1.0,5141-9669,15.0,http://salemstate.edu/
Simmons College,1159,1313,1247,20,29,23.5,19000,Private College,2025-01-20,3.22,83,7.0,1.0,9000-17068,32.0,http://simmons.edu/
Smith College,1408,1540,1480,23,28,27.5,61568,Private College,June 1,3.21,82,6.5,1.0,7955-19403,31.0,http://smith.edu/
Spa Tech Institute,1110,1270,1196,19,22,19.5,13120,Public University,February 1,3.09,76,7.0,1.0,3302-6426,16.0,http://spatech.edu/
Springfield College,1070,1260,1120,21,28,24.5,43707,Private College,March 1,3.59,75,6.0,1.0,5902-15201,40.0,http://springfieldcollege.edu/
Springfield Technical Community College,835,968,902,17,21,18.0,5520,Public Community College,Rolling,2.5,77,5.5,1.0,1704-2339,13.0,http://stcc.edu/
Suffolk University,1090,1280,1197,17,24,22.5,45380,Public University,Rolling,3.3,78,6.0,1.0,2286-7724,21.0,http://suffolk.edu/
Boston Architectural College,1180,1239,1190,22,28,26.0,26800,Private College,2025-02-15,3.54,81,6.0,1.0,5138-10951,30.0,http://the-bac.edu/
Tufts University,1460,1550,1513,21,24,23.5,67844,Public University,February 1,3.25,70,7.0,1.0,2076-6073,23.0,http://tufts.edu/
University of Massachusetts Amherst,1300,1480,1393,19,25,21.0,17357,Public University,January 15,2.89,79,6.5,0.0,2959-8713,16.0,http://umass.edu/
University of Massachusetts Dartmouth,1040,1260,1152,18,25,19.5,15208,Public University,July 1,3.16,79,7.0,1.0,3276-5527,19.0,http://umassd.edu/
University of Massachusetts Medical School,1089,1248,1178,20,24,22.0,12310,Public University,February 1,3.18,70,7.0,1.0,3153-6697,19.0,http://umassmed.edu/
University of Massachusetts,1180,1350,1253,18,27,20.5,16570,Public University,July 1,2.97,73,7.0,1.0,3839-6111,20.0,http://umassp.edu/
University of Massachusetts Boston,1080,1290,1188,20,23,21.5,15496,Public,March 1,2.85,77,6.0,1.0,2751-4913,20.0,http://umb.edu/
University of Massachusetts Lowell,1180,1350,1253,21,22,21.5,16570,Public University,2025-11-05,3.01,84,7.0,1.0,2608-8603,18.0,http://uml.edu/
Wellesley College,1440,1550,1513,23,32,29.5,64320,Private College,2025-12-07,3.63,89,7.0,1.0,6623-16647,38.0,http://wellesley.edu/
"Wheaton College, Norton",1107,1285,1183,22,28,26.0,33280,Private College,January 15,3.55,77,6.5,1.0,7961-13298,26.0,http://wheatoncollege.edu/
Wheelock College,1141,1227,1192,22,29,26.5,10000,Private College,March 1,3.59,89,6.0,1.0,6815-11908,38.0,http://wheelock.edu/
Williams College,1470,1560,1527,22,27,25.5,64860,Private College,February 1,3.48,88,7.0,1.0,6774-13216,37.0,http://williams.edu/
Western New England University,1130,1310,1231,17,29,25.0,46430,Public University,March 1,3.13,75,6.0,1.0,4315-8130,21.0,http://wne.edu/
Worcester State University,1008,1280,1145,21,24,23.5,11286,Public University,June 1,2.84,70,6.5,1.0,4816-11719,24.0,http://worcester.edu/
Worcester Polytechnic Institute,1033,1223,1143,19,28,22.5,59070,Public University,Rolling,2.93,82,6.0,1.0,5017-7890,18.0,http://wpi.edu/
Anne Arundel Community College,912,1149,1032,14,20,18.0,4178,Public,July 1,2.37,70,6.5,1.0,1346-2771,12.0,http://aacc.edu/
Baltimore City Community College,889,1033,967,16,24,18.0,3314,Public Community College,March 1,2.32,68,5.5,1.0,1624-3420,10.0,http://bccc.edu/
Bowie State University,796,1083,935,19,24,20.5,8999,Public University,2025-06-01,3.17,70,5.5,1.0,2557-4906,20.0,http://bowiestate.edu/
Carroll Community College,959,1160,1058,18,19,18.5,4128,Public Community College,June 1,2.21,69,6.0,1.0,1625-3177,11.0,http://carrollcc.edu/
The Community College of Baltimore County,821,1038,918,16,19,16.5,14808,Public,June 1,2.63,63,6.0,1.0,1760-2385,13.0,http://ccbcmd.edu/
Chesapeake College,1052,1409,1240,20,27,22.5,4010,Private College,July 1,3.46,83,7.0,0.0,7922-14154,32.0,http://chesapeake.edu/
Coppin State University,984,1352,1184,20,25,22.5,7001,Public University,July 1,3.38,71,7.0,1.0,5932-9929,24.0,http://coppin.edu/
College of Southern Maryland,1039,1306,1154,20,32,25.0,4200,Private College,June 1,3.57,78,6.5,1.0,6819-13707,27.0,http://csmd.edu/
Frederick Community College,871,974,924,18,21,19.5,3772,Public Community College,Rolling,2.29,71,5.5,1.0,1618-2579,11.0,http://frederick.edu/
Frostburg State University,985,1177,1071,17,22,21.5,9998,Public University,2025-06-01,3.23,84,5.5,1.0,2422-8109,25.0,http://frostburg.edu/
Garrett College,1012,1317,1152,21,28,24.5,4060,Private College,Rolling,3.22,76,6.0,1.0,6361-17970,25.0,http://garrettcollege.edu/
Goucher College,1080,1366,1225,20,27,22.5,51250,Private College,2025-01-15,3.37,82,6.0,1.0,7782-19418,31.0,http://goucher.edu/
Hagerstown Community  College,1117,1384,1266,24,30,25.0,4320,Private College,June 1,3.29,84,6.5,1.0,6726-17427,33.0,http://hagerstowncc.edu/
Harford Community College,838,989,904,14,21,18.5,3974,Public Community College,Rolling,2.26,77,5.5,1.0,1197-2119,10.0,http://harford.edu/
Hood College,1151,1400,1296,23,32,29.5,45870,Private College,2025-10-31,3.2,87,7.0,1.0,5378-15255,36.0,http://hood.edu/
Howard Community College,823,1034,926,17,24,19.5,4080,Public Community College,March 1,2.29,68,5.5,1.0,907-2332,14.0,http://howardcc.edu/
Johns Hopkins Bloomberg School of Public Health,1014,1342,1180,17,24,22.5,13400,Public University,February 1,3.14,78,7.0,1.0,3355-9713,16.0,http://jhsph.edu/
Johns Hopkins University,1530,1580,1553,18,25,19.5,63340,Public University,January 15,2.97,71,6.5,1.0,5473-8683,20.0,http://jhu.edu/
Loyola University Maryland,1180,1350,1292,21,22,21.5,55480,Public University,February 1,3.23,84,7.0,1.0,2035-7532,25.0,http://loyola.edu/
Montgomery Blair High School,1076,1325,1212,17,23,22.0,9980,Public University,2025-12-09,3.05,85,6.5,1.0,3411-8094,17.0,http://mbhs.edu/
McDaniel College,1156,1363,1264,22,32,28.0,49647,Private College,2025-08-01,3.51,75,6.5,1.0,8978-16034,40.0,http://mcdaniel.edu/
Maryland Institute College of Art,915,1220,1207,20,31,24.5,55150,Private College,2025-12-01,3.16,80,7.0,1.0,7449-14371,29.0,http://mica.edu/
Montgomery College,1168,1260,1196,24,30,25.0,5394,Private College,March 1,3.24,85,6.0,1.0,6847-18570,34.0,http://montgomerycollege.edu/
Mount Saint Mary’s University,1030,1280,1141,21,25,24.0,47240,Public University,January 15,3.41,71,6.5,1.0,3152-8885,15.0,http://msmary.edu/
Maryland University of Integrative Health,1035,1213,1127,19,23,20.0,9980,Public University,July 1,3.2,77,7.0,1.0,3464-8481,22.0,http://muih.edu/
Prince George’s Community College,824,951,868,18,22,20.0,3914,Public Community College,January 15,2.48,78,6.0,1.0,1348-1986,14.0,http://pgcc.edu/
Salisbury University,1180,1310,1250,19,28,22.5,10638,Public University,2025-10-01,3.42,74,6.0,1.0,5053-11760,22.0,http://salisbury.edu/
Sojourner-Douglass College,1049,1351,1184,22,31,27.5,38570,Private College,June 1,3.61,88,6.5,1.0,7271-14396,37.0,http://sdc.edu/
Saint Mary’s College of Maryland,1109,1253,1176,21,26,23.5,456000,Private College,July 1,3.43,75,7.0,1.0,7694-13050,40.0,http://smcm.edu/
Saint James School,943,1261,1119,20,25,22.5,9470,Public University,March 1,3.21,71,6.0,1.0,2909-8476,22.0,http://stjames.edu/
Towson University,1050,1270,1166,18,22,18.5,11306,Public,February 1,2.99,76,7.0,1.0,5789-9552,25.0,http://towson.edu/
University of  Baltimore,953,1249,1115,19,22,19.5,10000,Public,2025-12-08,3.38,76,6.5,1.0,5970-10362,21.0,http://ubalt.edu/
University of Maryland,1180,1350,1292,20,28,24.0,55480,Public University,June 1,3.08,82,6.5,1.0,3424-7228,24.0,http://umaryland.edu/
University of Maryland,1180,1350,1292,20,28,24.0,55480,Public University,June 1,3.08,82,6.5,1.0,3424-7228,24.0,http://umd.edu/
University of  Maryland Baltimore County,939,1320,1140,21,28,25.5,16260,Public University,February 1,3.33,300,7.0,1.0,2930-6738,24.0,http://umbc.edu/
University of Maryland,1180,1350,1292,20,28,24.0,55480,Public University,June 1,3.08,82,6.5,1.0,3424-7228,24.0,http://umaryland.edu/
University of Maryland,1180,1350,1292,20,28,24.0,55480,Public University,June 1,3.08,82,6.5,1.0,3424-7228,24.0,http://umd.edu/
University of Maryland University College,1370,1520,1463,19,29,23.0,11505,Public University,March 1,3.06,75,6.0,1.0,3144-9329,24.0,http://umuc.edu/
University System of Maryland,1032,1281,1146,21,23,22.5,9440,Public University,July 1,3.08,85,7.0,1.0,4451-9480,16.0,http://usmd.edu/
United States Naval Academy,1200,1420,1308,20,25,22.5,1087,Public University,March 1,3.29,71,6.0,1.0,4068-7148,21.0,http://usna.edu/
Washington College,1185,1345,1274,23,32,29.5,54356,Private College,January 15,3.48,85,6.5,1.0,6474-16428,34.0,http://washcoll.edu/
Wor-Wic Community College,822,957,880,15,20,19.5,3744,Public Community College,July 1,2.61,76,6.5,1.0,1251-2014,15.0,http://worwic.edu/
Saint John’s College,1095,1367,1237,21,26,23.5,10000,Private College,February 1,3.2,86,7.0,1.0,8016-13519,35.0,http://stjohnscollegespringfield.edu/
Saint John’s College,1095,1367,1237,21,26,23.5,75000,Private College,February 1,3.2,86,7.0,1.0,8016-13519,35.0,http://sjc.edu/
Bates College,1400,1510,1446,23,28,27.5,63478,Private College,2025-03-03,3.25,75,7.0,1.0,8005-15365,40.0,http://bates.edu/
Bowdoin College,1480,1550,1514,24,27,24.5,64910,Private College,February 1,3.34,86,7.0,1.0,7703-19479,35.0,http://bowdoin.edu/
Central Maine Community College,932,1184,1069,14,22,19.0,3864,Public Community College,January 15,2.42,78,6.0,1.0,906-1592,13.0,http://cmcc.edu/
College of the Atlantic,1085,1355,1204,22,30,27.0,46179,Private College,July 1,3.28,87,7.0,1.0,8900-15345,36.0,http://coa.edu/
Colby College,1440,1550,1500,24,31,25.5,66600,Private College,July 1,3.63,79,7.0,1.0,7883-19467,28.0,http://colby.edu/
Husson University,1000,1220,1110,21,22,21.5,22194,Public University,February 1,2.93,76,7.0,1.0,4134-10477,19.0,http://husson.edu/
Maine Maritime Academy,1070,1270,1185,21,27,25.0,14746,Public University,2025-03-76,3.08,73,6.5,1.0,2718-8211,16.0,http://mainemaritime.edu/
Northern Maine Community College,914,1022,970,18,22,20.0,3880,Public Community College,January 15,2.57,66,6.0,1.0,1210-2345,16.0,http://nmcc.edu/
Saint Joseph’s College,910,1140,1030,22,31,27.5,42834,Private College,June 1,3.16,79,6.5,1.0,6418-16819,37.0,http://sjcme.edu/
Southern Maine Community College,908,1135,1034,14,22,19.0,3797,Public Community College,January 15,2.48,66,6.0,1.0,1119-2450,16.0,http://smccme.edu/
University of Maine,930,1358,1164,19,25,21.0,8618,Public University,July 1,3.03,71,7.0,1.0,2955-8149,24.0,http://umaine.edu/
University of Maine Fort Kent,1075,1330,1210,20,25,22.5,9045,Public University,March 1,3.21,79,6.0,1.0,2220-7745,23.0,http://umfk.edu/
University of Maine at Presque Isle,989,1192,1086,17,25,23.0,8990,Public University,January 15,2.94,79,6.5,1.0,5101-10375,21.0,http://umpi.edu/
University of New England,1045,1323,1172,24,31,25.5,42550,Private,Rolling,3.63,90,6.0,1.0,6929-14131,39.0,http://une.edu/
Unity College,1082,1312,1197,21,32,26.5,10000,Private College,January 15,3.1,83,6.5,1.0,8315-19928,32.0,http://unity.edu/
York County Community College,909,1109,991,15,20,19.5,3866,Public Community College,July 1,2.28,76,6.5,1.0,1589-3005,10.0,http://yccc.edu/
University of Main at Augusta,946,1318,1137,21,29,26.0,8618,Public University,March 1,2.88,75,6.0,1.0,5876-12223,25.0,http://uma.edu/
Adrian College,880,1120,1030,22,30,27.0,40556,Private College,July 1,3.44,81,7.0,1.0,8880-17278,30.0,http://adrian.edu/
Albion College,1063,1340,1184,24,30,25.0,55746,Private College,2025-05-01,3.25,82,7.0,1.0,5758-11741,31.0,http://albion.edu/
Alma College,1149,1265,1210,21,27,24.0,47430,Private College,2025-06-30,3.62,80,7.0,1.0,8441-20427,29.0,http://alma.edu/
Alpena Community College,939,1165,1060,14,20,18.0,5130,Public Community College,July 1,2.37,76,6.5,1.0,1573-2352,15.0,http://alpenacc.edu/
Andrews University,1070,1370,1177,21,24,23.5,33710,Public University,2025-12-07,2.8,78,7.0,1.0,2439-9370,17.0,http://andrews.edu/
Aquinas College,990,1210,1087,22,29,26.5,38520,Private College,March 1,3.65,79,6.0,1.0,6607-16362,28.0,http://aquinas.edu/
Baker College,960,1170,1080,23,29,28.0,12810,Private College,Rolling,3.41,78,6.0,1.0,6947-16051,27.0,http://baker.edu/
Bay College,1126,1240,1165,22,26,25.0,5910,Private College,June 1,3.11,80,6.5,1.0,6082-11662,29.0,http://baycollege.edu/
Calvin College,1107,1317,1214,22,31,27.5,2000,Private College,Rolling,3.49,88,6.0,1.0,6804-18269,37.0,http://calvin.edu/
Central Michigan University,960,1210,1099,17,28,24.5,14190,Public University,Rolling,2.98,82,6.0,1.0,2131-7128,17.0,http://cmich.edu/
College for Creative Studies,1095,1303,1211,22,30,27.0,51355,Private College,2025-01-26,3.49,103,6.5,1.0,8766-16380,29.0,http://collegeforcreativestudies.edu/
Cornerstone University,973,1297,1132,20,24,22.0,29100,Public University,Rolling,3.21,70,6.0,1.0,2212-8469,16.0,http://cornerstone.edu/
Davenport University,1071,1194,1122,17,27,24.0,23324,Public University,July 1,2.85,73,7.0,1.0,3178-7406,21.0,http://davenport.edu/
Delta College,1081,1286,1186,22,26,25.0,4640,Private College,February 1,3.62,80,7.0,1.0,8746-15866,29.0,http://delta.edu/
Douglas J. Aveda Institute,1048,1296,1168,21,23,22.5,11750,Public University,March 1,3.24,77,6.0,1.0,4644-10955,16.0,http://douglasj.edu/
Eastern Michigan University,910,1170,1046,18,24,19.0,15510,Public University,June 1,3.03,90,6.5,1.0,3076-5683,19.0,http://emich.edu/
Ferris State University,890,1120,1001,18,23,18.5,13630,Public University,July 1,3.21,85,7.0,1.0,3592-9452,25.0,http://ferris.edu/
Finlandia University,1054,1178,1132,21,26,24.5,8910,Public University,2025-12-07,3.32,80,6.0,1.0,2972-5668,24.0,http://finlandia.edu/
Grand Rapids Community College,888,1083,994,16,23,17.5,4059,Public Community College,February 1,2.58,73,6.5,1.0,807-1456,12.0,http://grcc.edu/
Grand Valley State University,940,1190,1079,19,23,20.0,14628,Public University,July 1,2.97,85,7.0,1.0,2170-8672,17.0,http://gvsu.edu/
Henry Ford College,1071,1386,1238,20,29,23.5,3460,Private College,Rolling,3.67,80,6.0,0.0,8778-17924,29.0,http://hfcc.edu/
Hillsdale College,1051,1239,1152,20,28,23.0,48210,Private College,March 1,3.53,81,6.0,1.0,6494-14281,30.0,http://hillsdale.edu/
Hope College,1090,1310,1237,24,28,24.5,40420,Private,January 15,3.64,89,6.5,1.0,7968-18912,38.0,http://hope.edu/
Jackson College,1094,1410,1266,20,27,22.5,7040,Private College,March 1,3.27,87,6.0,1.0,7609-15633,36.0,http://jccmi.edu/
Kettering University,1060,1310,1219,19,24,20.5,46380,Public University,February 1,3.5,78,7.0,1.0,4624-6944,19.0,http://kettering.edu/
Kalamazoo Valley Community College,958,1158,1059,17,24,19.5,4046,Public Community College,March 1,2.35,68,5.5,0.0,1694-3290,10.0,http://kvcc.edu/
Kalamazoo College,1188,1373,1270,22,32,28.0,58764,Private College,July 1,3.25,85,7.0,1.0,5912-12660,34.0,http://kzoo.edu/
Lake Michigan College,1058,1407,1228,20,31,24.5,5265,Private College,Rolling,3.37,78,6.0,1.0,6022-11271,27.0,http://lakemichigancollege.edu/
Lansing Community College,785,892,826,14,22,19.0,4010,Public Community College,January 15,2.6,66,6.0,1.0,929-1800,15.0,http://lcc.edu/
Lake Superior State University,1085,1238,1166,18,22,18.5,14266,Public University,June 1,3.25,84,6.5,1.0,4078-9841,24.0,http://lssu.edu/
Lawrence Technological University,983,1269,1125,18,29,21.5,41872,Public University,January 15,2.9,83,6.5,0.0,2517-9114,15.0,http://ltu.edu/
Macomb Community College,940,1168,1039,14,24,20.0,3600,Public Community College,March 1,2.59,74,5.5,1.0,1078-2232,10.0,http://macomb.edu/
Marygrove College,1072,1223,1164,24,27,24.5,38520,Private College,February 1,3.3,76,7.0,1.0,6739-11165,25.0,http://marygrove.edu/
Monroe County Community College,952,1150,1070,14,21,18.5,4566,Public Community College,2025-12-07,2.23,77,5.5,1.0,1524-3077,15.0,http://monroeccc.edu/
Michigan State University,1150,1350,1261,21,24,23.5,15988,Public University,February 1,3.45,78,7.0,1.0,3654-5977,19.0,http://msu.edu/
Michigan Technological University,1120,1330,1243,21,29,26.0,18392,Public University,January 15,3.17,75,6.5,1.0,5554-7702,16.0,http://mtu.edu/
Northwestern Michigan College,1137,1284,1210,20,32,25.0,5350,Private College,March 1,3.69,77,6.0,0.0,5472-14369,26.0,http://nmc.edu/
Northern Michigan University,988,1235,1092,19,29,23.0,13304,Public,March 1,2.96,83,6.0,1.0,5914-9036,17.0,http://nmu.edu/
Oakland Univeristy,1032,1353,1180,20,29,24.5,4000,Public University,July 1,3.16,75,7.0,1.0,3769-7940,20.0,http://oakland.edu/
Oakland Community College,939,1069,985,16,23,17.5,3020,Public Community College,2025-12-10,2.25,67,6.5,1.0,1736-2804,10.0,http://oaklandcc.edu/
Saginaw Chippewa Tribal College,1134,1300,1228,23,29,28.0,2210,Private College,June 1,3.15,86,6.5,1.0,8220-12228,35.0,http://sagchip.edu/
Saginaw Valley State University,940,1160,1051,17,23,22.0,12240,Public University,January 15,3.39,85,6.5,1.0,4489-8875,22.0,http://svsu.edu/
University of Detroit Mercy,1020,1260,1136,18,25,19.5,32300,Public University,2025-11-01,2.93,71,6.5,1.0,3296-9299,15.0,http://udmercy.edu/
University of Michigan-Flint,950,1210,1104,18,27,20.5,14014,Public University,January 15,3.49,81,6.5,0.0,3755-6998,17.0,http://umflint.edu/
University of Michigan,1350,1530,1473,17,22,21.5,17228,Public University,June 1,3.22,76,6.5,1.0,5367-10761,20.0,http://umich.edu/
Wayne State,1040,1260,1147,18,22,18.5,14297,Public University,February 1,3.22,84,7.0,1.0,5302-8300,23.0,http://wayne.edu/
Washtenaw Community College,823,1031,925,14,24,20.0,2736,Public Community College,March 1,2.53,68,5.5,1.0,1051-2503,11.0,http://wccnet.edu/
Western Michigan University,1024,1313,1154,19,28,22.5,50000,Public University,2025-12-15,3.06,74,6.0,1.0,3749-8623,23.0,http://wmich.edu/
Alexandria Technical & Community College,889,1125,992,17,24,19.5,6213,Public Community College,March 1,2.5,62,5.5,1.0,1527-2989,11.0,http://alextech.edu/
Anoka-Ramsey Community College,888,1128,996,16,23,17.5,5682,Public Community College,2025-12-19,2.25,61,6.5,1.0,1734-2348,15.0,http://anokaramsey.edu/
Augsburg College,1165,1353,1267,21,32,26.5,29530,Private College,Rolling,3.31,90,6.0,1.0,6051-17153,39.0,http://augsburg.edu/
Bemidji State University,984,1276,1135,20,27,23.5,10164,Public University,July 1,3.06,81,7.0,1.0,5838-8131,16.0,http://bemidjistate.edu/
Bethel University,1065,1240,1243,19,25,21.0,42930,Public University,March 1,3.22,79,6.0,1.0,5506-8526,25.0,http://bethel.edu/
Carleton College,1430,1550,1491,20,29,23.5,65457,Private College,2025-11-18,3.64,83,6.5,1.0,6596-15749,32.0,http://carleton.edu/
Century College,1077,1388,1214,23,30,28.5,6182,Private College,February 1,3.31,88,7.0,1.0,5961-11944,37.0,http://century.edu/
Central Lakes College,1058,1299,1172,23,26,25.5,6209,Private College,Rolling,3.45,84,6.0,1.0,5554-17427,33.0,http://clcmn.edu/
Concordia College,1160,1420,1192,22,26,25.0,30020,Private College,July 1,3.33,75,7.0,1.0,8218-17816,40.0,http://cord.edu/
Crown College,1122,1400,1253,21,26,23.5,30200,Private College,February 1,3.55,88,7.0,1.0,8337-20035,37.0,http://crown.edu/
"College of Saint Benedict, Saint John’s University",1068,1392,1228,21,29,25.0,41170,Private,Rolling,3.4,86,6.0,1.0,5959-16995,35.0,http://csbsju.edu/
Concordia University Saint Paul,968,1358,1165,17,29,25.0,25000,Public University,January 15,2.98,75,6.5,1.0,4120-10093,15.0,http://csp.edu/
The College of Saint Scholastica,1036,1313,1170,20,26,22.0,40454,Private College,February 1,3.69,78,7.0,1.0,5215-9227,27.0,http://css.edu/
Dakota County Technical College,929,1153,1041,17,25,23.0,6419,Public Technical College,January 15,3.03,71,6.5,1.0,2340-7362,18.0,http://dctc.edu/
Gustavus Adolphus College,1001,1341,1174,24,29,24.5,54310,Private College,March 1,3.43,77,6.0,1.0,6154-11877,26.0,http://gustavus.edu/
Globe University,1073,1248,1150,17,29,25.0,10720,Public University,January 15,3.24,83,6.5,1.0,2550-6486,18.0,http://globeuniversity.edu/
Hamline University,1146,1393,1197,19,25,21.0,48311,Public University,2025-05-01,3.26,71,6.5,1.0,2488-5155,16.0,http://hamline.edu/
Inver Hills Community College,955,1189,1071,16,21,16.5,6007,Public Community College,Rolling,2.38,71,5.5,1.0,1504-2468,16.0,http://inverhills.edu/
Institute of Production and Recording,982,1331,1162,20,25,22.5,10000,Public University,March 1,3.42,79,6.0,1.0,4225-6639,25.0,http://ipr.edu/
Leech Lake Tribal College,1001,1174,1106,18,29,21.5,4148,Public,January 15,2.84,83,6.5,1.0,3240-6120,20.0,http://lltc.edu/
Luther Seminary,976,1280,1119,21,27,25.0,7810,Public University,March 1,2.96,81,6.0,1.0,3755-7501,17.0,http://luthersem.edu/
Macalester College,1350,1510,1424,24,29,24.5,64908,Private College,July 1,3.15,81,7.0,1.0,7644-16237,30.0,http://macalester.edu/
McNally Smith College of Music,1053,1402,1230,21,32,26.5,27040,Private College,June 1,3.42,88,6.5,0.0,8660-14897,37.0,http://mcnallysmith.edu/
Mesabi Range College,1134,1222,1172,21,31,26.0,6004,Private College,June 1,3.4,88,6.5,1.0,7638-14931,37.0,http://mesabirange.edu/
Metropolitan State University,979,1341,1172,20,26,23.0,9780,Public University,2025-01-12,3.26,80,6.0,1.0,3703-9411,19.0,http://metrostate.edu/
Minnesota State University Moorhead,1097,1207,1144,20,22,21.0,10336,Public,June 1,3.24,76,6.5,1.0,4411-11272,16.0,http://mnstate.edu/
Minnesota State University Mankato,1101,1263,1172,19,27,22.0,9490,Public University,July 1,2.99,81,7.0,1.0,2287-5402,18.0,http://mnsu.edu/
North Hennepin Community College,916,1126,1011,17,21,18.0,5050,Public Community College,Rolling,2.59,65,5.5,1.0,1046-2788,13.0,http://nhcc.edu/
Normandale Community College,978,1115,1050,14,23,19.5,6321,Public Community College,February 1,2.67,73,6.5,1.0,1603-2699,10.0,http://normandale.edu/
Rasmussen College,1120,1310,1196,22,27,25.5,3000,Private,July 1,3.39,81,7.0,1.0,6702-17554,30.0,http://rasmussen.edu/
Ridgewater College,1110,1404,1252,22,26,25.0,6109,Private College,March 1,3.29,75,6.0,1.0,7976-15313,40.0,http://ridgewater.edu/
Southwest Minnesota State University,940,1331,1126,20,22,21.0,10304,Public,Rolling,3.0,76,6.0,1.0,4582-8337,24.0,http://smsu.edu/
Saint Mary’s University of Minnesota,1110,1254,1179,19,28,22.5,43160,Public University,February 1,3.15,74,7.0,1.0,4218-7987,25.0,http://smumn.edu/
South Central College,1027,1234,1150,24,28,24.5,6146,Private College,2025-07-01,3.19,90,5.5,1.0,6681-15483,39.0,http://southcentral.edu/
Saint Cloud State  University,970,1280,1091,20,25,22.5,10117,Public University,March 1,3.13,71,6.0,1.0,4317-8729,15.0,http://stcloudstate.edu/
Saint Olaf College,1131,1293,1213,23,32,29.5,28990,Private College,2025-11-30,3.15,86,6.0,1.0,5713-12426,35.0,http://stolaf.edu/
University of Saint Thomas,1223,1416,1296,21,25,24.0,52284,Public University,July 1,2.99,79,7.0,0.0,2033-7746,25.0,http://stthomas.edu/
University of Saint Thomas,1223,1416,1296,21,25,24.0,52284,Public University,July 1,2.99,79,7.0,1.0,2033-7746,25.0,http://stthom.edu/
University of Minnesota,1091,1195,1158,20,23,21.5,9490,Public University,January 15,3.27,85,6.5,1.0,5925-9039,16.0,http://umn.edu/
United Theological Seminary of the Twin Cities,1023,1338,1162,19,24,20.5,8160,Public University,February 1,3.41,70,7.0,1.0,4952-11313,19.0,http://unitedseminary.edu/
University of Northwestern Saint Paul,1053,1298,1164,20,23,21.5,4000,Public University,July 1,2.85,77,7.0,1.0,5623-7949,17.0,http://unwsp.edu/
Walden University,1072,1194,1113,19,29,23.0,12498,Public University,2025-11-24,2.95,75,6.0,1.0,2544-4940,19.0,http://waldenu.edu/
Winona State Unviversity,1066,1286,1165,18,28,21.0,12120,Public University,Rolling,3.24,82,6.0,1.0,4957-8607,19.0,http://winona.edu/
Assemblies of God Theological Seminary,970,1337,1160,20,28,24.0,16140,Public University,Rolling,3.28,74,6.0,0.0,2225-8905,15.0,http://agts.edu/
Aquinas Institute of Theology,1050,1311,1176,21,22,21.5,16430,Public University,February 1,2.89,76,7.0,1.0,2981-5199,21.0,http://ai.edu/
A.T. Still University,1084,1178,1123,19,26,21.5,1000,Public University,Rolling,2.93,72,6.0,1.0,3691-6216,21.0,http://atsu.edu/
Avila University,800,1000,942,17,22,21.5,38672,Public University,Rolling,3.26,76,6.0,1.0,4761-9782,24.0,http://avila.edu/
Columbia College,1119,1289,1210,20,27,22.5,24326,Private College,July 1,3.43,89,7.0,1.0,8001-15703,38.0,http://gocolumbia.edu/
Columbia College,1119,1289,1210,20,27,22.5,24326,Private College,July 1,3.43,89,7.0,1.0,8001-15703,38.0,http://ccis.edu/
Central Methodist University,1041,1138,1090,21,27,24.0,27140,Private University,January 15,3.31,85,6.5,1.0,8607-19431,34.0,http://centralmethodist.edu/
Crowder College,1099,1360,1230,22,28,26.0,6180,Private College,June 1,3.66,86,6.5,1.0,7192-11290,35.0,http://crowder.edu/
Culver-Stockton College,1104,1322,1224,24,27,24.5,29915,Private College,February 1,3.38,90,7.0,1.0,5013-14479,39.0,http://culver.edu/
Drury University,1050,1310,1212,21,32,26.5,35235,Private,June 1,3.4,90,6.5,1.0,7599-19275,33.0,http://drury.edu/
Evangel University,1013,1205,1112,21,22,21.5,27192,Public University,June 1,3.27,76,6.5,1.0,2124-6993,23.0,http://evangel.edu/
Fontbonne University,1098,1323,1206,21,29,26.0,28976,Public University,July 1,3.08,75,7.0,1.0,3297-5368,16.0,http://fontbonne.edu/
Hannibal-LaGrange,954,1318,1120,17,28,24.5,26880,Public University,February 1,3.16,74,7.0,0.0,5030-8799,21.0,http://hlg.edu/
Harris-Stowe State University,1108,1269,1196,19,23,20.0,6442,Public University,2025-11-01,3.46,77,6.0,1.0,2834-8848,20.0,http://hssu.edu/
Jefferson College,1045,1281,1148,23,26,25.5,4500,Private College,Rolling,3.54,84,6.0,0.0,5705-10186,33.0,http://jeffco.edu/
Kansas City University of Medicine and Biosciences,1139,1409,1281,20,32,25.0,33840,Private,February 1,3.57,78,7.0,1.0,7020-18871,27.0,http://kcumb.edu/
Lincoln University,1017,1289,1144,18,29,21.5,9290,Public University,July 1,3.21,83,7.0,1.0,5701-11786,23.0,http://lincolne.edu/
Lindenwood University,1079,1349,1211,17,27,24.0,21100,Public University,2025-05-30,3.32,61,5.5,1.0,4997-7451,25.0,http://lindenwood.edu/
Linn State Technical College,1025,1217,1105,19,23,20.0,13800,Public Technical College,January 15,3.4,77,6.5,0.0,5169-10206,18.0,http://linnstate.edu/
Maryville University,1016,1321,1162,20,31,24.5,27166,Private,June 1,3.18,84,6.5,1.0,7024-17257,33.0,http://maryville.edu/
Metropolitan Community College,861,1075,980,18,23,20.5,3630,Public Community College,February 1,2.46,61,6.5,1.0,1554-2345,10.0,http://mcckc.edu/
Mineral Area College,1065,1343,1213,21,30,25.5,5180,Private College,2025-04-15,3.48,89,7.0,1.0,8240-19263,38.0,http://mineralarea.edu/
Mizzou University of Missouri,1074,1355,1210,19,24,20.5,9370,Public University,February 1,3.28,70,7.0,1.0,4393-11036,20.0,http://missouri.edu/
Missouri State University,1095,1250,1160,21,29,26.0,9800,Public University,July 1,2.91,75,7.0,1.0,5378-12024,22.0,http://missouristate.edu/
Missouri Valley College,920,1140,1018,20,30,24.0,23000,Private College,March 1,3.54,79,6.0,1.0,8160-18476,28.0,http://moval.edu/
Missouri Southern State  University,1000,1170,1090,21,28,25.5,8400,Public University,June 1,3.21,82,6.5,1.0,4174-9457,17.0,http://mssu.edu/
Missouri University of Science and Technology,1150,1378,1287,18,23,18.5,14278,Public,July 1,3.17,77,7.0,1.0,2602-4853,20.0,http://mst.edu/
North Central Missouri College,1080,1389,1240,20,27,22.5,4950,Private College,Rolling,3.62,78,6.0,1.0,7166-16114,27.0,http://ncmissouri.edu/
Nazarene Theological Seminary,1036,1164,1084,21,29,26.0,1000,Public University,March 1,3.36,75,6.0,1.0,4357-9132,19.0,http://nts.edu/
Northwest Missouri State University,970,1200,1090,21,24,23.5,10181,Public University,Rolling,3.41,70,6.0,1.0,5153-10627,20.0,http://nwmissouri.edu/
Ozarks Technical Community College,882,1081,1002,14,20,18.0,4184,Public Community College,July 1,2.25,70,6.5,1.0,1280-2107,16.0,http://otc.edu/
Park University,1084,1173,1118,18,28,21.0,16400,Public University,Rolling,3.34,82,6.0,1.0,5278-9846,24.0,http://park.edu/
Rockhurst University,1116,1246,1218,21,24,23.5,43420,Public University,June 1,3.33,70,6.5,1.0,2490-8697,21.0,http://rockhurst.edu/
Southwest Baptist University,960,1200,1084,20,30,24.0,28320,Private University,March 1,3.7,85,6.0,1.0,7898-15568,34.0,http://sbuniv.edu/
South Central Career Center,920,1170,1033,17,22,21.5,13970,Public University,June 1,3.14,84,6.5,1.0,2949-9318,18.0,http://scccwp.edu/
Southeast Missouri State University,850,1030,1018,20,27,23.5,9496,Public University,2025-12-01,3.42,81,6.0,1.0,5202-9497,15.0,http://semo.edu/
Saint Louis University,1008,1224,1105,20,28,24.0,27166,Public University,February 1,3.09,66,7.0,1.0,5564-8334,17.0,http://slu.edu/
Saint Charles Community College,836,1026,913,16,19,16.5,5740,Public Community College,June 1,2.3,75,6.0,1.0,1649-3418,14.0,http://stchas.edu/
Saint Louis Community College,924,1064,1012,17,23,19.0,3660,Public Community College,February 1,2.43,79,6.5,1.0,1130-2230,13.0,http://stlcc.edu/
Truman State University,1126,1318,1249,18,29,21.5,9470,Public,January 15,3.44,83,6.5,1.0,5798-11006,18.0,http://truman.edu/
University of Central Missouri,986,1354,1176,19,28,22.5,9739,Public,June 1,3.08,74,6.5,1.0,3782-7208,21.0,http://ucmo.edu/
University of Missouri Kansas City,1150,1540,1230,19,29,23.0,11988,Public University,2025-05-01,3.31,83,7.0,1.0,3426-7126,15.0,http://umkc.edu/
University of Missouri Saint Louis,1064,1319,1192,20,24,22.0,75000,Public University,June 1,3.46,70,6.5,1.0,4474-6805,25.0,http://umsl.edu/
University of Missouri System,933,1162,1062,20,27,23.5,15440,Public University,July 1,3.3,73,7.0,1.0,2139-9073,18.0,http://umsystem.edu/
Webster University,1006,1233,1145,23,28,27.5,30730,Private,June 1,3.56,84,6.5,1.0,7364-17090,33.0,http://webster.edu/
"Westminster College, Missouri",1112,1420,1271,22,32,28.0,53050,Private College,January 15,3.66,80,6.5,1.0,5335-10417,28.0,http://westminster-mo.edu/
Washington University in Saint Louis,968,1238,1119,20,27,23.5,13960,Public University,January 15,3.47,81,6.5,1.0,5871-9054,17.0,http://wustl.edu/
Alcorn State University,850,998,1039,19,24,20.5,8549,Public,Rolling,3.19,78,6.0,1.0,4401-7646,17.0,http://alcorn.edu/
Belhaven University,1098,1261,1190,17,26,23.5,29195,Public University,February 1,3.44,80,7.0,1.0,4193-9132,15.0,http://belhaven.edu/
Delta State University,940,1190,1091,18,29,21.5,8605,Public University,July 1,3.4,75,7.0,1.0,3717-9019,16.0,http://deltastate.edu/
East Mississippi Community College,895,1094,976,18,21,19.5,3950,Public Community College,Rolling,2.26,71,5.5,1.0,1462-2277,16.0,http://eastms.edu/
Jackson State University,850,1080,974,21,27,25.0,9090,Public University,March 1,3.23,81,6.0,1.0,5493-10901,23.0,http://jsums.edu/
Mississippi Gulf Coast Community College,898,1155,1028,17,24,19.5,3950,Public Community College,2025-12-06,2.23,68,5.5,1.0,1674-3375,11.0,http://mgccc.edu/
Mississippi State University,1068,1307,1190,20,26,23.0,7912,Public University,February 1,3.4,72,7.0,1.0,4653-6787,15.0,http://mssstate.edu/
Northeast Mississippi Community College,973,1119,1029,16,21,16.5,4770,Public Community College,Rolling,2.32,71,5.5,0.0,1731-3125,12.0,http://nemcc.edu/
The University of Mississippi,1053,1163,1101,17,29,25.0,13310,Public University,July 1,3.46,75,7.0,1.0,4860-9376,24.0,http://olemiss.edu/
Pearl River Community College,940,1047,994,15,21,20.0,3650,Public Community College,Rolling,2.68,65,5.5,1.0,1776-3288,15.0,http://prcc.edu/
Reformed Theological Seminary,923,1233,1072,17,29,25.0,10710,Public University,January 15,2.99,75,6.5,0.0,4752-9882,21.0,http://rts.edu/
University of Mississippi Medical Center,1008,1305,1144,18,28,21.0,15810,Public University,February 1,2.84,74,7.0,0.0,4388-7866,15.0,http://umc.edu/
University of Southern Mississippi,991,1302,1166,20,25,22.5,9618,Public University,March 1,2.82,71,6.0,1.0,3648-6218,17.0,http://usm.edu/
William Carey University,880,1200,1120,18,22,18.5,14685,Public University,June 1,3.07,76,6.5,1.0,3844-8575,24.0,http://wmcarey.edu/
Itawamba Community College,883,1131,1020,17,21,18.0,3420,Public Community College,Rolling,2.35,77,5.5,1.0,1189-2440,16.0,http://iccms.edu/
Blackfeet Community College,948,1165,1062,18,20,19.0,3610,Public Community College,2025-01-07,2.34,76,6.5,1.0,1382-2477,13.0,http://bfcc.edu/
Carroll College,1080,1330,1170,20,32,25.0,40352,Private College,February 1,3.39,84,7.0,1.0,5563-14957,33.0,http://carroll.edu/
Fort Peck Community College,797,1039,934,14,22,19.0,2250,Public Community College,January 15,2.36,78,6.0,1.0,1379-2207,10.0,http://fpcc.edu/
Flathead Valley Community College,915,1159,1039,16,23,17.5,4748,Public Community College,February 1,2.31,73,6.5,1.0,1542-3047,12.0,http://fvcc.edu/
Miles Community College,951,1150,1042,15,20,19.5,5648,Public Community College,July 1,2.52,76,6.5,1.0,1315-2179,16.0,http://milescc.edu/
Montana State University,1005,1150,1088,21,29,26.0,6706,Public University,July 1,3.26,83,7.0,1.0,3872-10164,15.0,http://montana.edu/
Montana State University Billings,1063,1185,1110,21,24,23.5,6706,Public University,Rolling,3.2,78,6.0,1.0,2092-7785,19.0,http://msubillings.edu/
Montana State University – Northern,1066,1304,1183,20,28,24.0,6269,Public University,Rolling,3.31,74,6.0,1.0,5773-11367,22.0,http://msun.edu/
Montana Tech of the University of Montana,930,1151,1030,18,22,18.5,160000,Public University,2025-08-01,3.03,84,7.0,1.0,5165-11895,20.0,http://mtech.edu/
Montana University System,1112,1247,1192,19,28,22.5,10380,Public University,June 1,3.3,74,6.5,1.0,3444-9837,23.0,http://mus.edu/
Rocky Mountain College,990,1240,1093,20,31,24.5,33252,Private College,Rolling,3.65,76,6.0,1.0,6511-10542,25.0,http://rocky.edu/
University of Montana Helena College,993,1231,1125,18,24,19.0,3975,Public University,February 1,3.22,78,7.0,1.0,5724-11344,24.0,http://umhelena.edu/
University of Montana,1072,1292,1168,20,25,22.5,6430,Public University,March 1,3.06,79,6.0,1.0,3134-8827,19.0,http://umt.edu/
University of Montana Western,943,1331,1156,18,24,19.0,6430,Public,Rolling,3.19,78,6.0,1.0,4352-9799,20.0,http://umwestern.edu/
Asheville-Buncombe Technical Community College,790,985,894,16,24,18.0,2882,Public Community College,2025-08-25,2.23,62,5.5,1.0,1584-2283,12.0,http://abtech.edu/
Alamance Community College,910,1122,1015,17,24,19.5,2528,Public Community College,March 1,2.56,68,5.5,1.0,1699-3349,15.0,http://alamancecc.edu/
Appalachian State University,1100,1280,1187,18,23,18.5,7541,Public University,2025-12-05,3.48,85,6.5,1.0,4386-11169,18.0,http://appstate.edu/
Bladen Community College,805,1026,922,14,21,18.5,2558,Public Community College,Rolling,2.23,77,5.5,0.0,1337-2366,10.0,http://bladencc.edu/
Body Therapy Institute,1079,1187,1138,20,23,21.5,10000,Public University,2025-12-07,3.05,77,6.5,1.0,4873-9895,20.0,http://bti.edu/
Campbell University,1020,1198,1124,19,22,19.5,40410,Public University,February 1,2.92,76,7.0,0.0,5567-10635,21.0,http://campbell.edu/
Cape Fear Community College,781,1000,872,15,24,21.5,2748,Public Community College,March 1,2.2,74,5.5,1.0,1027-2161,15.0,http://cfcc.edu/
Charlotte School of Law,1042,1344,1206,19,22,19.5,10000,Public University,Rolling,3.4,84,6.0,1.0,3526-9042,17.0,http://charlottelaw.edu/
Chowan University,880,1145,970,20,29,24.5,27110,Public University,January 15,3.19,75,6.5,1.0,4750-6970,15.0,http://chowan.edu/
Central Piedmont Community College,833,980,916,17,22,18.5,2792,Public Community College,2025-12-08,2.39,66,6.0,1.0,1284-2131,13.0,http://cpcc.edu/
Craven Community College,862,984,923,17,21,18.0,2022,Public Community College,Rolling,2.29,77,5.5,1.0,1378-2107,16.0,http://cravencc.edu/
Davidson College,1039,1266,1146,22,32,28.0,1978,Private College,Rolling,3.19,100,6.0,1.0,8802-17909,27.0,http://davidson.edu/
Duke University,1510,1570,1539,20,23,21.5,65805,Public University,2025-12-17,2.92,100,7.0,1.0,3659-7504,15.0,http://duke.edu/
Durham Technical Community College,902,1117,996,17,19,17.5,1986,Public Community College,June 1,2.24,69,6.0,1.0,1247-2729,11.0,http://durhamtech.edu/
Elizabeth City State University,933,1276,1100,21,29,26.0,3412,Public University,July 1,3.32,83,7.0,1.0,4473-9364,21.0,http://ecsu.edu/
East Carolina University,1050,1200,1143,19,22,19.5,7361,Public University,Rolling,3.5,76,6.0,0.0,3622-9213,18.0,http://ecu.edu/
Elon University,1143,1305,1222,18,27,20.5,44536,Public University,July 1,3.3,81,7.0,1.0,5500-10664,15.0,http://elon.edu/
Fayetteville Technical Community College,860,1005,932,16,22,17.0,2628,Public Community College,January 15,2.45,78,6.0,1.0,1443-2906,11.0,http://faytechcc.edu/
Forsyth Technical Community College,946,1137,1046,18,24,21.0,2256,Public Community College,2025-10-20,2.53,68,5.5,1.0,922-2639,15.0,http://forsythtech.edu/
Gardner-Webb University,1040,1260,1146,17,25,23.0,33450,Public University,January 15,3.03,71,6.5,1.0,4102-11098,23.0,http://gardner-webb.edu/
Gaston College,1077,1355,1199,22,28,26.0,3186,Private College,July 1,3.41,87,7.0,1.0,8723-14676,36.0,http://gaston.edu/
Guilford Technical Community College,793,1036,900,18,21,19.5,2319,Public Community College,Rolling,2.35,65,5.5,1.0,1142-2533,11.0,http://gtcc.edu/
Heritage Bible College,1090,1367,1244,20,28,23.0,8688,Private College,February 1,3.64,84,7.0,1.0,7427-15543,33.0,http://heritagebiblecollege.edu/
High Point University,991,1324,1150,17,28,24.5,20650,Public University,Rolling,2.84,82,6.0,1.0,3968-10645,18.0,http://highpoint.edu/
Isothermal Community College,947,1076,1024,18,22,20.0,2030,Public Community College,January 15,2.3,78,6.0,0.0,993-2429,16.0,http://isothermal.edu/
Lenoir Community College,932,1106,1029,15,19,18.5,2568,Public Community College,2025-12-06,2.6,75,6.0,1.0,1486-2738,12.0,http://lenoircc.edu/
Lees McRae College,1062,1306,1196,24,31,25.5,31140,Private College,June 1,3.23,90,6.5,1.0,8047-15466,39.0,http://lmc.edu/
Methodist University,1110,1220,1201,23,29,28.0,39664,Private University,June 1,3.43,78,6.5,0.0,6570-17844,27.0,http://methodist.edu/
The University of Mount Olive,921,1241,1070,17,25,23.0,7920,Public University,July 1,3.42,71,7.0,1.0,4308-7801,16.0,http://umo.edu/
Montgomery Community College,976,1219,1096,15,24,21.5,2538,Public Community College,March 1,2.53,74,5.5,1.0,1394-2305,11.0,http://montgomery.edu/
North Carolina Central University,980,1100,1023,18,25,19.5,6542,Public University,March 1,3.1,79,6.0,1.0,2376-6797,24.0,http://nccu.edu/
North Carolina School of Science and Mathematics,946,1232,1074,21,25,24.0,1495,Public University,March 1,3.42,79,6.0,0.0,2923-7023,17.0,http://ncssm.edu/
North Carolina State University,1300,1460,1380,18,29,21.5,8895,Public University,July 1,3.43,75,7.0,1.0,4715-7992,17.0,http://ncsu.edu/
North Carolina Wesleyan College,1150,1334,1247,20,26,22.0,38920,Private,February 1,3.43,84,7.0,1.0,7959-18292,33.0,http://ncwc.edu/
New Life Theological Seminary,1090,1232,1171,21,25,24.0,11010,Public University,March 1,3.05,71,6.0,0.0,4033-7968,18.0,http://nlts.edu/
University of North Carolina,1220,1360,1262,21,27,25.0,7317,Public,2025-05-23,3.15,73,7.0,1.0,3519-6472,17.0,http://northcarolina.edu/
Piedmont Community College,795,957,856,18,23,20.5,2022,Public Community College,February 1,2.25,67,6.5,1.0,837-2420,14.0,http://piedmontcc.edu/
Pitt Community College,797,962,880,15,19,18.5,1972,Public Community College,June 1,2.48,69,6.0,1.0,959-2421,10.0,http://pittcc.edu/
Queens University of Charlotte,1110,1300,1223,19,26,21.5,43285,Public University,2025-11-14,2.84,80,6.0,1.0,3620-10126,15.0,http://quinnipiac.edu/
Queens University of Charlotte,1110,1300,1223,19,26,21.5,43285,Public University,2025-11-14,2.84,80,6.0,1.0,3620-10126,15.0,http://queens.edu/
Randolph Community College,953,1087,1028,15,19,18.5,2416,Public Community College,June 1,2.24,63,6.0,1.0,1796-3424,14.0,http://randolph.edu/
Roanoke-Chowan Community College,845,1070,968,14,22,19.0,2642,Public Community College,January 15,2.42,66,6.0,1.0,1607-2261,14.0,http://roanokechowan.edu/
Salem College,1078,1315,1168,23,28,27.5,32236,Private College,June 1,3.66,82,6.5,1.0,8888-18614,31.0,http://salem.edu/
Sampson Community College,858,1071,980,18,23,20.5,2830,Public Community College,2025-12-05,2.58,67,6.5,1.0,1455-3216,16.0,http://sampsoncc.edu/
Sandhills Community College,931,1191,1049,18,24,21.0,2040,Public Community College,March 1,2.32,68,5.5,1.0,1222-2620,14.0,http://sandhills.edu/
Saint Andrews University,1100,1304,1189,17,25,23.0,1000,Public University,January 15,3.2,79,6.5,1.0,5555-11087,16.0,http://sapc.edu/
Southeastern Community College,814,992,917,15,21,20.0,2600,Public Community College,Rolling,2.38,71,5.5,1.0,1602-3264,16.0,http://sccnc.edu/
Southeastern Baptist Theological Seminary,920,1230,1090,21,31,26.0,10646,Private,February 1,3.44,88,7.0,1.0,6585-15523,37.0,http://sebts.edu/
Shaw University,1085,1170,1108,21,28,25.5,17176,Public University,June 1,3.33,82,6.5,1.0,3093-9633,25.0,http://shawu.edu/
Southwestern Community College,938,1168,1044,15,19,18.5,5806,Public Community College,June 1,2.39,69,6.0,1.0,1689-2318,12.0,http://swcciowa.edu/
Southwestern Community College,938,1168,1044,15,19,18.5,5806,Public Community College,June 1,2.39,69,6.0,0.0,1689-2318,12.0,http://southwesterncc.edu/
South Piedmont Community College,805,956,866,17,24,19.5,2022,Public,March 1,2.68,74,5.5,1.0,1253-2676,10.0,http://spcc.edu/
Stanly Community College,885,992,920,17,23,19.0,2672,Public Community College,February 1,2.22,67,6.5,1.0,1657-2794,15.0,http://stanly.edu/
Saint Augustine’s University,971,1180,1088,21,23,22.5,16896,Public University,January 15,2.92,77,6.5,1.0,3717-6528,17.0,http://st-aug.edu/
University of North Carolina at Chapel Hill,1370,1530,1454,21,23,22.5,8989,Public University,2025-01-01,3.41,77,6.5,1.0,5084-9713,23.0,http://unc.edu/
University of North Carolina Asheville,1170,1350,1247,21,24,23.5,7461,Public University,2025-11-01,3.08,78,6.0,1.0,3248-6511,18.0,http://unca.edu/
University of North Carolina Charlotte,1110,1320,1202,17,28,24.5,7214,Public,Rolling,2.95,74,6.0,1.0,2712-9587,18.0,http://uncc.edu/
University of North Carolina Greensboro,1100,1280,1187,18,25,19.5,7593,Public University,March 1,3.24,79,6.0,1.0,4436-11206,17.0,http://uncg.edu/
University of North Carolina Pembroke,930,1268,1086,21,28,25.5,3571,Public University,February 1,3.15,553,7.0,1.0,5084-11313,24.0,http://uncp.edu/
University of North Carolina School of the Arts,1150,1350,1250,17,24,22.5,9477,Public University,2025-12-12,3.35,78,6.5,1.0,2878-5737,18.0,http://uncsa.edu/
University of North Carolina Wilmington,1220,1360,1262,17,29,25.0,7317,Public University,July 1,3.49,83,7.0,1.0,5459-8880,23.0,http://uncw.edu/
Vance-Granville Community College,925,1046,968,14,21,18.5,1956,Public Community College,Rolling,2.68,65,5.5,1.0,1783-2560,15.0,http://vgcc.edu/
Wake Technical Community College,823,1008,910,17,24,19.5,2336,Public Community College,March 1,2.35,68,5.5,1.0,1595-3025,16.0,http://waketech.edu/
Warren Wilson College,1081,1340,1218,22,32,28.0,40290,Private College,July 1,3.62,89,7.0,1.0,7193-16209,38.0,http://warren-wilson.edu/
Western Carolina University,1050,1260,1151,19,27,22.0,4532,Public University,2025-04-01,3.21,79,6.0,1.0,2369-5990,24.0,http://wcu.edu/
Wake Forest University,1390,1510,1469,21,32,26.5,64758,Private,2025-01-01,3.61,89,6.0,1.0,5683-11640,38.0,http://wfu.edu/
Western Piedmont Community College,895,1091,1006,18,24,21.0,2650,Public Community College,March 1,2.26,74,5.5,1.0,1536-2567,13.0,http://wpcc.edu/
Winston-Salem State University,820,1050,946,17,23,22.0,6735,Public University,2025-12-01,2.93,85,6.5,1.0,2622-9423,17.0,http://wssu.edu/
Dakota College at Bottineau,1095,1348,1226,20,29,23.5,5347,Private College,January 15,3.27,79,6.5,0.0,6411-14262,28.0,http://dakotacollege.edu/
Mayville State University,1006,1321,1182,19,26,21.5,7935,Public University,2025-05-25,3.49,72,6.0,1.0,4271-6436,23.0,http://mayvillestate.edu/
Minot State University,930,1180,1084,19,29,23.0,8634,Public University,July 1,3.11,75,7.0,1.0,3483-5770,20.0,http://minotstateu.edu/
North Dakota State University,928,1267,1090,20,23,21.5,10857,Public University,2025-01-15,3.31,81,7.0,1.0,3811-6834,23.0,http://ndsu.edu/
North Dakota University System,1054,1265,1144,20,24,22.0,11760,Public University,Rolling,2.97,70,6.0,0.0,3818-10363,19.0,http://ndus.edu/
Turtle Mountain Community College,820,1005,892,14,24,20.0,2626,Public Community College,March 1,2.56,68,5.5,0.0,1140-2746,16.0,http://tm.edu/
University of North Dakota,1115,1239,1192,20,27,23.5,10857,Public University,January 15,2.85,81,6.5,1.0,5155-7486,21.0,http://und.edu/
United Tribes Technical College,1086,1352,1224,19,24,20.5,4252,Public Technical College,February 1,2.81,78,7.0,1.0,4690-8429,16.0,http://utcc.edu/
Valley City State University,953,1201,1067,17,29,25.0,8514,Public University,January 15,3.22,75,6.5,1.0,4914-8679,17.0,http://vcsu.edu/
Williston State College,931,1163,1045,20,29,24.5,4938,Public College,March 1,3.13,75,6.0,1.0,4936-11526,16.0,http://willistonstate.edu/
Bellevue University,972,1155,1054,19,27,22.0,8886,Public University,2025-06-02,3.01,73,7.0,1.0,4586-7623,20.0,http://bellevue.edu/
Bryan College of Health Sciences,1054,1320,1187,21,26,23.5,20070,Private College,Rolling,3.27,82,6.0,0.0,8882-20503,31.0,http://bryanhealth.com/
Creighton University,1210,1400,1296,19,23,20.0,47000,Public University,2025-12-09,3.43,85,6.5,1.0,2591-5933,16.0,http://creighton.edu/
Chadron State College,1090,1196,1125,20,24,22.0,8078,Public College,Rolling,3.07,78,6.0,1.0,3470-8236,23.0,http://csc.edu/
Concordia University Nebraska,1040,1235,1148,19,23,20.0,39330,Public University,January 15,3.11,85,6.5,1.0,4158-9615,20.0,http://cune.edu/
Joseph’s College,1020,1321,1168,21,27,24.0,20420,Private College,June 1,3.28,79,6.5,1.0,6300-12714,29.0,http://josephscollege.edu/
Little Priest Tribal College,1117,1260,1182,24,26,24.5,5400,Private College,March 1,3.26,81,6.0,1.0,6491-11224,30.0,http://littlepriest.edu/
Mid-Plains Community College,980,1120,1061,16,22,17.0,3600,Public Community College,January 15,2.33,72,6.0,1.0,1088-1912,13.0,http://mpcc.edu/
University of Nebraska,970,1150,1089,18,24,19.0,8302,Public University,June 1,3.43,78,6.5,1.0,4862-10463,20.0,http://nebraska.edu/
Northeast Community College,780,967,878,15,23,21.0,3840,Public Community College,February 1,2.64,647,6.5,1.0,1450-2868,11.0,http://northeast.edu/
Union College,1013,1222,1116,23,32,29.5,25630,Private College,January 15,3.27,79,6.5,1.0,8061-16230,28.0,http://ucollege.edu/
Union College,1013,1222,1116,23,32,29.5,25630,Private College,January 15,3.27,79,6.5,1.0,8061-16230,28.0,http://union.edu/
University of Nebraska at Kearney,970,1150,1089,19,23,20.0,8302,Public University,January 15,3.18,77,6.5,1.0,4381-8071,19.0,http://unk.edu/
University of Nebraska at Lincoln,1090,1330,1191,17,27,24.0,10108,Public University,January 15,2.98,81,6.5,1.0,2473-7645,18.0,http://unl.edu/
University of Nebraska Medical Center,994,1294,1134,20,22,21.0,9030,Public University,Rolling,3.03,76,6.0,1.0,3104-7927,19.0,http://unmc.edu/
University of Nebraska Omaha,1107,1215,1180,20,28,24.0,8370,Public University,February 1,3.2,74,7.0,1.0,5548-10499,19.0,http://unomaha.edu/
Wayne State College,1048,1296,1184,19,24,20.5,7970,Public College,Rolling,3.3,70,6.0,0.0,5624-9976,24.0,http://wsc.edu/
Saint Anselm College,1090,1270,1183,21,28,24.5,46810,Private College,January 15,3.26,75,6.5,1.0,6237-17076,40.0,http://anselm.edu/
Antioch University New England,932,1207,1068,18,28,21.0,24400,Public University,June 1,3.07,74,6.5,1.0,4923-10935,19.0,http://antiochne.edu/
Community College System of New Hampshire,977,1181,1089,18,19,18.5,50000,Public Community College,June 1,2.33,69,6.0,1.0,1502-2820,14.0,http://ccsnh.edu/
Colby Sawyer College,1003,1333,1151,24,30,25.0,18400,Private College,January 15,3.62,77,6.5,1.0,6936-14277,26.0,http://colby-sawyer.edu/
Dartmouth College,1500,1570,1533,24,29,24.5,65739,Private College,June 1,3.63,80,6.5,1.0,7827-16434,29.0,http://dartmouth.edu/
Phillips Exeter Academy,1022,1266,1149,21,27,25.0,12860,Public University,January 15,3.36,73,6.5,1.0,5568-11811,25.0,http://exeter.edu/
Granite State College,1099,1320,1198,18,26,20.0,10690,Public,Rolling,3.01,80,6.0,1.0,2829-5894,25.0,http://granite.edu/
Keene State College,999,1214,1104,17,25,23.0,14710,Public College,July 1,3.42,71,7.0,1.0,4535-10476,19.0,http://keene.edu/
Manchester Community College,824,1068,941,15,22,20.5,7090,Public Community College,January 15,2.21,66,6.0,0.0,1332-2432,12.0,http://mccnh.edu/
Mount Washington College,1029,1362,1208,22,31,27.5,37330,Private College,Rolling,3.52,86,6.0,1.0,7254-15044,35.0,http://mountwashington.edu/
Nashua Community College,970,1139,1046,16,24,18.0,7140,Public Community College,March 1,2.32,68,5.5,0.0,1768-2891,14.0,http://nashuacc.edu/
New England College,1075,1366,1206,21,26,23.5,41578,Private College,2025-08-20,3.49,80,6.5,1.0,8308-13846,38.0,http://nec.edu/
NHTI Concord’s Community College,977,1218,1112,16,19,16.5,7200,Public Community College,June 1,2.48,69,6.0,0.0,1154-2376,16.0,http://nhti.edu/
Plymouth State University,987,1271,1114,19,23,20.0,14558,Public University,July 1,3.35,77,7.0,1.0,2056-7766,18.0,http://plymouth.edu/
Rivier University,1097,1240,1188,21,29,25.0,37791,Private,January 15,3.61,87,6.5,1.0,6636-10707,36.0,http://rivier.edu/
Southern New Hampshire University,988,1166,1092,17,29,25.0,16450,Public University,March 1,2.98,75,6.0,1.0,5275-7299,15.0,http://snhu.edu/
University of New Hampshire,949,1340,1164,18,23,18.5,11310,Public University,March 1,2.94,77,6.0,1.0,5690-8602,21.0,http://unh.edu/
White Mountains Community College,881,992,926,18,22,20.0,7050,Public Community College,January 15,2.33,72,6.0,0.0,1164-2662,12.0,http://wmcc.edu/
Atlantic Cape Community College,878,1067,974,18,19,18.5,4863,Public Community College,June 1,2.48,75,6.0,1.0,1788-2649,13.0,http://atlantic.edu/
Burlington County College,1021,1369,1182,20,31,24.5,4968,Private College,January 15,3.34,75,6.5,1.0,7511-16295,40.0,http://bcc.edu/
Bergen Community College,800,978,894,17,19,17.5,4757,Public Community College,June 1,2.33,63,6.0,1.0,958-2381,16.0,http://bergen.edu/
Brookdale Community College,924,1156,1052,15,23,21.0,5921,Public Community College,February 1,2.22,73,6.5,1.0,1418-2217,14.0,http://brookdalecc.edu/
Centenary College of New Jersey,1121,1372,1242,23,26,25.5,27350,Private College,June 1,3.55,80,6.5,1.0,5534-14033,29.0,http://centenarycollege.edu/
Drew University,1110,1320,1247,18,27,20.5,45360,Public University,January 15,2.98,81,6.5,0.0,5245-8446,15.0,http://drew.edu/
Eastwick College,1145,1412,1286,24,31,25.5,14846,Private College,February 1,3.28,78,7.0,1.0,7421-17031,27.0,http://eastwickcollege.edu/
Fairleigh Dickinson University,1074,1171,1128,20,22,21.0,35822,Public University,February 1,3.09,84,7.0,1.0,3686-8964,18.0,http://fdu.edu/
Felician College,1093,1392,1236,23,29,28.0,5000,Private College,Rolling,3.17,90,6.0,1.0,8298-19124,39.0,http://felician.edu/
Fortis Institute,950,1226,1097,21,22,21.5,10160,Public University,June 1,2.85,84,6.5,1.0,4634-7646,15.0,http://fortis.edu/
Georgian Court University,1014,1346,1191,17,24,22.5,37110,Public University,February 1,3.34,70,7.0,1.0,4819-9650,15.0,http://georgian.edu/
Kean University,1020,1198,1150,19,29,23.0,13426,Public University,March 1,3.2,83,6.0,1.0,3241-7437,21.0,http://kean.edu/
Mercer County Community  College,1042,1233,1156,24,29,24.5,5082,Private College,Rolling,3.38,86,6.0,1.0,8804-19273,35.0,http://mccc.edu/
Middlesex County College,1140,1417,1290,22,30,27.0,22730,Private College,June 1,3.43,88,6.5,1.0,6344-14168,37.0,http://middlesexcc.edu/
Monmouth University,1160,1253,1186,20,30,24.0,30120,Private,July 1,3.42,550,7.0,1.0,8909-20184,34.0,http://monmouth.edu/
Montclair State University,1046,1189,1118,17,23,22.0,30680,Public,2025-12-01,3.0,77,6.5,1.0,2829-6210,23.0,http://montclair.edu/
New Jersey City University,1029,1171,1089,18,22,18.5,13971,Public University,February 1,3.17,76,7.0,1.0,5493-9025,21.0,http://njcu.edu/
New Jersey Institute of Technology,1210,1470,1336,19,28,22.5,19022,Public,2025-11-15,2.99,79,6.0,1.0,3386-7603,25.0,http://njit.edu/
Ocean County College,1057,1225,1151,22,32,28.0,4690,Private College,January 15,3.53,87,6.5,1.0,6742-16486,36.0,http://ocean.edu/
Princeton University,1500,1580,1535,20,24,22.0,59710,Public University,Rolling,3.47,70,6.0,1.0,3992-7096,23.0,http://princeton.edu/
Princeton Theological Seminary,952,1337,1148,18,28,21.0,8050,Public University,2025-04-15,2.83,82,6.0,1.0,2118-8090,19.0,http://ptsem.edu/
Ramapo College of New Jersey,1120,1270,1190,21,30,25.5,15978,Private College,March 1,3.38,81,6.0,1.0,7858-18384,30.0,http://ramapo.edu/
Raritan Valley Community College,821,926,876,17,22,18.5,5520,Public Community College,2025-01-01,2.6,78,6.0,1.0,1746-3420,13.0,http://raritanval.edu/
Rider University,1100,1310,1219,22,31,27.5,38900,Private,July 1,3.31,87,7.0,1.0,7623-12445,36.0,http://rider.edu/
Rowan University,1100,1310,1216,18,28,21.0,15700,Public University,June 1,2.99,82,6.5,1.0,5459-9392,22.0,http://rowan.edu/
Rutgers University,1010,1255,1118,21,26,24.5,17079,Public,2025-10-01,2.8,80,6.0,1.0,3323-7597,17.0,http://rutgers.edu/
Seton Hall University,1220,1400,1308,23,27,26.5,51370,Private,2025-07-25,3.66,75,6.0,1.0,6339-16127,40.0,http://shu.edu/
Stenotech Career Institute,989,1341,1163,18,23,18.5,8020,Public University,2025-12-07,3.2,77,6.5,1.0,4091-8882,22.0,http://stenotech.edu/
Stevens Institute of Technology,1370,1500,1447,17,29,25.0,60952,Public University,January 15,2.99,75,6.5,1.0,4316-7838,23.0,http://stevens.edu/
Stockton College,1080,1260,1171,20,27,22.5,15532,Private College,July 1,3.22,89,7.0,1.0,5079-16855,38.0,http://stockton.edu/
Sussex County Community College,812,998,917,18,22,20.0,5544,Public Community College,January 15,2.36,66,6.0,1.0,1288-2800,10.0,http://sussex.edu/
The College of New Jersey,1140,1340,1247,23,27,26.5,18685,Private College,2025-02-01,3.36,77,7.0,1.0,7767-12928,26.0,http://tcnj.edu/
Thomas Edison State College,1094,1198,1126,18,27,20.5,6638,Public College,January 15,3.02,81,6.5,1.0,4054-6832,25.0,http://tesc.edu/
William Paterson University,980,1169,1084,17,22,21.5,15150,Public,June 1,3.24,76,6.5,1.0,4123-8569,17.0,http://wpunj.edu/
County College of Morris,1139,1232,1180,22,28,26.0,6210,Private College,February 1,3.25,80,7.0,1.0,5859-14374,29.0,http://ccm.edu/
Camden County College,1104,1360,1250,22,26,25.0,3960,Private College,June 1,3.52,82,6.5,1.0,7452-15636,31.0,http://camdencc.edu/
Passaic County Community College,862,1067,968,18,21,19.5,5580,Public Community College,Rolling,2.47,77,5.5,1.0,852-2192,15.0,http://pccc.edu/
Ross University,941,1201,1056,20,22,21.0,15980,Public University,June 1,3.24,84,6.5,1.0,2110-7177,23.0,http://rossu.edu/
Central New Mexico,952,1182,1081,20,25,22.5,1934,Public University,March 1,3.46,79,6.0,1.0,5802-10040,19.0,http://cnm.edu/
Eastern New Mexico University,850,1070,965,17,28,24.5,6863,Public University,June 1,3.42,82,6.5,1.0,5847-8703,18.0,http://enmu.edu/
New Mexico Highlands University,1036,1327,1180,21,24,23.5,7260,Public University,Rolling,3.14,78,6.0,1.0,3554-5887,25.0,http://nmhu.edu/
New Mexico State University,976,1360,1185,20,26,23.0,2322,Public University,Rolling,3.24,72,6.0,1.0,4218-8828,25.0,http://nmsu.edu/
New Mexico State University Alamogordo,927,1208,1054,17,24,22.5,2616,Public University,February 1,3.02,70,7.0,1.0,4773-10645,17.0,http://nmsua.edu/
New Mexico Institute of Mining and Technology,1040,1290,1182,21,26,24.5,9058,Public,2025-05-01,3.1,79,6.5,1.0,5265-9898,22.0,http://nmt.edu/
Northern New Mexico College,1006,1233,1128,24,27,24.5,6400,Private College,Rolling,3.47,84,6.0,1.0,6585-15008,33.0,http://nnmc.edu/
San Juan College,1015,1250,1114,24,27,24.5,1790,Private College,February 1,3.43,90,7.0,1.0,5791-14837,39.0,http://sanjuancollege.edu/
Southwestern College,1104,1230,1161,22,29,26.5,29310,Private College,Rolling,3.38,76,6.0,1.0,7026-12791,25.0,http://swcc.edu/
Southwestern College,1104,1230,1161,22,29,26.5,29310,Private College,Rolling,3.38,76,6.0,1.0,7026-12791,25.0,http://swc.edu/
Univeristy of New Mexico,985,1233,1109,20,29,24.5,14440,Public University,March 1,3.12,75,6.0,1.0,2796-7292,20.0,http://unm.edu/
University of the Southwest,946,1173,1050,21,26,24.5,16670,Public University,Rolling,2.81,72,6.0,1.0,3265-5478,22.0,http://usw.edu/
College of Southern Nevada,1064,1319,1200,20,31,24.5,2000,Private College,July 1,3.59,79,7.0,1.0,6088-10868,28.0,http://csn.edu/
Great Basin College,1080,1338,1212,23,30,28.5,3855,Private College,Rolling,3.67,78,6.0,1.0,5054-11044,27.0,http://gbcnv.edu/
Pima Medical Institute,1065,1181,1124,21,28,25.5,13180,Public University,February 1,2.94,74,7.0,1.0,3935-9111,15.0,http://pmi.edu/
Sierra Nevada College,1002,1237,1132,23,26,25.5,37660,Private College,January 15,3.33,87,6.5,1.0,6594-16773,36.0,http://sierranevada.edu/
Truckee Meadows Community College,962,1141,1062,17,19,17.5,3144,Public Community College,2025-05-02,2.27,63,6.0,1.0,1666-2797,10.0,http://tmcc.edu/
University of Nevada Las Vegas,980,1230,1091,20,22,21.0,9142,Public University,June 1,3.31,76,6.5,1.0,3180-5934,24.0,http://unlv.edu/
University of Nevada Reno,1103,1273,1203,18,22,18.5,8994,Public,2025-08-20,2.88,84,6.5,1.0,4228-9925,22.0,http://unr.edu/
Western Nevada College,1150,1315,1252,20,26,22.0,3920,Private College,June 1,3.3,78,6.5,1.0,7474-16603,27.0,http://wnc.edu/
Adelphi University,1140,1310,1224,22,31,27.5,47290,Private,2025-12-08,3.24,89,7.0,1.0,6189-10297,38.0,http://adelphi.edu/
University at Albany,1051,1150,1110,21,28,25.5,10408,Public University,Rolling,3.21,74,6.0,1.0,3844-8412,20.0,http://albany.edu/
Alfred University,1100,1280,1205,20,23,21.5,39530,Public University,2025-12-04,2.82,85,7.0,1.0,4262-9984,20.0,http://alfred.edu/
The American Musical and Dramatic Academy,924,1265,1110,18,25,19.5,15750,Public University,July 1,3.15,79,7.0,1.0,3014-9285,21.0,http://amda.edu/
ASA College,1112,1356,1240,20,28,23.0,35904,Private College,Rolling,3.31,86,6.0,1.0,7091-13240,35.0,http://asa.edu/
Bard College,1019,1411,1217,22,32,28.0,39940,Private College,June 1,3.54,90,6.5,1.0,6087-11505,39.0,http://bard.edu/
Barnard College,1453,1550,1500,21,29,25.0,66246,Private College,July 1,3.11,81,7.0,1.0,6203-11394,30.0,http://barnard.edu/
Binghamton University,1320,1490,1415,20,24,22.0,10363,Public,June 1,3.13,78,6.5,1.0,4335-7521,24.0,http://binghamton.edu/
The College at Brockport,1045,1265,1156,20,31,24.5,31990,Private College,February 1,3.56,88,7.0,0.0,6636-15847,37.0,http://brockport.edu/
University at Buffalo,1210,1380,1298,19,24,20.5,10782,Public,2025-02-01,2.81,78,6.0,1.0,5194-11604,24.0,http://buffalo.edu/
Buffalo State University,1210,1380,1298,17,27,24.0,10782,Public University,March 1,3.08,81,6.0,1.0,4268-10612,23.0,http://buffalostate.edu/
Cazenovia College,1100,1337,1236,23,26,25.5,14344,Private,July 1,3.4,89,7.0,1.0,7126-15779,38.0,http://cazenovia.edu/
Clarkson University,1198,1390,1307,17,23,22.0,57950,Public University,March 1,3.02,85,6.0,1.0,4367-9049,17.0,http://clarkson.edu/
Clinton Community College,820,1055,948,18,24,21.0,6831,Public Community College,March 1,2.59,74,5.5,1.0,1260-2449,10.0,http://clinton.edu/
The College of New Rochelle,1031,1262,1140,23,31,29.0,19640,Private College,February 1,3.34,86,7.0,0.0,6950-11079,35.0,http://cnr.edu/
Cobleskill University,999,1295,1145,20,26,23.0,10000,Public University,February 1,3.46,80,7.0,1.0,3583-10091,18.0,http://cobleskill.edu/
Colgate University,1430,1530,1480,18,29,21.5,67024,Public University,March 1,2.88,75,6.0,1.0,3603-7292,22.0,http://colgate.edu/
Columbia University in the City of New York,1490,1570,1547,17,28,24.5,69045,Public University,June 1,3.23,82,6.5,0.0,5860-8068,23.0,http://columbia.edu/
Concordia College New York,1173,1356,1274,24,26,24.5,28840,Private College,Rolling,3.12,82,6.0,1.0,6302-13408,31.0,http://concordia-ny.edu/
The Cooper Union,1073,1167,1107,19,25,21.0,10000,Public University,January 15,2.9,79,6.5,1.0,4178-10778,25.0,http://cooper.edu/
Cornell University,1019,1295,1139,20,28,24.0,10000,Public University,June 1,3.25,82,6.5,1.0,5507-11912,23.0,http://cornell.edu/
Cortland College,1075,1376,1214,20,28,23.0,6946,Private College,February 1,3.28,76,7.0,1.0,5388-15835,25.0,http://cortland.edu/
The City University of New York,939,1357,1156,19,22,19.5,1000000,Public,February 1,3.04,76,7.0,1.0,2387-7440,21.0,http://cuny.edu/
The College of Westchester,1048,1379,1196,20,30,24.0,24705,Private College,February 1,3.28,86,7.0,1.0,8768-18573,35.0,http://cw.edu/
Daemen College,1092,1306,1210,21,26,23.5,9500,Private,June 1,3.2,77,6.5,1.0,6605-12353,33.0,http://daemen.edu/
Dominican College,1022,1359,1170,20,27,22.5,27027,Private,Rolling,3.29,88,6.0,1.0,5613-15590,37.0,http://dc.edu/
Delhi State University of New York,980,1343,1166,17,28,24.5,11400,Public University,June 1,3.43,74,6.5,1.0,2170-6847,20.0,http://delhi.edu/
Dowling College,1083,1334,1228,24,28,24.5,33030,Private College,February 1,3.1,82,7.0,1.0,8776-14687,31.0,http://dowling.edu/
D’Youville College,1016,1319,1158,21,30,25.5,26360,Private College,February 1,3.25,86,7.0,1.0,6546-16330,35.0,http://dyc.edu/
Erie Community College State University of New York,829,1073,947,17,21,18.0,6000,Public Community College,Rolling,2.59,71,5.5,1.0,1199-2524,12.0,http://ecc.edu/
Elim Bible Institute,988,1332,1143,17,22,21.5,10480,Public University,Rolling,3.08,84,6.0,1.0,2756-6781,17.0,http://elim.edu/
Elmira College,1116,1332,1239,22,28,26.0,37932,Private College,Rolling,3.33,82,6.0,0.0,8970-13019,31.0,http://elmira.edu/
Empire State College,1008,1352,1171,18,22,18.5,10000,Public College,February 1,3.41,76,7.0,1.0,5113-9251,22.0,http://esc.edu/
College of Environmental Science and Forestry,1081,1369,1228,20,31,24.5,9206,Private College,January 15,3.3,79,6.5,1.0,5084-15359,28.0,http://esf.edu/
Farmingdale State College,1020,1200,1104,19,26,21.5,8576,Public College,Rolling,3.48,72,6.0,1.0,4331-6655,18.0,http://farmingdale.edu/
Fashion Institute of Technology,997,1292,1128,19,24,20.5,6170,Public University,Rolling,2.82,70,6.0,1.0,2488-6801,18.0,http://fitnyc.edu/
Finger Lakes Community College,817,994,902,17,24,19.5,6138,Public Community College,2025-03-25,2.23,74,5.5,1.0,894-2248,15.0,http://flcc.edu/
Fordham University,1330,1490,1412,18,29,21.5,61992,Public University,January 15,3.31,83,6.5,1.0,5092-9562,16.0,http://fordham.edu/
Fredonia University,1009,1197,1093,17,28,24.5,24825,Public,Rolling,3.11,82,6.0,1.0,2799-7337,16.0,http://fredonia.edu/
Five Towns College,1098,1290,1210,21,31,26.0,29950,Private College,Rolling,3.63,88,6.0,1.0,6307-16008,37.0,http://ftc.edu/
Geneseo University,1039,1252,1136,18,26,20.0,8999,Public University,Rolling,3.24,80,6.0,1.0,3903-6653,25.0,http://geneseo.edu/
Globe Institute of Technology,1113,1235,1178,17,25,23.0,13390,Public University,July 1,2.86,79,7.0,0.0,4334-10662,19.0,http://globe.edu/
The General Theological Seminary,1064,1179,1110,21,26,24.5,12010,Public University,2025-09-20,3.4,72,6.5,1.0,2711-4856,20.0,http://gts.edu/
Hamilton College,1410,1550,1487,23,28,27.5,65740,Private College,January 15,3.45,89,6.5,1.0,6443-12872,38.0,http://hamilton.edu/
Hartwick College,1090,1280,1170,22,28,26.0,52849,Private College,January 15,3.19,80,6.5,1.0,5454-15999,36.0,http://hartwick.edu/
Herkimer College,1021,1328,1172,20,26,22.0,5776,Private College,July 1,3.64,83,7.0,1.0,7545-16429,32.0,http://herkimer.edu/
Hofstra University,1210,1380,1294,20,24,22.0,55450,Public University,Rolling,3.49,78,6.0,1.0,5069-9247,20.0,http://hofstra.edu/
Hudson Valley Community College,791,1010,884,16,22,17.0,6694,Public Community College,January 15,2.48,78,6.0,1.0,1510-2912,15.0,http://hvcc.edu/
Hobart and William Smith Colleges,1096,1379,1222,20,29,23.5,25530,Private College,2025-11-15,3.6,88,7.0,1.0,5878-14219,37.0,http://hws.edu/
Institute of Design and Construction,1017,1201,1091,21,22,21.5,9690,Public University,February 1,2.84,84,7.0,1.0,5759-12024,17.0,http://idc.edu/
Iona College,1066,1370,1209,21,26,23.5,21600,Private College,2025-12-05,3.3,81,7.0,1.0,6740-16212,30.0,http://iona.edu/
Ithaca College,1190,1370,1285,21,30,25.5,50510,Private College,June 1,3.41,76,6.5,1.0,7655-18398,25.0,http://ithaca.edu/
The Jewish Theological Seminary,1440,1559,1507,20,27,23.5,65545,Public University,March 1,3.25,81,6.0,1.0,3098-6052,15.0,http://jtsa.edu/
The Juilliard School,1072,1322,1183,21,26,24.5,56550,Public University,Rolling,3.01,72,6.0,1.0,2603-8275,24.0,http://juilliard.edu/
Keuka College,1008,1183,1090,24,27,24.5,38000,Private College,March 1,3.18,81,6.0,1.0,6251-12091,30.0,http://keuka.edu/
Lehman College,860,1220,1010,24,28,24.5,7410,Private College,January 15,3.29,79,6.5,1.0,8757-13254,28.0,http://lehman.edu/
Le Moyne,1160,1340,1260,20,25,22.5,38970,Public University,July 1,3.44,79,7.0,1.0,3529-8801,16.0,http://lemoyne.edu/
Lim College,990,1200,1090,21,32,26.5,31950,Private College,Rolling,3.1,82,6.0,1.0,5411-17311,31.0,http://limcollege.edu/
Long Island University,1140,1350,1259,17,23,22.0,41642,Public University,July 1,3.22,85,7.0,1.0,2479-9011,23.0,http://liu.edu/
Manhattan College,1098,1224,1153,20,32,25.0,5170,Private College,Rolling,3.69,80,6.0,1.0,6286-10374,29.0,http://manhattan.edu/
Marist College,1156,1396,1256,20,26,22.0,10000,Private College,2025-03-10,3.61,85,6.5,1.0,6204-11511,34.0,http://marist.edu/
Metropolitan College of New York,1144,1298,1205,24,28,24.5,20188,Private,July 1,3.12,87,7.0,1.0,5303-14553,36.0,http://mcny.edu/
Mercy College,1062,1303,1190,22,26,25.0,9000,Private College,June 1,3.49,88,6.5,1.0,6579-12474,37.0,http://mercy.edu/
Marymount Manhattan College,1100,1300,1226,21,31,26.0,40260,Private College,February 1,3.52,78,7.0,1.0,5255-9531,27.0,http://mmm.edu/
Monroe Community College,839,949,899,18,22,20.0,5856,Public Community College,January 15,2.45,70,5.5,1.0,820-1767,11.0,http://monroecc.edu/
Morrisville State College,1047,1175,1114,17,26,23.5,4000,Public College,February 1,2.82,80,7.0,1.0,2771-8616,21.0,http://morrisville.edu/
Mount Saint Marry College,1101,1360,1240,22,26,25.0,30000,Private College,January 15,3.6,83,6.5,1.0,8748-16785,32.0,http://msmc.edu/
Icahn School of Medicine at Mount Sinai,1013,1175,1101,20,27,23.5,7820,Public University,2025-06-01,2.95,73,7.5,1.0,5394-10749,25.0,http://mssm.edu/
Manhattanville College,1075,1293,1179,20,30,24.0,10000,Private College,March 1,3.54,83,6.0,1.0,7451-15373,32.0,http://mville.edu/
Nazareth College,1117,1328,1214,20,31,24.5,1000,Private College,February 1,3.15,88,7.0,1.0,6609-16324,37.0,http://naz.edu/
Nassau Community College,807,959,894,18,20,19.0,6330,Public Community College,July 1,2.4,70,6.5,1.0,932-2221,11.0,http://ncc.edu/
New Paltz,1170,1340,1267,20,22,21.0,8524,Public,February 1,3.24,84,7.0,1.0,5006-10599,23.0,http://newpaltz.edu/
The New School,1103,1215,1170,19,22,19.5,56386,Public University,June 1,2.83,84,6.5,1.0,3762-9312,15.0,http://newschool.edu/
Niagara University,1030,1240,1155,22,29,26.5,38135,Private,2025-05-01,3.42,79,6.0,1.0,8547-15684,30.0,http://niagara.edu/
Nyack College,1102,1276,1195,24,29,24.5,10000,Private College,June 1,3.62,90,6.5,1.0,6300-14592,39.0,http://nyack.edu/
New York College of Health Professions,1123,1311,1224,21,27,24.0,14235,Private College,March 1,3.63,83,6.0,1.0,6493-17163,32.0,http://nycollege.edu/
New York Film Academy,1027,1319,1155,21,27,25.0,11680,Public University,2025-06-20,3.5,81,6.0,1.0,4181-10357,25.0,http://nyfa.edu/
New York Institute of Technology,1180,1390,1290,18,22,18.5,44360,Public University,February 1,3.32,84,7.0,1.0,4886-6921,25.0,http://nyit.edu/
New York University,1170,1340,1267,20,24,22.0,8524,Public University,June 1,3.4,70,6.5,1.0,3670-5956,21.0,http://nyu.edu/
State University of New York at Oneonta,1073,1260,1152,19,22,19.5,8000,Public University,June 1,2.92,75,6.0,1.0,5111-11246,21.0,http://oneonta.edu/
State University of New York at Oswego,1060,1270,1177,20,23,21.5,8769,Public,July 1,3.43,85,7.0,1.0,2002-6779,20.0,http://oswego.edu/
Pace University,1130,1328,1232,19,23,20.0,51424,Public University,March 1,3.12,85,6.0,1.0,4798-10788,24.0,http://pace.edu/
Paul Smith’s College,1176,1363,1282,22,28,26.0,32049,Private College,June 1,3.54,88,6.5,1.0,6817-10936,37.0,http://paulsmiths.edu/
State University of New York at Plattsburgh,1100,1270,1180,18,28,21.0,8881,Public University,Rolling,3.44,74,6.0,0.0,4192-9312,23.0,http://plattsburgh.edu/
State University of New York at Potsdam,946,1303,1130,20,25,22.5,11090,Public University,March 1,3.32,71,6.0,1.0,4395-9116,19.0,http://potsdam.edu/
Pratt Institute,1220,1420,1339,21,29,26.0,59683,Public University,July 1,3.38,83,7.0,1.0,3853-6983,16.0,http://pratt.edu/
Purchase College,1178,1363,1277,21,32,26.5,8953,Private College,2025-12-06,3.52,80,6.5,1.0,6706-13783,29.0,http://purchase.edu/
Rochester Institute of Technology,1280,1460,1378,19,22,19.5,57016,Public University,2025-12-20,3.01,84,6.5,1.0,3554-6026,20.0,http://rit.edu/
Roberts Wesleyan College,1151,1226,1204,20,31,24.5,36880,Private College,February 1,3.54,78,7.0,1.0,5911-12854,27.0,http://roberts.edu/
University of Rochester,1400,1540,1480,19,22,19.5,64348,Public University,Rolling,2.86,84,6.0,1.0,5411-10240,25.0,http://rochester.edu/
Rensselaer Polytechnic Institute,1330,1500,1415,19,23,20.0,61884,Public University,March 1,3.14,77,6.0,1.0,5942-11440,22.0,http://rpi.edu/
The Sages Colleges,1097,1236,1168,20,27,22.5,10000,Private College,March 1,3.23,81,6.0,1.0,7328-11446,30.0,http://sage.edu/
Saint Bonaventure University,1027,1182,1116,17,28,24.5,20000,Public University,Rolling,3.13,82,6.0,1.0,2272-5436,25.0,http://sbu.edu/
The New York Conservatory for Dramatic Arts,1016,1165,1106,19,22,19.5,10180,Public University,June 1,3.38,84,6.5,1.0,3261-5625,15.0,http://sft.edu/
Siena College,1093,1360,1238,20,28,23.0,44405,Private College,July 1,3.59,77,7.0,1.0,8185-12395,26.0,http://siena.edu/
Saint John Fisher College,1141,1282,1196,22,32,28.0,28850,Private College,June 1,3.27,78,6.5,1.0,6182-14162,27.0,http://sjfc.edu/
Skidmore College,1300,1460,1388,21,26,23.5,65030,Private College,Rolling,3.53,88,6.0,1.0,6449-14836,37.0,http://skidmore.edu/
Sarah Lawrence College,1270,1440,1374,23,27,26.5,63678,Private College,February 1,3.45,76,7.0,1.0,8003-12828,25.0,http://slc.edu/
Saint Bernard’s School of Theology and Ministry,939,1294,1116,20,22,21.0,10480,Public University,February 1,3.35,76,7.0,1.0,5755-8666,15.0,http://stbernards.edu/
Saint John’s University,1016,1325,1156,20,23,21.5,16480,Public University,January 15,3.0,85,6.5,1.0,3534-8574,20.0,http://stjohns.edu/
Saint Lawrence University,1110,1337,1224,18,29,21.5,10000,Public University,2025-03-02,3.11,83,7.0,1.0,5110-8918,21.0,http://stlawu.edu/
Stony Brook University,1320,1490,1410,19,28,22.5,10560,Public,February 1,3.02,74,7.0,1.0,4443-10354,19.0,http://stonybrook.edu/
Stony Brook Medicine,960,1331,1150,21,24,23.5,10790,Public University,2025-04-15,3.14,70,7.0,1.0,2313-7060,16.0,http://stonybrookmedicine.edu/
The College of Saint Rose,1154,1277,1214,21,31,26.0,37452,Private College,July 1,3.29,81,7.0,0.0,5440-17150,30.0,http://strose.edu/
State University of New York,1170,1340,1267,21,28,25.5,8524,Public University,February 1,2.8,74,7.0,0.0,4587-9448,17.0,http://suny.edu/
State University of New York at Adirondack,1026,1325,1194,17,29,25.0,13330,Public University,July 1,2.81,83,7.0,1.0,5383-11882,15.0,http://sunyacc.edu/
State University of New Institute of Technology,967,1295,1136,19,29,23.0,58590,Public University,2025-12-25,3.28,83,6.0,1.0,2606-8908,20.0,http://sunyit.edu/
Jamestown Community College,978,1113,1046,16,23,17.5,6600,Public Community College,February 1,2.7,73,6.5,1.0,1202-2706,15.0,http://sunyjcc.edu/
Orange County Community College,942,1189,1072,15,23,21.0,6382,Public Community College,2025-12-11,2.46,67,6.5,1.0,1076-1979,15.0,http://sunyorange.edu/
Rockland Community College,926,1044,967,16,22,17.0,6398,Public Community College,January 15,2.57,66,6.0,1.0,1654-3272,12.0,http://sunyrockland.edu/
Suffolk County Community College,881,1077,998,17,19,17.5,6440,Public Community College,June 1,2.33,63,6.0,1.0,1207-2862,13.0,http://sunysuffolk.edu/
Westchester Community College,795,917,867,17,23,19.0,5696,Public Community College,February 1,2.67,73,6.5,1.0,1154-2702,16.0,http://sunywcc.edu/
Syracuse University,1260,1430,1351,19,22,19.5,63061,Public University,June 1,3.46,76,6.5,1.0,4228-9166,19.0,http://syr.edu/
Tompkins Cortland Community College,947,1151,1050,15,19,18.5,6946,Public Community College,June 1,2.24,75,6.0,1.0,1691-3375,14.0,http://tc3.edu/
The Touro College and University System,1075,1324,1186,17,22,21.5,9840,Public University,Rolling,3.34,84,6.0,1.0,5110-7284,24.0,http://touro.edu/
Touro College Jacob D. Fuchsberg Law Center,1155,1277,1223,20,26,22.0,38760,Private College,July 1,3.52,75,7.0,1.0,8050-12608,40.0,http://tourolaw.edu/
Union College,1310,1480,1410,23,32,29.5,66456,Private College,2025-01-15,3.27,79,6.5,1.0,8061-16230,28.0,http://ucollege.edu/
Union College,1310,1480,1410,23,32,29.5,66456,Private College,2025-01-15,3.27,79,6.5,1.0,8061-16230,28.0,http://union.edu/
Upstate  Medical University,965,1266,1112,19,23,20.0,11090,Public University,January 15,3.47,85,6.5,0.0,3009-5736,20.0,http://upstate.edu/
United States Military Academy West Point,1200,1430,1355,17,26,23.5,11230,Public University,Rolling,2.89,72,6.0,1.0,5160-10247,20.0,http://usma.edu/
Utica College,1063,1362,1222,22,28,26.0,150000,Private College,March 1,3.53,79,6.0,1.0,5488-14913,28.0,http://utica.edu/
Vassar College,1435,1550,1513,24,26,24.5,67805,Private College,2025-12-25,3.47,86,7.0,1.0,6909-15373,35.0,http://vassar.edu/
Wagner College,1150,1320,1234,22,26,25.0,52000,Private College,March 1,3.17,89,6.0,1.0,8657-20635,38.0,http://wagner.edu/
Wells College,1034,1280,1142,20,28,23.0,35166,Private College,February 1,3.7,84,7.0,1.0,7351-18617,33.0,http://wells.edu/
Yeshiva University,1320,1500,1410,17,28,24.5,49900,Public University,June 1,2.81,74,6.5,1.0,5252-7802,25.0,http://yu.edu/
Canton State University of New York,981,1211,1100,21,23,22.5,10000,Public University,July 1,2.86,77,7.0,1.0,5144-11553,22.0,http://canton.edu/
Excelsior College,1108,1340,1240,24,30,25.0,10000,Private College,July 1,3.69,81,7.0,1.0,5277-10399,30.0,http://excelsior.edu/
Culinary Institute of America,970,1195,1089,20,22,21.0,38410,Public University,Rolling,3.35,84,6.0,0.0,3448-8355,22.0,http://ciachef.edu/
Ashland University,1020,1255,1119,21,29,25.0,28910,Private,July 1,3.49,83,7.0,1.0,6616-18506,32.0,http://ashland.edu/
Aultman College of Nursing and Health Sciences,1022,1240,1120,23,28,27.5,19854,Private College,June 1,3.44,76,6.5,0.0,8299-19663,25.0,http://aultmancollege.edu/
Belmont College,1036,1255,1144,23,28,27.5,4815,Private College,June 1,3.42,78,6.5,1.0,5478-12621,27.0,http://belmontcollege.edu/
Bowling Green State University,984,1252,1116,17,23,22.0,6206,Public,July 1,3.33,85,7.0,1.0,4817-7497,18.0,http://bgsu.edu/
Baldwin Wallace University,1050,1285,1176,17,24,22.5,37938,Public University,Rolling,3.36,70,6.0,1.0,3101-6082,16.0,http://bw.edu/
Capital University,980,1190,1118,20,31,24.5,41788,Private,February 1,3.63,84,7.0,1.0,6195-11878,33.0,http://capital.edu/
Case Western Reserve University,1430,1540,1501,17,29,25.0,64671,Public University,July 1,3.31,75,7.0,1.0,3506-5541,21.0,http://case.edu/
Cincinnati College of Mortuary Science,1086,1286,1193,22,26,25.0,23010,Private College,July 1,3.51,87,7.0,1.0,7039-12479,36.0,http://ccms.edu/
Cedarville University,1110,1360,1246,21,23,22.5,36078,Public University,January 15,3.13,85,6.5,1.0,5925-9882,24.0,http://cedarville.edu/
Central State University,938,1305,1112,17,28,24.5,7824,Public University,2025-11-18,3.28,82,6.5,1.0,3186-10089,24.0,http://centralstate.edu/
Cincinnati State Technical and Community College,945,1180,1070,15,20,19.5,5400,Public Community College,July 1,2.37,64,6.5,1.0,1141-2586,10.0,http://cincinnatistate.edu/
Central Ohio Technical College,1058,1214,1122,18,27,20.5,5136,Public Technical College,January 15,3.01,73,6.5,1.0,5609-7970,22.0,http://cotc.edu/
Columbus State Community College,963,1164,1080,17,23,19.0,5338,Public Community College,2025-05-16,2.67,61,6.5,1.0,1597-3022,11.0,http://cscc.edu/
Cleveland State University,1064,1311,1190,19,28,22.5,12613,Public University,June 1,3.39,82,6.5,1.0,3307-10186,17.0,http://csuohio.edu/
Western Reserve University,1430,1540,1501,20,27,23.5,64671,Public University,January 15,3.42,81,6.5,1.0,2935-7114,16.0,http://cwru.edu/
Defiance College,1063,1280,1172,24,27,24.5,38778,Private College,July 1,3.38,87,7.0,1.0,5791-9923,36.0,http://defiance.edu/
Denison University,1300,1470,1395,18,27,20.5,64000,Public University,2025-10-28,3.34,81,6.0,1.0,3195-6614,19.0,http://denison.edu/
The University of Findlay,1057,1303,1199,23,29,28.0,39646,Private,January 15,3.69,61,6.5,1.0,8780-18752,32.0,http://findlay.edu/
Franklin University,1096,1281,1194,18,28,21.0,9577,Public University,Rolling,3.01,82,6.0,1.0,2648-9010,25.0,http://franklin.edu/
Heidelberg University,931,1176,1048,19,22,19.5,33628,Public University,Rolling,3.2,84,6.0,1.0,3536-7615,23.0,http://heidelberg.edu/
Hiram College,1142,1366,1240,22,31,27.5,26265,Private College,January 15,3.18,83,6.0,1.0,5880-12333,32.0,http://hiram.edu/
Hocking College,1013,1338,1172,24,29,24.5,5300,Private College,Rolling,3.7,80,6.0,1.0,5791-16995,29.0,http://hocking.edu/
John Carroll University,1190,1350,1295,19,27,22.0,49100,Public University,2025-04-15,3.14,81,6.5,1.0,5308-7954,25.0,http://jcu.edu/
Kettering College,1078,1280,1180,22,28,26.0,15672,Private College,July 1,3.57,75,7.0,1.0,6332-14889,40.0,http://kc.edu/
Kent State University,1000,1230,1095,18,26,20.0,12846,Public University,Rolling,3.06,72,58.0,1.0,3162-5216,22.0,http://kent.edu/
Kenyon College,1360,1500,1440,23,29,28.0,69330,Private College,June 1,3.57,80,6.5,1.0,8164-13432,29.0,http://kenyon.edu/
Lakeland Community College,841,980,930,16,21,16.5,3872,Public Community College,Rolling,2.56,77,5.5,1.0,1626-2271,12.0,http://lakelandcc.edu/
Lima Central Catholic High School,968,1200,1094,21,29,26.0,10620,Public University,January 15,3.29,83,6.5,0.0,3834-6018,21.0,http://lcchs.edu/
Lorain County Community College,840,1015,916,16,23,17.5,4135,Public Community College,February 1,2.28,67,6.5,0.0,822-2073,13.0,http://lorainccc.edu/
Malone University,885,1236,1089,20,22,21.0,36120,Public University,June 1,3.45,84,6.5,1.0,2658-5853,15.0,http://malone.edu/
Marietta College,990,1295,1103,22,29,26.5,38974,Private College,2025-07-15,3.45,75,6.5,1.0,6593-17685,40.0,http://marietta.edu/
Miami University,1210,1380,1313,20,24,22.0,17809,Public,June 1,2.98,78,6.5,1.0,2384-9254,15.0,http://miamioh.edu/
University of Mount Union,1070,1290,1227,22,30,27.0,35400,Private,January 15,3.65,75,6.5,1.0,5681-10943,40.0,http://mountunion.edu/
Mount Saint Joseph University,1062,1229,1138,21,22,21.5,10000,Public University,February 1,3.17,76,7.0,1.0,3385-8471,22.0,http://msj.edu/
Muskingum University,900,1120,1016,19,29,23.0,31440,Public University,2025-12-12,2.82,75,7.0,1.0,3415-7475,16.0,http://muskingum.edu/
Mount Vernon Nazarene University,963,1228,1119,17,28,24.5,35524,Public University,Rolling,3.31,82,6.0,1.0,3657-9011,20.0,http://mvnu.edu/
North Central State College,997,1227,1118,19,24,20.5,4624,Public College,2025-05-12,2.9,78,6.0,1.0,2256-6935,18.0,http://ncstatecollege.edu/
Oberlin College and Conservatory,1123,1277,1183,21,30,25.5,10000,Private College,2025-12-25,3.7,88,7.0,1.0,5111-13194,37.0,http://oberlin.edu/
Ohio University,880,1083,1068,18,28,21.0,36650,Public,2025-12-01,2.81,74,6.5,1.0,5713-10603,16.0,http://ohio.edu/
Ohio Dominican University,1086,1328,1210,18,23,18.5,34370,Public University,2025-12-08,2.92,77,7.0,1.0,5170-9923,24.0,http://ohiodominican.edu/
Ohio State University,1072,1207,1134,21,27,25.0,9310,Public University,March 1,3.46,81,6.0,1.0,2686-4833,25.0,http://osu.edu/
Ohio State University,1072,1207,1134,21,27,25.0,9310,Public University,March 1,3.46,81,6.0,1.0,2686-4833,25.0,http://osu.edu/
Ohio Northern University,1173,1376,1290,20,25,22.5,37800,Public,March 1,2.84,79,6.0,1.0,5112-7364,25.0,http://onu.edu/
Otterbein University,984,1334,1152,21,27,25.0,34899,Public University,July 1,3.21,81,7.0,1.0,4608-7873,17.0,http://otterbein.edu/
Owens Community College,935,1085,1025,18,19,18.5,5750,Public Community College,June 1,2.39,69,6.0,0.0,1567-2912,16.0,http://owens.edu/
Ohio Wesleyan University,1105,1350,1311,18,26,20.0,52357,Public University,Rolling,3.32,80,6.0,1.0,4732-7326,23.0,http://owu.edu/
University of Rio  Grande,1078,1323,1218,18,22,18.5,20560,Public University,Rolling,3.19,84,6.0,1.0,4421-8320,23.0,http://rio.edu/
Shawnee State University,955,1262,1116,21,25,24.0,9622,Public,2025-12-06,2.99,71,6.0,1.0,5875-11970,23.0,http://shawnee.edu/
Sinclair Community College,876,1083,964,14,23,19.5,3435,Public Community College,February 1,2.58,61,6.5,1.0,868-2069,10.0,http://sinclair.edu/
Tiffin University,870,1120,989,23,27,26.5,32400,Private,March 1,3.24,87,6.0,1.0,7945-13785,36.0,http://tiffin.edu/
Cuyahoga Community College,841,1035,951,16,21,16.5,3736,Public Community College,Rolling,2.23,77,5.5,1.0,1275-2522,11.0,http://tri-c.edu/
The University of Akron,954,1265,1090,17,24,22.5,12320,Public University,February 1,3.48,70,7.0,1.0,5302-10811,18.0,http://uakron.edu/
University of Cincinnati,1150,1360,1281,18,27,20.5,13570,Public University,2025-11-01,3.11,73,7.0,1.0,5738-12576,15.0,http://uc.edu/
University of Cincinnati Blue Ash,1094,1336,1209,18,26,20.0,6992,Public University,2025-04-24,3.27,72,6.5,1.0,4051-6301,18.0,http://ucblueash.edu/
University of Cincinnati Clermont,1036,1161,1088,17,29,25.0,6554,Public University,March 1,3.08,79,6.5,1.0,2516-5095,17.0,http://ucclermont.edu/
University of Dayton,1195,1370,1313,18,25,19.5,47600,Public University,January 15,2.9,79,6.5,1.0,4661-7544,17.0,http://udayton.edu/
Urbana University,1108,1355,1216,17,29,25.0,12580,Public University,March 1,2.82,83,6.0,1.0,5397-8813,20.0,http://urbana.edu/
Ursuline College,960,1200,1140,20,32,25.0,37860,Private College,February 1,3.46,86,7.0,0.0,8865-19288,35.0,http://ursuline.edu/
University of Toledo,1050,1300,1209,20,25,22.5,12377,Public University,July 1,3.48,71,7.0,1.0,3532-6776,17.0,http://utoledo.edu/
Walsh University,1056,1215,1210,20,24,22.0,34595,Public University,2025-12-01,2.96,62,5.5,1.0,3984-9570,18.0,http://walsh.edu/
Wilmington College,860,1050,1042,21,31,26.0,30962,Private College,2025-11-01,3.21,61,7.0,1.0,8184-18277,35.0,http://wilmington.edu/
Wittenberg University,1070,1260,1153,20,25,22.5,44602,Public University,2025-05-01,2.81,79,7.0,1.0,3101-8250,22.0,http://wittenberg.edu/
The College of Wooster,1250,1450,1370,24,29,24.5,59550,Private College,February 1,3.23,84,7.0,1.0,6548-12369,33.0,http://wooster.edu/
Wright State University,913,1230,1086,20,27,23.5,11188,Public University,2025-12-09,2.81,81,6.5,1.0,3202-6871,24.0,http://wright.edu/
Xavier University,1060,1298,1224,19,29,23.0,48125,Public University,July 1,3.43,83,7.0,1.0,5951-12408,21.0,http://xavier.edu/
Youngstown State University,940,1210,1055,18,27,20.5,10791,Public,March 1,3.46,46,6.0,1.0,2466-9326,16.0,http://ysu.edu/
Ohio State University,1072,1207,1134,21,27,25.0,9310,Public University,2025-01-20,3.46,79,7.0,1.0,2686-4833,25.0,http://osu.edu/
Ohio State University,1072,1207,1134,21,27,25.0,9310,Public University,2025-01-20,3.46,79,7.0,1.0,2686-4833,25.0,http://osu.edu/
Cameron University,1109,1308,1194,21,27,25.0,6900,Public University,January 15,3.03,81,6.5,1.0,2780-8225,15.0,http://cameron.edu/
Connors State College,990,1177,1072,18,24,19.0,3704,Public College,February 1,3.33,78,7.0,1.0,2743-8219,18.0,http://connorsstate.edu/
East  Central University,935,1055,1019,17,29,25.0,8032,Public University,January 15,3.32,83,6.5,1.0,5690-8015,24.0,http://ecok.edu/
Langston University,1053,1169,1110,19,28,22.5,6728,Public University,February 1,2.93,74,7.0,1.0,4137-6514,18.0,http://langston.edu/
Mid-America Christian University,1058,1354,1224,24,26,24.5,19896,Private University,January 15,3.5,85,6.5,1.0,6196-16060,34.0,http://macu.edu/
Meridian Technology Center,1006,1185,1078,18,28,21.0,7660,Public University,Rolling,3.49,74,6.0,1.0,2266-5676,24.0,http://meridiantech.edu/
Northeastern State University,920,1145,1050,21,23,22.5,7513,Public University,2025-11-01,2.92,61,5.5,1.0,3602-5760,15.0,http://nsuok.edu/
Northwestern Oklahoma State University,868,1090,1015,17,25,23.0,5970,Public University,2025-07-15,2.83,61,6.0,1.0,5012-7975,23.0,http://nwosu.edu/
Oklahoma Christian University,1000,1220,1117,22,29,26.5,25900,Private University,Rolling,3.18,82,6.0,1.0,7813-15153,31.0,http://oc.edu/
Oklahoma City Community College,781,955,848,15,21,20.0,4059,Public Community College,Rolling,2.26,77,5.5,1.0,1010-2186,12.0,http://occc.edu/
Oklahoma City University,1036,1334,1205,21,22,21.5,3779,Public University,Rolling,3.24,76,6.0,1.0,4309-8394,17.0,http://okcu.edu/
Oklahoma State University,929,1167,1062,20,23,21.5,8295,Public,January 15,3.07,85,6.5,1.0,4349-10712,16.0,http://okstate.edu/
Oklahoma State University,929,1167,1062,20,23,21.5,8295,Public University,January 15,3.07,85,6.5,1.0,4349-10712,16.0,http://osuokc.edu/
Oral Roberts University,1083,1250,1183,17,24,22.5,34100,Public University,June 1,2.82,78,6.5,1.0,4551-8793,25.0,http://oru.edu/
Oklahoma State University Institue of Technology,965,1218,1074,18,24,19.0,10960,Public University,June 1,3.3,79,6.5,1.0,2851-9238,24.0,http://osuit.edu/
Oklahoma State University,929,1167,1062,20,23,21.5,8295,Public,January 15,3.07,85,6.5,1.0,4349-10712,16.0,http://okstate.edu/
Oklahoma State University,929,1167,1062,20,23,21.5,8295,Public University,January 15,3.07,85,6.5,1.0,4349-10712,16.0,http://osuokc.edu/
The University of Oklahoma,924,1251,1070,18,28,21.0,13460,Public University,February 1,3.21,79,7.0,1.0,3796-9284,24.0,http://ou.edu/
The University of Oklahoma Health Sciences Center,1109,1229,1163,20,25,22.5,7990,Public University,January 15,2.98,71,6.5,1.0,3345-8919,15.0,http://ouhsc.edu/
Rose State College,1065,1294,1176,21,26,24.5,5032,Public College,February 1,3.09,72,7.0,1.0,4090-8567,16.0,http://rose.edu/
Rogers State University,940,1202,1090,20,26,23.0,7392,Public University,2025-07-01,2.8,72,6.0,1.0,2392-7785,16.0,http://rsu.edu/
Southeastern Oklahoma State University,960,1150,1084,20,24,22.0,7200,Public University,Rolling,3.0,70,6.0,1.0,2239-7950,22.0,http://se.edu/
Southwestern Christian University,1025,1366,1186,22,27,25.5,21316,Private University,June 1,3.61,61,6.5,1.0,6184-13165,27.0,http://swcu.edu/
Southwestern Oklahoma State Univeristy,1118,1321,1230,20,22,21.0,10610,Public University,June 1,2.96,84,6.5,1.0,4763-9176,18.0,http://swosu.edu/
Tulsa Community College,875,993,953,14,19,17.5,3768,Public Community College,June 1,2.36,75,6.0,1.0,1150-2785,12.0,http://tulsacc.edu/
University of Central Oklahoma,1118,1157,1128,19,24,20.5,8522,Public University,June 1,3.28,78,6.5,0.0,2940-7779,15.0,http://uco.edu/
University of Science and Arts of Oklahoma,1000,1220,1117,17,24,22.5,25900,Public University,June 1,3.28,70,6.5,1.0,2899-6715,17.0,http://usao.edu/
University of Tulsa,1150,1490,1325,17,22,21.5,48602,Public University,Rolling,2.93,84,6.0,1.0,4587-11327,24.0,http://utulsa.edu/
Western Oklahoma State College,1105,1245,1169,17,28,24.5,5446,Public College,Rolling,3.39,82,6.0,1.0,2380-5619,23.0,http://wosc.edu/
Blue Mountain Community College,793,964,898,18,24,21.0,6941,Public Community College,March 1,2.53,68,5.5,1.0,1350-2679,16.0,http://bluecc.edu/
Clatsop Community College,943,1184,1058,18,24,21.0,4575,Public Community College,March 1,2.56,68,5.5,1.0,1567-3211,16.0,http://clatsopcc.edu/
Central Oregon Community College,902,1123,1002,18,22,20.0,4941,Public Community College,January 15,2.66,78,6.0,1.0,1470-3206,10.0,http://cocc.edu/
Columbia School of English,1091,1191,1130,21,29,26.0,10000,Public University,January 15,3.02,75,6.5,1.0,3474-10446,19.0,http://cs.edu/
Concordia University Portland Oregon,1070,1183,1124,21,26,24.5,8170,Public University,June 1,3.14,72,6.5,0.0,2756-5489,16.0,http://cu-portland.edu/
Eastern Oregon University,1107,1204,1138,20,29,24.5,10671,Public,July 1,3.17,75,7.0,1.0,3358-10136,18.0,http://eou.edu/
George Fox University,1070,1330,1170,21,26,24.5,40940,Public University,Rolling,2.97,80,6.0,1.0,2641-5109,21.0,http://georgefox.edu/
Lane Community College,844,1085,978,17,21,18.0,5879,Public Community College,2025-12-11,2.68,71,5.5,1.0,1308-3019,16.0,http://lanecc.edu/
Lewis and Clark,1210,1390,1321,17,27,24.0,62350,Public University,2025-11-01,3.15,81,7.0,1.0,2010-4393,20.0,http://lclark.edu/
Linfield College,1052,1302,1167,23,29,28.0,49530,Private College,2025-04-15,3.17,89,6.5,1.0,6432-11336,38.0,http://linfield.edu/
Linn-Benton Community College,856,1015,944,14,24,20.0,6288,Public Community College,March 1,2.35,74,5.5,1.0,1275-2550,11.0,http://linnbenton.edu/
Marylhurst University,957,1332,1152,21,22,21.5,7970,Public University,February 1,3.17,76,7.0,1.0,3648-5965,18.0,http://marylhurst.edu/
National College of Natural Medicine,1107,1258,1182,23,29,28.0,10000,Private College,June 1,3.56,80,6.5,1.0,6377-11771,29.0,http://ncnm.edu/
Oregon Health and Science University,1041,1227,1144,18,29,21.5,8590,Public University,July 1,2.95,83,7.0,1.0,2187-7102,25.0,http://ohsu.edu/
Oregon State University,868,1108,1057,21,27,25.0,11025,Public University,January 15,3.13,81,6.5,1.0,3097-7612,22.0,http://oregonstate.edu/
Pacific University Oregon,990,1240,1123,17,24,22.5,54466,Public University,June 1,3.16,70,6.5,1.0,5875-8842,25.0,http://pacificu.edu/
Portland Community College,854,1037,928,16,19,16.5,5040,Public,2025-12-17,2.39,75,6.0,1.0,1733-2652,14.0,http://pcc.edu/
Portland State University,961,1170,1076,20,27,23.5,11238,Public University,March 1,3.04,73,6.0,1.0,2612-7570,22.0,http://pdx.edu/
Reed College,1300,1510,1420,23,30,28.5,67020,Private College,February 1,3.42,78,7.0,1.0,7078-17744,27.0,http://reed.edu/
Rogue Community College,806,983,878,15,19,18.5,5184,Public Community College,June 1,2.6,69,6.0,1.0,1111-2635,15.0,http://roguecc.edu/
Southwestern Oregon Community  College,1089,1252,1154,21,26,23.5,6840,Private College,June 1,3.11,84,6.5,0.0,5322-12015,33.0,http://socc.edu/
Southern Oregon University,923,1172,1028,20,24,22.0,12093,Public University,June 1,3.1,78,6.5,1.0,5052-12024,23.0,http://sou.edu/
University of Oregon,1080,1256,1173,18,23,18.5,11360,Public University,July 1,3.12,85,7.0,1.0,3134-6300,22.0,http://uoregon.edu/
University of Portland,1041,1227,1151,20,27,23.5,11238,Public University,2025-09-01,3.22,73,7.0,1.0,3831-9739,25.0,http://up.edu/
Warner Pacific College,1002,1328,1166,22,32,28.0,21010,Private,February 1,3.29,84,7.0,1.0,7572-17386,33.0,http://warnerpacific.edu/
Willamette University,1220,1430,1339,20,28,23.0,48268,Private,2025-02-01,3.22,79,6.5,1.0,5640-11047,38.0,http://willamette.edu/
Western Oregon University,868,1108,1057,17,22,21.5,11025,Public,Rolling,3.18,76,6.0,1.0,4792-9714,15.0,http://wou.edu/
Allegheny College,1152,1345,1260,23,26,25.5,4842,Private College,June 1,3.69,80,6.5,1.0,7175-12272,29.0,http://allegheny.edu/
Alvernia University,1066,1253,1160,22,31,27.5,42810,Private,July 1,3.43,79,7.0,1.0,5013-15442,28.0,http://alvernia.edu/
Arcadia University,1083,1310,1210,18,27,20.5,48290,Public University,2025-01-15,2.81,73,6.5,1.0,3296-8381,17.0,http://arcadia.edu/
Baptist Bible College & Seminary,1111,1385,1233,23,32,29.5,32400,Private College,July 1,3.2,75,7.0,0.0,6875-13287,40.0,http://bbc.edu/
Butler County Community College,849,958,904,14,20,18.0,5610,Public Community College,2025-12-10,2.64,70,6.5,1.0,903-1914,10.0,http://bc3.edu/
Bloomsburg University,1084,1169,1114,17,28,24.5,10990,Public University,Rolling,3.11,82,6.0,1.0,5582-12298,18.0,http://bloomu.edu/
Bryn Mawr College,1300,1470,1404,23,28,27.5,62560,Private College,March 1,3.43,75,6.0,1.0,7138-13077,40.0,http://brynmawr.edu/
Bucknell University,1300,1450,1389,21,29,26.0,64772,Public University,2025-05-01,2.86,75,6.0,1.0,4204-7560,24.0,http://bucknell.edu/
Bucks County Community College,941,1046,996,17,22,18.5,5021,Public Community College,January 15,2.6,72,6.0,1.0,1529-2516,13.0,http://bucks.edu/
California University of Pennsylvania,963,1163,1082,20,28,24.0,8390,Public University,February 1,2.88,82,7.0,1.0,3766-8498,24.0,http://calu.edu/
Carlow University,1094,1301,1214,17,26,23.5,34502,Public University,June 1,3.29,80,6.5,1.0,5236-7666,25.0,http://carlow.edu/
Community College of Allegheny County,898,1048,956,18,24,21.0,4842,Public Community College,March 1,2.59,62,5.5,1.0,1651-3150,16.0,http://ccac.edu/
Community College of Philadelphia,886,1132,998,16,24,18.0,4632,Public Community College,March 1,2.5,74,5.5,1.0,1243-2377,14.0,http://ccp.edu/
Cedar Crest College,1000,1230,1070,24,26,24.5,44934,Private College,January 15,3.33,81,6.5,1.0,8830-17518,30.0,http://cedarcrest.edu/
Chatham University,1070,1290,1205,21,29,26.0,43810,Public University,July 1,3.44,75,7.0,1.0,4329-11125,19.0,http://chatham.edu/
Chestnut Hill College,1143,1341,1235,24,31,25.5,39410,Private College,March 1,3.32,85,6.0,1.0,6202-13908,34.0,http://chc.edu/
Clarion University,1105,1282,1190,17,29,25.0,9520,Public University,March 1,3.27,75,6.0,1.0,2884-8325,16.0,http://clarion.edu/
Carnegie Mellon University,1500,1570,1545,20,24,22.0,63829,Public University,February 1,2.82,70,7.0,1.0,4592-10854,25.0,http://cmu.edu/
Delaware County Community College,852,1032,929,18,23,20.5,6660,Public Community College,February 1,2.61,61,6.5,1.0,1268-2800,11.0,http://dccc.edu/
Delaware Valley College,1113,1408,1252,22,28,26.0,27700,Private,June 1,3.1,74,5.5,1.0,5033-13289,29.0,http://delval.edu/
Dickinson College,1158,1307,1216,20,27,22.5,63475,Private College,2025-11-15,3.28,75,7.0,1.0,5481-16753,40.0,http://dickinson.edu/
Drexel University,1230,1430,1337,19,26,21.5,60663,Public University,2025-11-15,3.45,80,7.0,1.0,5710-10265,15.0,http://drexel.edu/
Drexel University College of Medicine,989,1217,1109,19,28,22.5,8500,Public University,June 1,3.27,74,6.5,1.0,3155-6002,16.0,http://drexelmed.edu/
Duquesne University,1160,1350,1257,17,28,24.5,47146,Public University,2025-11-15,3.35,82,7.0,1.0,4159-9410,25.0,http://duq.edu/
Eastern University,926,1170,1036,20,23,21.5,37420,Public University,January 15,3.11,85,6.5,1.0,3029-7961,25.0,http://eastern.edu/
Edinboro University,925,1286,1094,21,26,24.5,8740,Public,Rolling,3.33,80,6.0,1.0,4185-8324,15.0,http://edinboro.edu/
Elizabethtown College,1090,1280,1190,21,28,24.5,36842,Private College,March 1,3.62,81,6.0,1.0,8526-19715,30.0,http://etown.edu/
Evangelical Seminary,1018,1199,1122,18,28,21.0,16160,Public University,Rolling,2.91,74,6.0,1.0,2638-5430,23.0,http://evangelical.edu/
Franklin & Marshall College,1298,1460,1394,20,26,22.0,68380,Private College,March 1,3.62,89,6.0,1.0,7687-18573,38.0,http://fandm.edu/
Saint Francis University,1020,1250,1151,18,28,21.0,41720,Public University,Rolling,3.41,82,6.0,1.0,5523-11474,15.0,http://francis.edu/
Grove City College,1128,1374,1261,23,29,28.0,20890,Private College,Rolling,3.65,84,6.0,1.0,8380-18177,33.0,http://gcc.edu/
Geneva College,1045,1406,1240,22,32,28.0,33610,Private College,2025-12-12,3.68,89,7.0,1.0,5705-14679,38.0,http://geneva.edu/
Gettysburg College,1240,1460,1350,22,32,28.0,64230,Private College,February 1,3.36,90,7.0,1.0,8684-18813,27.0,http://gettysburg.edu/
Harrisburg Area Community College,963,1134,1068,17,23,19.0,7373,Public Community College,2025-11-20,2.31,61,6.5,1.0,1245-2020,16.0,http://hacc.edu/
Haverford College,1430,1540,1498,22,32,28.0,68300,Private College,June 1,3.25,90,6.5,1.0,6926-18749,39.0,http://haverford.edu/
Holy Family University,950,1130,1030,20,25,22.5,33968,Public University,July 1,3.09,79,7.0,1.0,3606-9922,21.0,http://holyfamily.edu/
Indiana University of Pennsylvania,940,1170,1052,17,28,24.5,11380,Public University,June 1,3.21,82,6.5,1.0,4008-7665,23.0,http://iup.edu/
Thomas Jefferson University,1150,1350,1259,20,23,21.5,45683,Public University,March 1,2.91,85,6.0,1.0,5825-10654,17.0,http://jefferson.edu/
Juniata College,1070,1280,1185,22,29,26.5,56402,Private College,June 1,3.1,78,6.5,1.0,7531-18889,27.0,http://juniata.edu/
Keystone College,910,1130,1030,21,29,25.0,17850,Private College,June 1,3.59,90,6.5,1.0,8670-19755,39.0,http://keystone.edu/
King’s College,1060,1240,1150,23,29,28.0,42600,Private College,March 1,3.43,83,6.0,1.0,7482-19463,32.0,http://kings.edu/
Kutztown University,1070,1270,1170,18,24,19.0,11230,Public University,Rolling,3.28,78,6.0,1.0,4061-6505,16.0,http://kutztown.edu/
Lackawanna College,1170,1380,1285,23,32,29.5,17950,Private College,March 1,3.61,79,6.0,1.0,8674-19146,28.0,http://lackawanna.edu/
Lafayette College,1340,1490,1419,24,30,25.0,62574,Private College,July 1,3.17,100,7.0,1.0,7700-15048,38.0,http://lafayette.edu/
Lancaster County Career and Technology Center,929,1234,1076,21,27,25.0,15810,Public University,January 15,2.9,81,6.5,1.0,5228-10208,25.0,http://lancasterctc.edu/
Lancaster Theological Seminary,1044,1212,1124,21,28,25.5,15700,Public University,February 1,2.91,74,7.0,1.0,3809-9930,23.0,http://lancasterseminary.edu/
La Roche College,1012,1244,1140,20,29,23.5,34290,Private College,February 1,3.45,80,7.0,1.0,8784-13261,29.0,http://laroche.edu/
La Salle University,1061,1186,1142,17,24,22.5,35570,Public University,June 1,3.14,78,6.5,1.0,4070-7703,24.0,http://lasalle.edu/
Lehigh Carbon Community College,924,1040,988,16,20,16.5,5215,Public Community College,July 1,2.67,70,6.5,1.0,945-1849,10.0,http://lccc.edu/
Lake Erie College of Osteopathic Medicine,1058,1240,1166,22,26,25.0,32580,Private College,January 15,3.17,75,6.5,1.0,8240-18461,40.0,http://lecom.edu/
Lehigh University,1350,1490,1432,20,23,21.5,62180,Public University,2025-11-01,3.15,85,7.0,1.0,2475-6607,16.0,http://lehigh.edu/
Lock Haven University,1015,1304,1142,20,29,24.5,13810,Public University,March 1,3.32,75,6.0,1.0,2543-6232,25.0,http://lhup.edu/
The Lincoln University,936,1186,1075,17,28,24.5,10000,Public University,2025-05-01,2.85,82,7.0,1.0,3407-5436,23.0,http://lincoln.edu/
Lansdale School of Business,1044,1354,1210,18,28,21.0,11850,Public University,February 1,2.93,82,7.0,1.0,2719-8753,20.0,http://lsb.edu/
Lebanon Valley College,1093,1300,1190,23,31,29.0,50320,Private College,March 1,3.63,81,6.0,1.0,7544-13171,30.0,http://lvc.edu/
Lycoming College,1070,1273,1169,23,26,25.5,47675,Private College,June 1,3.1,86,6.5,1.0,8332-17461,35.0,http://lycoming.edu/
Manor College,725,935,820,24,29,24.5,19964,Private College,Rolling,3.7,90,6.0,1.0,7513-18780,39.0,http://manor.edu/
Mansfield University,960,1322,1155,18,26,20.0,20000,Public University,February 1,2.84,72,7.0,1.0,3358-6284,17.0,http://mansfield.edu/
Marywood University,1050,1240,1153,18,28,21.0,39570,Public University,February 1,3.18,74,7.0,1.0,4103-9252,15.0,http://marywood.edu/
Montgomery County Community College,924,1061,1000,16,23,17.5,6270,Public Community College,February 1,2.64,73,6.5,1.0,1365-2294,10.0,http://mc3.edu/
Mercyhurst University,1076,1338,1219,19,22,19.5,44510,Public University,June 1,2.88,76,6.5,1.0,3796-10126,20.0,http://mercyhurst.edu/
Messiah College,1047,1291,1165,23,26,25.5,17000,Private,January 15,3.51,75,6.5,1.0,7962-13941,40.0,http://messiah.edu/
Millersville University,1030,1210,1120,17,23,22.0,12262,Public,January 15,3.38,77,6.5,1.0,4117-6775,18.0,http://millersville.edu/
Misericordia University,1065,1345,1223,18,24,19.0,38370,Public University,2025-12-08,2.95,70,7.0,1.0,4326-9034,16.0,http://misericordia.edu/
Moravian College,1114,1271,1204,24,29,24.5,23590,Private College,February 1,3.11,88,7.0,1.0,5963-13107,37.0,http://moravian.edu/
Mount Aloysius College,900,1105,1034,21,30,25.5,26156,Private College,Rolling,3.2,76,6.0,1.0,8732-14848,25.0,http://mtaloy.edu/
Muhlenberg College,1230,1400,1327,24,31,25.5,60240,Private College,Rolling,3.63,80,6.0,1.0,5021-13525,29.0,http://muhlenberg.edu/
Neumann University,1005,1231,1118,18,26,20.0,37300,Public University,February 1,3.43,72,7.0,1.0,5379-9916,19.0,http://neumann.edu/
Northampton Community College,949,1134,1050,18,21,19.5,5310,Public Community College,Rolling,2.35,71,5.5,1.0,1714-2679,16.0,http://northampton.edu/
Pennsylvania Gunsmith School,985,1245,1130,17,26,23.5,11770,Public University,Rolling,3.17,72,6.0,1.0,3551-9871,21.0,http://pagunsmith.edu/
Philadelphia College of Osteopathic Medicine,1085,1400,1250,24,29,24.5,19730,Private College,July 1,3.59,81,7.0,1.0,7448-14676,30.0,http://pcom.edu/
Pennsylvania College of Technology,1077,1224,1170,20,31,24.5,17940,Private College,March 1,3.65,85,6.0,1.0,7307-13522,34.0,http://pct.edu/
Philadelphia University,1150,1350,1259,19,23,20.0,45683,Public University,July 1,3.16,85,7.0,0.0,5759-12396,25.0,http://philau.edu/
University of Pittsburgh,1270,1450,1371,17,22,21.5,21524,Public,February 1,3.46,84,7.0,1.0,5513-9183,15.0,http://pitt.edu/
Penn State University,1030,1270,1133,19,27,22.0,14380,Public,March 1,3.28,81,6.0,1.0,3529-7914,18.0,http://psu.edu/
Reading Area Community College,943,1165,1057,14,21,18.5,6270,Public Community College,Rolling,2.44,65,5.5,1.0,1170-2393,11.0,http://racc.edu/
Robert Morris University,1049,1225,1140,19,25,21.0,34940,Public University,January 15,3.28,55,6.5,1.0,2896-6106,18.0,http://rmu.edu/
Saint Vincent Seminary,1020,1277,1162,20,23,21.5,19000,Public University,July 1,3.13,77,7.0,1.0,5766-7771,19.0,http://saintvincentseminary.edu/
Salus University,964,1219,1094,17,23,22.0,10000,Public University,March 1,2.82,77,6.0,1.0,2615-7867,16.0,http://salus.edu/
The University of Scranton,1096,1347,1230,20,22,21.0,10350,Public University,2026-05-20,3.09,76,6.0,1.0,5187-8513,21.0,http://scranton.edu/
Shippensburg University,990,1210,1090,18,29,21.5,13544,Public University,July 1,3.2,83,7.0,1.0,4706-10602,18.0,http://ship.edu/
Saint Joseph’s University,1150,1330,1256,21,26,24.5,51340,Public University,February 1,3.46,280,7.0,1.0,2992-9197,25.0,http://sju.edu/
Slippery Rock University,980,1190,1086,20,24,22.0,10507,Public University,Rolling,2.96,70,6.0,1.0,4255-11112,21.0,http://sru.edu/
Saint Vincent College,993,1231,1120,22,31,27.5,41100,Private College,January 15,3.13,80,6.0,1.0,6522-12576,30.0,http://stvincent.edu/
Susquehanna University,1090,1290,1211,20,24,22.0,57400,Public University,June 1,3.08,70,6.5,1.0,5306-11579,15.0,http://susqu.edu/
Swarthmore College,1460,1560,1527,20,28,23.0,62412,Private College,March 1,3.67,81,6.0,0.0,6920-12565,30.0,http://swarthmor.edu/
Temple University,966,1327,1146,19,26,21.5,22082,Public University,February 1,3.02,72,7.0,1.0,5665-9275,20.0,http://temple.edu/
The  American College of Financial Services,1042,1295,1152,20,31,24.5,10000,Private College,July 1,3.39,79,7.0,1.0,6804-15763,28.0,http://theamericancollege.edu/
Thiel College,1110,1357,1218,23,30,28.5,36864,Private College,June 1,3.68,84,6.5,1.0,7223-13304,33.0,http://thiel.edu/
University of the Arts,967,1327,1139,21,25,24.0,54290,Public University,March 1,3.12,79,6.0,0.0,2561-5800,23.0,http://uarts.edu/
University of Pennsylvania,954,1257,1096,17,26,23.5,32400,Public University,February 1,3.17,72,7.0,1.0,2471-6570,24.0,http://upenn.edu/
University of the Sciences in Philadelphia,1070,1162,1107,18,22,18.5,9630,Public University,June 1,3.28,84,6.5,1.0,5189-11567,19.0,http://usciences.edu/
Valley Forge Christian College,1082,1331,1220,20,31,24.5,19370,Private College,July 1,3.35,77,7.0,1.0,8739-20281,26.0,http://vfcc.edu/
Villanova University,1400,1510,1466,19,25,21.0,64701,Public University,July 1,3.36,79,7.0,1.0,3083-9546,25.0,http://villanova.edu/
Washington and Jefferson  College,1161,1264,1224,24,29,24.5,33100,Private College,June 1,3.19,82,6.5,0.0,5315-11444,31.0,http://washjeff.edu/
Westmoreland County Community College,907,1134,1038,18,24,21.0,5880,Public Community College,March 1,2.5,68,5.5,0.0,860-2341,16.0,http://wccc.edu/
West  Chester University,1100,1270,1184,20,24,22.0,10687,Public University,June 1,3.19,78,6.5,1.0,2078-6749,17.0,http://wcupa.edu/
Westminster College,1095,1375,1236,22,26,25.0,39470,Private College,2025-06-01,3.12,80,6.5,1.0,8095-14410,38.0,http://westminster.edu/
Widener University,1050,1260,1170,22,27,25.5,53638,Private,January 15,3.64,85,6.5,1.0,5079-9939,34.0,http://widener.edu/
Wilkes University,1060,1305,1145,17,23,22.0,14258,Public University,January 15,3.3,77,6.5,1.0,4904-8294,21.0,http://wilkes.edu/
Wilson College,940,1110,1020,23,27,26.5,27000,Private College,January 15,3.15,87,6.5,1.0,8556-17322,36.0,http://wilson.edu/
York College of Pennsylvania,1030,1230,1135,23,31,29.0,24606,Private College,July 1,3.39,85,7.0,1.0,5894-10086,34.0,http://ycp.edu/
Pennsylvania Academy of the Fine Arts,1063,1337,1194,18,26,20.0,44600,Public University,Rolling,3.38,80,6.0,1.0,2086-6546,22.0,http://pafa.edu/
East Stroudsburg University,970,1170,1078,21,24,23.5,11036,Public University,June 1,2.95,78,6.5,1.0,4799-7052,23.0,http://esu.edu/
Ursinus College,1160,1360,1304,21,27,24.0,59196,Private College,June 1,3.63,90,6.5,1.0,6401-10610,39.0,http://ursinus.edu/
DeSales University,1090,1290,1199,20,23,21.5,44800,Public University,January 15,3.13,85,6.5,1.0,5064-7260,15.0,http://desales.edu/
Lancaster Bible College,1080,1270,1161,23,32,29.5,29990,Private College,July 1,3.33,75,7.0,1.0,8421-15337,40.0,http://lbc.edu/
Cheyney University of Pennsylvania,1110,1151,1132,17,25,23.0,10904,Public,July 1,3.01,79,7.0,1.0,2150-4401,19.0,http://cheyney.edu/
Brown University,1500,1570,1546,20,28,24.0,68230,Public University,Rolling,3.2,82,6.0,1.0,4989-8564,22.0,http://brown.edu/
Bryant University,1160,1340,1263,18,24,19.0,51169,Public University,Rolling,2.99,78,6.0,1.0,5096-8281,23.0,http://bryant.edu/
Community College of Rhode Island,959,1083,1024,15,19,18.5,5326,Public Community College,2025-12-10,2.48,75,6.0,1.0,1044-2610,11.0,http://ccri.edu/
Johnson and Wales University,1026,1207,1132,18,22,18.5,71000,Public University,February 1,3.21,84,7.0,1.0,5747-8520,15.0,http://jwu.edu/
New England Institute of Technology,1068,1189,1114,19,26,21.5,35625,Public University,February 1,2.81,72,7.0,1.0,5848-11852,21.0,http://neit.edu/
Providence College,1250,1400,1342,23,26,25.5,60848,Private College,June 1,3.28,78,6.5,1.0,6940-14704,27.0,http://providence.edu/
The University of Rhode Island,1018,1261,1128,18,25,19.5,10000,Public,March 1,3.38,79,6.0,1.0,5838-8810,22.0,http://uri.edu/
Rhode Island College,860,1160,1010,20,30,24.0,10986,Private College,2025-12-15,3.14,79,6.5,1.0,7956-17698,31.0,http://ric.edu/
Rhose Island School of Design,1075,1214,1146,21,23,22.5,12880,Public University,March 1,3.02,85,6.0,1.0,3893-8056,19.0,http://risd.edu/
Roger Williams University,1130,1300,1228,20,26,22.0,42666,Private,February 1,3.31,78,7.0,1.0,7144-16385,27.0,http://rwu.edu/
University of Rhode Island,1030,1270,1176,18,23,18.5,16408,Public,January 15,3.26,77,6.5,1.0,4626-10875,17.0,http://uri.edu/
Centura College,1127,1418,1286,20,26,22.0,2000,Private College,February 1,3.47,90,7.0,1.0,8509-14852,39.0,http://centura.edu/
The Citadel Military College of South Carolina,1170,1377,1284,23,26,25.5,25110,Private College,Rolling,3.16,78,6.0,1.0,7373-14521,27.0,http://citadel.edu/
Columbia International University,1093,1186,1160,19,24,20.5,27900,Public University,Rolling,3.47,70,6.0,1.0,2668-8097,17.0,http://ciu.edu/
Clemson University,1230,1390,1341,20,27,23.5,15554,Public University,July 1,3.41,73,7.0,1.0,2546-4599,24.0,http://clemson.edu/
Coastal Carolina University,1050,1210,1128,20,26,23.0,11640,Public University,June 1,3.28,72,6.5,1.0,2642-8921,21.0,http://coastal.edu/
College of Charleston,1130,1300,1238,20,25,22.5,12978,Public,July 1,3.39,71,7.0,1.0,5112-11737,21.0,http://cofc.edu/
Coker College,1133,1316,1222,24,31,25.5,10000000,Private,2025-06-30,3.68,82,7.0,1.0,8039-13365,31.0,http://coker.edu/
Columbia College South Carolina,1031,1277,1167,20,32,25.0,24740,Private College,February 1,3.19,84,7.0,1.0,8021-16890,33.0,http://columbiasc.edu/
Florence-Darlington Technical College,943,1273,1122,20,25,22.5,4636,Public Technical College,March 1,3.4,71,6.0,1.0,4560-8054,17.0,http://fdtc.edu/
Francis Marion University,900,1138,1039,18,22,18.5,11160,Public,2025-12-20,3.05,84,7.0,1.0,2395-6260,21.0,http://fmarion.edu/
Forrest College,1059,1271,1182,21,28,24.5,39180,Private College,July 1,3.56,87,7.0,1.0,8454-15163,36.0,http://forrestcollege.edu/
Furman University,1260,1425,1364,19,22,19.5,58312,Public University,June 1,3.16,76,6.5,1.0,5581-11728,16.0,http://furman.edu/
Lander University,960,1160,1057,19,25,21.0,11700,Public University,January 15,3.17,79,6.5,1.0,5444-8756,24.0,http://lander.edu/
Limestone College,1111,1339,1236,24,28,24.5,1500,Private College,January 15,3.68,89,6.5,1.0,8400-18210,38.0,http://limestone.edu/
Midlands Technical College,1005,1356,1198,19,22,19.5,4788,Public Technical College,February 1,3.13,76,7.0,1.0,4552-8477,24.0,http://midlandstech.edu/
Medical University of South Carolina,1074,1329,1208,18,23,18.5,9360,Public University,July 1,3.11,85,7.0,1.0,4808-10188,21.0,http://musc.edu/
Newberry College,820,1060,1008,23,31,29.0,30050,Private College,July 1,3.5,75,7.0,1.0,8942-19896,40.0,http://newberry.edu/
North Greenville University,1010,1250,1176,17,27,24.0,24650,Public University,March 1,3.47,73,6.0,1.0,2496-6917,15.0,http://ngu.edu/
Orangeburg-Calhoun Technical College,1062,1283,1184,18,29,21.5,4970,Public Technical College,July 1,2.98,75,7.0,1.0,4554-10189,19.0,http://octech.edu/
Presbyterian College,1080,1280,1214,24,31,25.5,43300,Private College,March 1,3.33,89,6.0,1.0,5912-17104,38.0,http://presby.edu/
University of South Carolina,970,1200,1063,20,28,24.0,10760,Public,Rolling,3.14,82,6.0,1.0,3170-9058,25.0,http://sc.edu/
South Carolina State University,949,1210,1086,17,23,22.0,11060,Public University,March 1,3.41,85,6.0,1.0,2833-5556,25.0,http://scsu.edu/
Sinte Gleska University,965,1343,1140,17,24,22.5,15360,Public University,2025-07-29,3.26,78,6.5,1.0,5030-11537,20.0,http://sintegleska.edu/
Spartanburg Methodist College,1146,1220,1168,24,27,24.5,19350,Private College,July 1,3.58,81,7.0,1.0,7339-17036,30.0,http://smcsc.edu/
TriCounty Technical College,1105,1229,1154,20,26,23.0,4448,Public Technical College,Rolling,2.86,80,6.0,0.0,3974-7480,23.0,http://tctc.edu/
University of South Carolina Aiken,970,1200,1063,17,28,24.5,10760,Public University,Rolling,3.05,82,6.0,1.0,2537-6307,24.0,http://usca.edu/
University of South Carolina Beaufort,1043,1184,1132,20,28,24.0,10730,Public University,June 1,3.24,82,6.5,1.0,5136-8505,15.0,http://uscb.edu/
University of South Carolina Upstate,1000,1170,1082,21,23,22.5,11583,Public,July 1,3.06,77,7.0,1.0,2632-8783,21.0,http://uscupstate.edu/
Winthrop University,1010,1220,1132,19,24,20.5,15956,Public University,Rolling,3.27,70,6.0,1.0,2042-5719,16.0,http://winthrop.edu/
Wofford College,1200,1350,1297,24,29,24.5,54100,Private College,February 1,3.22,84,7.0,1.0,5640-16690,33.0,http://wofford.edu/
York Technical College,986,1295,1130,18,25,19.5,5512,Public Technical College,January 15,3.35,71,6.5,1.0,2811-7413,22.0,http://yorktech.edu/
Bob Jones University,1059,1253,1159,17,28,24.5,23400,Public University,February 1,3.27,74,7.0,1.0,5647-10193,23.0,http://bju.edu/
Anderson University,1090,1290,1190,20,24,22.0,33580,Public University,June 1,3.44,70,6.5,1.0,2793-5823,18.0,http://anderson.edu/
Anderson University,1090,1290,1190,20,24,22.0,33580,Public University,June 1,3.44,70,6.5,0.0,2793-5823,18.0,http://andersonuniversity.edu/
Black Hills State University,1011,1271,1149,18,28,21.0,9000,Public University,February 1,2.92,82,7.0,1.0,4572-7129,22.0,http://bhsu.edu/
Dakota State University,1020,1340,1129,19,27,22.0,9633,Public University,January 15,3.48,73,6.5,1.0,5000-9893,23.0,http://dsu.edu/
Dakota Wesleyan University,1006,1278,1124,21,26,24.5,32890,Public University,2025-06-15,3.02,80,6.0,1.0,3945-9509,18.0,http://dwu.edu/
Mount Marty College,1086,1337,1202,20,31,24.5,24000,Private College,July 1,3.19,81,7.0,1.0,8843-19461,30.0,http://mtmc.edu/
Northern State University,1002,1276,1158,19,23,20.0,8845,Public University,2025-10-01,3.45,77,7.0,1.0,5423-10734,21.0,http://northern.edu/
South Dakota School of Mines and Technology,1130,1320,1245,17,27,24.0,10400,Public University,March 1,3.06,73,6.0,1.0,4467-8993,22.0,http://sdsmt.edu/
South Dakota State University,1040,1300,1121,21,26,24.5,9299,Public University,June 1,3.14,80,6.5,1.0,4523-11369,21.0,http://sdstate.edu/
University of South Dakota,1040,1300,1121,20,24,22.0,9299,Public University,February 1,2.99,70,7.0,1.0,5669-12360,18.0,http://usd.edu/
University of Sioux Falls,1016,1170,1101,20,26,23.0,20740,Public University,June 1,3.01,72,6.5,1.0,2790-7095,24.0,http://usioxfalls.edu/
Western Dakota Technical Institute,1077,1158,1098,19,28,22.5,9200,Public Technical College,February 1,3.06,82,7.0,1.0,4307-8382,19.0,http://wdt.edu/
Austin Peay State University,943,1165,1050,18,27,20.5,8675,Public University,March 1,3.19,73,6.0,1.0,4732-10542,23.0,http://apsu.edu/
Belmont University,1160,1350,1277,21,27,25.0,41320,Public University,January 15,2.87,73,6.5,1.0,3413-6722,25.0,http://belmont.edu/
Bryan College,1056,1294,1166,21,30,25.5,18900,Private College,2025-05-01,3.31,89,6.5,1.0,8201-17306,38.0,http://bryan.edu/
Christian Brothers University,1040,1300,1069,20,26,22.0,37300,Private University,2025-12-02,3.12,79,6.0,1.0,8332-15186,28.0,http://cbu.edu/
Carson-Newman University,940,1130,1111,20,23,21.5,34700,Public University,July 1,3.31,85,7.0,1.0,4489-11258,22.0,http://cn.edu/
Columbia State Community College,795,904,840,18,20,19.0,4904,Public Community College,July 1,2.49,64,6.5,0.0,1393-2813,10.0,http://columbiastate.edu/
Cumberland University,954,1358,1163,19,26,21.5,27840,Public University,February 1,3.39,72,7.0,0.0,5604-10165,21.0,http://cumberland.edu/
DeVry University,991,1251,1127,18,26,20.0,9950,Public University,Rolling,3.47,80,6.0,0.0,2911-9495,18.0,http://devry.edu/
East Tennessee State University,950,1170,1114,17,26,23.5,9950,Public University,June 1,2.82,72,6.5,1.0,4848-8244,17.0,https://etsu.edu/
Freed-Hardeman University,934,1084,1109,19,24,20.5,25000,Public University,June 1,2.89,70,6.5,1.0,5428-10840,20.0,http://fhu.edu/
Fisk University,1160,1480,1236,21,24,23.5,24298,Public University,Rolling,3.37,70,6.0,1.0,5572-8643,15.0,http://fisk.edu/
Huntington College of Health Sciences,1159,1360,1240,21,27,24.0,27870,Private College,June 1,3.7,78,6.5,0.0,7959-15444,27.0,http://hchs.edu/
Hiwassee College,1125,1322,1238,20,27,22.5,11434,Private College,February 1,3.58,82,7.0,0.0,6447-15598,31.0,http://hiwassee.edu/
Johnson University,890,1090,1072,20,27,23.5,20318,Public University,March 1,3.22,73,6.0,1.0,3486-7460,21.0,http://johnsonu.edu/
Jackson State Community College,804,974,891,14,23,19.5,4516,Public Community College,February 1,2.43,73,6.5,1.0,1377-2256,15.0,http://jscc.edu/
Lee University,1020,1240,1144,17,25,23.0,22690,Public University,July 1,2.89,71,7.0,0.0,3214-6296,24.0,http://leeuniversity.edu/
Lincoln Memorial University,1006,1220,1093,19,22,19.5,26150,Public University,February 1,3.13,84,7.0,1.0,3544-9830,17.0,http://lmunet.edu/
The LeMoyne-Owen College,1001,1280,1138,20,29,23.5,33050,Private College,July 1,3.66,77,7.0,0.0,8724-15469,26.0,http://loc.edu/
The University of Memphis,981,1254,1106,20,24,22.0,10380,Public University,February 1,3.06,78,7.0,1.0,2860-6740,23.0,http://memphis.edu/
Milligan College,1124,1352,1224,23,28,27.5,38490,Private College,February 1,3.31,76,7.0,1.0,6681-14797,25.0,http://milligan.edu/
Middle Tennessee State University,1000,1230,1119,21,23,22.5,9506,Public University,March 1,3.48,77,6.0,1.0,2303-4573,17.0,http://mtsu.edu/
Nashville State Community College,923,1124,1006,18,19,18.5,4498,Public Community College,June 1,2.45,63,6.0,1.0,1079-2407,11.0,http://nscc.edu/
Pellissippi State Community College,795,1013,922,17,23,19.0,4576,Public Community College,February 1,2.31,67,6.5,1.0,1250-2252,14.0,http://pstcc.edu/
Rhodes College,1290,1490,1385,20,26,22.0,54892,Private College,2025-12-01,3.44,82,6.5,1.0,8929-18436,31.0,http://rhodes.edu/
Roane State Community College,792,953,888,15,20,19.5,4762,Public Community College,July 1,2.4,70,6.5,1.0,1263-2374,13.0,http://roanestate.edu/
Southern College of Optometry,1180,1410,1275,21,31,26.0,34510,Private College,2025-04-11,3.24,84,6.0,1.0,5670-11612,33.0,http://sco.edu/
Sewanee The University of the South,1074,1261,1188,19,25,21.0,626000,Public University,July 1,3.4,71,7.0,1.0,5909-8109,22.0,http://sewanee.edu/
Southern Adventist University,970,1270,1116,20,27,23.5,25590,Public University,March 1,3.04,73,6.0,1.0,5564-9283,18.0,http://southern.edu/
The University of Tennessee,1041,1221,1126,18,27,20.5,8370,Public University,July 1,3.38,81,7.0,1.0,3540-9766,18.0,http://tennessee.edu/
Southwest Tennessee Community College,949,1150,1034,15,24,21.5,4550,Public Community College,March 1,2.2,68,5.5,1.0,1184-1995,11.0,http://tn.edu/
Tennessee State University,950,1170,1114,19,23,20.0,9950,Public,2025-08-01,2.98,77,6.0,1.0,5052-9053,18.0,http://tnstate.edu/
Tennessee Technological University,1020,1250,1148,20,29,24.5,10084,Public,March 1,3.29,83,6.0,1.0,2619-5579,21.0,http://tntech.edu/
Tennessee Wesleyan College,1136,1276,1218,22,30,27.0,17250,Private College,June 1,3.19,80,6.5,1.0,8405-19568,29.0,http://twcnet.edu/
University of Tennessee Chattanooga,1005,1185,1117,20,26,23.0,10144,Public University,Rolling,3.04,72,6.0,1.0,5239-9000,21.0,http://utc.edu/
University of Tennessee Health Science Center,965,1318,1144,19,29,23.0,7600,Public University,January 15,3.04,75,6.5,1.0,4180-9799,21.0,http://uthsc.edu/
University of Tennessee Knoxville,1190,1340,1304,20,27,23.5,13484,Public University,March 1,3.25,81,6.0,1.0,2643-5867,15.0,http://utk.edu/
University of Tennessee Martin,1000,1210,1090,18,28,21.0,10208,Public,February 1,3.04,74,7.0,1.0,3094-6350,22.0,http://utm.edu/
University of Tennessee Space Institute,1054,1329,1212,20,29,24.5,14250,Public University,March 1,3.07,83,6.0,0.0,4127-8752,17.0,http://utsi.edu/
Union University,1030,1340,1243,17,23,22.0,38450,Public University,January 15,2.94,85,6.5,1.0,5106-11964,22.0,http://uu.edu/
Vanderbilt University,1510,1560,1550,20,26,22.0,63946,Private,Rolling,3.43,90,6.0,1.0,8994-13937,39.0,http://vanderbilt.edu/
Volunteer State Community College,906,1020,981,16,23,17.5,4524,Public Community College,February 1,2.43,61,6.5,1.0,1230-2280,15.0,http://volstate.edu/
King University,1068,1156,1104,17,22,21.5,34800,Public University,February 1,3.5,76,7.0,0.0,2424-6829,25.0,http://king.edu/
Abilene Christian University,1060,1290,1189,23,26,25.5,42380,Private University,January 15,3.4,89,6.5,1.0,6835-18253,38.0,http://acu.edu/
Alamo Colleges,1115,1336,1238,23,32,29.5,70000,Private College,June 1,3.11,82,6.5,1.0,7242-14529,31.0,http://alamo.edu/
Alvin Community College,854,995,944,15,19,18.5,1834,Public Community College,June 1,2.3,63,6.0,1.0,1341-2796,14.0,http://alvincollege.edu/
Angelo State University,920,1140,1049,18,26,20.0,8319,Public University,June 1,3.11,80,6.5,1.0,4622-10970,16.0,http://angelo.edu/
Austin Community College District,895,1014,962,17,21,18.0,2550,Public Community College,Rolling,2.23,65,5.5,0.0,1095-2305,13.0,http://austincc.edu/
Austin College,1170,1340,1272,22,30,27.0,46500,Private College,July 1,3.33,83,7.0,1.0,6813-12985,32.0,http://austincollege.edu/
Austin Graduate School of Theology,1066,1163,1122,17,27,24.0,9350,Public University,March 1,3.44,73,6.0,0.0,5698-9894,16.0,http://austingrad.edu/
Baylor University,970,1200,1098,19,29,23.0,33150,Public,March 1,2.92,75,6.0,1.0,3315-8234,23.0,http://baylor.edu/
Blinn College,1026,1298,1145,24,28,24.5,4580,Private College,February 1,3.35,84,7.0,1.0,6255-17878,33.0,http://blinn.edu/
Brazosport College,1152,1321,1248,20,30,24.0,2388,Private College,2025-06-01,3.62,61,6.5,1.0,6254-17291,28.0,http://brazosport.edu/
Brookhaven College,1101,1380,1254,24,30,25.0,2400,Private College,Rolling,3.54,80,6.0,1.0,7184-16576,29.0,http://brookhavencollege.edu/
Baptist Health System School of Health Professions,1018,1163,1100,17,23,22.0,14675,Public University,March 1,3.19,85,6.0,1.0,2062-4659,17.0,http://bshp.edu/
Career Point College,1150,1323,1238,20,32,25.0,10000,Private College,Rolling,3.23,80,6.0,1.0,5273-10201,29.0,http://careerpointcollege.edu/
Cedar Valley College,1038,1298,1180,23,32,29.5,39090,Private College,July 1,3.68,79,7.0,0.0,7533-13588,28.0,http://cedarvalleycollege.edu/
Coastal Bend College,1155,1326,1240,21,32,26.5,2933,Private College,Rolling,3.57,82,6.0,1.0,5727-9752,31.0,http://coastalbend.edu/
College of the Mainland,1021,1279,1139,21,32,26.5,1773,Private College,June 1,3.49,76,6.5,1.0,8962-18580,25.0,http://com.edu/
Concordia University Texas,860,1100,988,21,28,24.5,36690,Private,June 1,3.27,80,6.5,1.0,6442-17890,29.0,http://concordia.edu/
Central Texas College,1083,1246,1152,20,29,23.5,2520,Private College,June 1,3.17,90,6.5,0.0,7436-18353,39.0,http://ctcd.edu/
Culinary Institute LeNotre,1046,1316,1167,18,28,21.0,18539,Public University,June 1,3.29,74,6.5,1.0,4744-6919,23.0,http://culinaryinstitute.edu/
Dallas Baptist University,960,1217,1109,23,26,25.5,38140,Private University,July 1,3.69,89,7.0,1.0,5032-13223,38.0,http://dbu.edu/
Del Mar College,1018,1412,1207,24,30,25.0,3440,Private College,2025-05-05,3.18,75,7.0,1.0,6016-13931,40.0,http://delmar.edu/
Dallas Nursing Institute,1031,1306,1150,21,22,21.5,16400,Public University,June 1,2.81,84,6.5,1.0,3893-5942,15.0,http://dni.edu/
El Paso Community College,849,1080,982,14,20,18.0,3274,Public Community College,2025-12-08,2.64,70,6.5,1.0,1424-2872,13.0,http://epcc.edu/
East Texas Baptist University,1058,1335,1210,20,32,25.0,30050,Private University,Rolling,3.7,84,6.0,1.0,6277-16266,33.0,http://etbu.edu/
Galen College of Nursing,1026,1408,1221,21,27,24.0,16400,Private College,January 15,3.12,75,6.5,1.0,5243-12602,40.0,http://galencollege.edu/
Galveston College,1021,1220,1134,21,26,23.5,2546,Private College,July 1,3.41,77,7.0,1.0,8501-17154,26.0,http://gc.edu/
Grayson College,1130,1220,1192,23,30,28.5,2910,Private College,2025-06-15,3.6,61,7.0,1.0,6469-11066,38.0,http://grayson.edu/
Houston Baptist University,1173,1277,1229,23,26,25.5,32480,Private,July 1,3.16,85,7.0,1.0,5959-11777,34.0,http://hbu.edu/
Houston Community College,905,1044,976,15,22,20.5,2040,Public Community College,January 15,2.6,72,6.0,1.0,1444-3211,12.0,http://hccs.edu/
Hill College,1125,1399,1281,22,32,28.0,3570,Private College,2025-12-16,3.62,61,61.0,1.0,7113-16542,36.0,http://hillcollege.edu/
Howard College,1107,1248,1182,22,28,26.0,2766,Private College,March 1,3.48,89,6.0,1.0,5655-13778,38.0,http://howardcollege.edu/
Howard Payne University,880,1100,1019,17,23,22.0,33322,Public University,July 1,3.43,85,7.0,1.0,4049-10863,15.0,http://hputx.edu/
Lamar University,910,1130,1040,19,23,20.0,8690,Public University,March 1,3.38,85,6.0,1.0,2541-6284,22.0,http://lamar.edu/
Lamar State College – Port Arthur,951,1321,1131,21,26,24.5,1770,Public,February 1,3.01,80,7.0,1.0,3289-6344,20.0,http://lamarpa.edu/
Lubbock Christian University,900,1160,1086,22,29,26.5,27298,Private University,Rolling,3.1,90,6.0,1.0,7112-17602,39.0,http://lcu.edu/
LeTourneau University,1140,1370,1262,17,23,22.0,35500,Public University,January 15,3.48,85,6.5,1.0,5200-9229,22.0,http://letu.edu/
Lamar Institute of Technology,1084,1321,1202,17,26,23.5,2844,Public University,Rolling,3.17,80,6.0,1.0,4276-10548,21.0,http://lit.edu/
Lone Star College System,1099,1226,1164,24,26,24.5,3090,Private College,July 1,3.41,85,7.0,1.0,8743-15065,34.0,http://lonestar.edu/
Lamar State College – Orange,1066,1197,1142,21,26,24.5,2832,Public College,2025-12-09,3.04,72,6.0,1.0,3743-9781,19.0,http://lsco.edu/
McLennan Community College,802,925,860,17,24,19.5,3660,Public Community College,March 1,2.2,68,5.5,1.0,1442-2952,10.0,http://mclennan.edu/
McMurry University,1010,1170,1072,21,24,23.5,31372,Public University,February 1,2.9,70,7.0,1.0,4153-7379,24.0,http://mcm.edu/
Midland College,1162,1349,1240,21,32,26.5,3030,Private College,July 1,3.56,79,7.0,1.0,7292-12150,28.0,http://midland.edu/
Midwestern  State University,955,1208,1064,17,25,23.0,10310,Public University,March 1,3.16,71,6.0,1.0,3057-8927,24.0,http://mwsu.edu/
National American University,1000,1215,1092,19,26,21.5,10000,Public University,Rolling,3.31,80,6.0,1.0,2933-5323,17.0,http://national.edu/
North Central Texas College,1174,1340,1272,21,31,26.0,2520,Private College,July 1,3.7,75,7.0,1.0,5900-11520,40.0,http://nctc.edu/
North American University,1069,1205,1138,18,25,19.5,12836,Public University,March 1,3.27,71,6.0,0.0,3331-7698,15.0,http://northamerican.edu/
North Lake College,1161,1361,1257,21,29,25.0,3412,Private College,February 1,3.28,82,7.0,1.0,5581-9596,31.0,http://northlakecollege.edu/
Odessa College,1040,1267,1150,21,27,24.0,2640,Private College,June 1,3.34,84,6.5,1.0,8918-13421,33.0,http://odessa.edu/
Ogle School,1111,1157,1147,19,29,23.0,4000,Public University,March 1,3.42,75,6.0,1.0,3107-5389,18.0,http://ogleschool.edu/
Our Lady of the Lake University,1091,1350,1234,21,28,24.5,31728,Private,Rolling,3.51,78,6.0,1.0,6021-15383,27.0,http://ollusa.edu/
Panola College,1160,1343,1232,23,27,26.5,2280,Private College,July 1,3.47,87,7.0,1.0,5578-13385,36.0,http://panola.edu/
Patty Hands Shelton School of Nursing,1037,1305,1174,20,23,21.5,28000,Public University,January 15,3.5,77,6.5,1.0,4844-8471,23.0,http://phssn.edu/
Prairie View A&M University,1035,1330,1172,18,22,18.5,15320,Public University,February 1,3.18,84,7.0,0.0,3457-8375,19.0,http://pvamu.edu/
Rice University,1500,1570,1553,17,24,22.5,58128,Public University,2025-09-01,2.84,78,6.0,1.0,4555-9810,21.0,http://rice.edu/
Richland College,1048,1281,1158,24,27,24.5,10000,Private College,Rolling,3.57,90,6.0,1.0,6142-17883,39.0,http://richlandcollege.edu/
San Jacinto College,1157,1310,1242,21,29,25.0,1992,Private College,July 1,3.7,87,7.0,1.0,8742-13555,36.0,http://sanjac.edu/
Schreiner University,1118,1291,1216,20,24,22.0,37396,Public University,June 1,2.89,78,6.5,1.0,5520-10443,17.0,http://schreiner.edu/
Stephen F. Austin State University,980,1160,1074,17,27,24.0,10600,Public University,2025-07-01,2.84,81,6.0,1.0,5028-10781,25.0,http://sfasu.edu/
Sam Houston State University,940,1140,1055,21,25,24.0,9228,Public University,March 1,3.39,79,6.0,1.0,4193-7741,16.0,http://shsu.edu/
Southern Methodist University,1320,1480,1424,23,30,28.5,64460,Private,February 1,3.62,82,7.0,1.0,6439-16349,31.0,http://smu.edu/
South Plains College,1085,1312,1198,23,31,29.0,2581,Private College,2025-12-08,3.17,80,6.5,1.0,6891-17733,29.0,http://southplainscollege.edu/
South Texas College,1113,1292,1184,22,29,26.5,4920,Private College,February 1,3.36,88,7.0,1.0,7910-13626,37.0,http://southtexascollege.htp/
Southwestern University,1006,1218,1109,19,29,23.0,10000,Public University,March 1,3.16,75,6.0,1.0,2370-5549,23.0,http://southwestern.edu/
Seminary of the Southwest,1109,1179,1135,21,25,24.0,8940,Public University,January 15,3.31,79,6.5,1.0,2136-6654,23.0,http://ssw.edu/
South Texas College of Law,1076,1306,1205,23,29,28.0,22240,Private College,June 1,3.44,76,6.5,1.0,8966-13835,25.0,http://stcl.edu/
Saint Edward’s University,1030,1235,1135,18,25,19.5,51384,Public University,2025-12-20,3.27,79,6.5,1.0,2427-6837,20.0,http://stedwards.edu/
Saint Mary’s University,942,1292,1121,17,27,24.0,9380,Public University,July 1,3.1,73,7.0,1.0,5015-8292,21.0,http://stmarytx.edu/
University of Saint Thomas,1086,1282,1173,21,25,24.0,11240,Public University,July 1,2.99,79,7.0,0.0,2033-7746,25.0,http://stthomas.edu/
University of Saint Thomas,1086,1282,1173,21,25,24.0,11240,Public University,July 1,2.99,79,7.0,1.0,2033-7746,25.0,http://stthom.edu/
Texas A&M Health Science Center,955,1161,1052,19,24,20.5,14150,Public University,Rolling,3.31,78,6.0,1.0,5460-11396,23.0,http://tamhsc.edu/
Texas A&M International University,962,1210,1083,18,27,20.5,10000,Public University,January 15,3.29,73,6.5,1.0,2062-5296,24.0,http://tamiu.edu/
Texas A&M University,956,1225,1078,19,25,21.0,15620,Public,January 15,3.49,79,6.5,1.0,3171-6693,20.0,http://tamu.edu/
Texas A&M University Commerce,1046,1256,1167,21,22,21.5,10000,Public,June 1,3.15,84,6.5,1.0,5518-9310,16.0,http://tamuc.edu/
Texas A&M University Corpus Christi,921,1162,1058,19,22,19.5,12140,Public University,2025-03-00,2.85,84,7.0,1.0,3754-8225,24.0,http://tamucc.edu/
Texas A&M University Kingsville,1017,1285,1138,18,28,21.0,12910,Public University,2025-06-01,3.25,61,7.0,1.0,4288-10481,16.0,http://tamuk.edu/
Texas A&M University Texarkana,1064,1192,1138,17,22,21.5,15080,Public University,June 1,2.97,84,6.5,1.0,4884-9927,18.0,http://tamut.edu/
Tarleton State University,960,1150,1068,17,28,24.5,7878,Public University,2025-11-01,2.9,80,6.5,1.0,4167-7062,16.0,http://tarleton.edu/
Texas Christian University,1150,1375,1303,23,31,29.0,57220,Private,March 1,3.3,83,6.0,1.0,6931-17640,32.0,http://tcu.edu/
Temple College,1019,1415,1227,20,29,23.5,3000,Private College,July 1,3.5,83,7.0,1.0,7132-18035,32.0,http://templejc.edu/
Tyler Junior College,1120,1355,1256,23,31,29.0,3112,Private College,February 1,3.28,78,7.0,1.0,6226-17138,27.0,http://tjc.edu/
Trinity University,1320,1465,1407,17,23,22.0,51352,Public University,January 15,3.39,85,6.5,0.0,5329-8527,15.0,http://trinity.edu/
Texas State Technical College,945,1313,1142,17,28,24.5,7192,Public Technical College,February 1,3.16,74,7.0,1.0,5040-7042,24.0,http://tstc.edu/
Texas Southern University,800,1000,913,20,25,22.5,9173,Public University,January 15,3.48,79,6.5,1.0,3476-9035,24.0,http://tsu.edu/
Texas Tech University,1090,1270,1182,18,28,21.0,11852,Public University,Rolling,3.28,74,6.0,1.0,4435-10353,17.0,http://ttu.edu/
Texas Tech University Health Sciences Center,980,1266,1135,18,23,18.5,12990,Public University,January 15,3.28,85,6.5,1.0,5788-11557,20.0,http://ttuhsc.edu/
Texas Woman’s University,1017,1247,1113,17,23,22.0,8648,Public,July 1,3.12,77,7.0,1.0,5225-7737,23.0,http://twu.edu/
Texas Chiropractic College,1144,1334,1259,21,30,25.5,25770,Private College,February 1,3.51,78,7.0,1.0,5966-12033,27.0,http://txchiro.edu/
Texas State University,980,1190,1093,21,26,24.5,11450,Public University,Rolling,3.07,72,6.0,1.0,5472-10562,17.0,http://txstate.edu/
University of Dallas,1170,1410,1300,19,22,19.5,14564,Public,February 1,3.14,84,7.0,1.0,4040-8754,20.0,http://udallas.edu/
Universty of Houston,925,1248,1082,19,24,20.5,13370,Public University,2025-04-01,3.12,68,6.0,1.0,2548-6468,17.0,http://uh.edu/
University of Houston Clear Lake,990,1170,1105,19,26,21.5,7746,Public University,June 1,3.28,80,6.5,1.0,3438-10329,23.0,http://uhcl.edu/
University of Houston Downtown,960,1110,1041,18,25,19.5,7708,Public,January 15,3.43,79,6.5,1.0,5861-12815,16.0,http://uhd.edu/
University of the Incarnate Word,900,1140,1042,19,23,20.0,35660,Public University,March 1,3.47,85,6.0,1.0,5543-9232,20.0,http://uiw.edu/
University of Mary Hardin-Baylor,970,1200,1098,18,29,21.5,33150,Public University,January 15,3.37,83,6.5,1.0,4755-9381,24.0,http://umhb.edu/
University of North Texas,950,1277,1132,17,27,24.0,12100,Public University,January 15,3.02,81,6.5,1.0,4279-7000,16.0,http://unt.edu/
University of North Texas Health Science Center,982,1207,1092,21,26,24.5,28000,Public,Rolling,3.37,72,6.0,0.0,5427-10589,19.0,http://unthsc.edu/
University of Texas Arlington,990,1230,1116,20,22,21.0,11728,Public University,Rolling,3.21,76,6.0,1.0,4814-8578,21.0,http://uta.edu/
University of Texas Brownsville,922,1317,1100,20,27,23.5,10800,Public University,March 1,2.95,73,6.0,0.0,4763-7138,22.0,http://utb.edu/
University of Texas Dallas,1170,1410,1300,21,26,24.5,14564,Public,February 1,2.87,72,7.0,1.0,2755-4859,16.0,http://utdallas.edu/
University of Texas at El Paso,870,1090,982,21,22,21.5,9744,Public University,February 1,2.89,84,7.0,1.0,3243-5947,20.0,http://utep.edu/
University of Texas at Austin,1230,1490,1380,20,28,24.0,11678,Public,February 1,3.22,74,7.0,1.0,3422-9495,21.0,http://utexas.edu/
University of Texas Health Science Center Houston,935,1311,1103,17,28,24.5,12220,Public,June 1,3.21,74,6.5,1.0,4309-7591,23.0,http://uth.edu/
University of Texas Health Science Center San Antonio,930,1312,1131,21,25,24.0,106762909,Public,July 1,2.87,79,7.0,1.0,2960-5382,22.0,http://uthscsa.edu/
University of Texas Medical Branch at Galveston,975,1356,1154,21,26,24.5,12990,Public University,February 1,3.15,80,7.0,1.0,2721-8260,22.0,http://utmb.edu/
University of Texas Pan American,974,1261,1098,17,25,23.0,8520,Public University,January 15,2.84,79,6.5,0.0,4178-9830,25.0,http://utpa.edu/
University of Texas of the Permian Basin,1015,1237,1144,18,22,18.5,9180,Public,Rolling,3.5,84,6.0,1.0,3637-10170,23.0,http://utpb.edu/
University of Texas at San Antonio,1100,1222,1155,17,23,22.0,11330,Public,January 15,3.29,85,6.5,1.0,3198-7170,21.0,http://utsa.edu/
University of Texas Southwestern Medical Center,1100,1352,1223,17,23,22.0,7900,Public University,January 15,3.38,77,6.5,1.0,2648-8183,22.0,http://utsouthwestern.edu/
University of Texas at Tyler,1010,1220,1113,21,26,24.5,9920,Public University,Rolling,3.48,80,6.0,1.0,5914-9573,17.0,http://online.uttyler.edu/
Valley Grande Institute,1060,1278,1162,22,28,26.0,33472,Private,Rolling,3.41,88,6.0,1.0,7346-14965,37.0,http://vgi.edu/
Victoria College,1038,1344,1187,24,32,26.0,25340,Private College,Rolling,3.35,76,6.0,0.0,5705-13573,25.0,http://victoriacollege.edu/
Wayland Baptist University,1159,1349,1246,20,28,23.0,23186,Private University,July 1,3.26,81,7.0,1.0,6031-14882,30.0,http://wbu.edu/
Weatherford College,1160,1319,1258,20,32,25.0,4560,Private College,February 1,3.69,80,7.0,1.0,7697-14697,29.0,http://wc.edu/
West Texas A&M University,973,1173,1053,19,27,22.0,10000,Public University,March 1,3.15,73,6.0,1.0,2034-6653,16.0,http://wtamu.edu/
University of the Virgin Islands,925,1155,1060,21,22,21.5,12030,Public University,Rolling,3.43,84,6.0,1.0,2923-7707,24.0,http://uvi.edu/
Brigham Young University,1290,1450,1376,19,22,19.5,6496,Public University,Rolling,3.11,84,6.0,1.0,3226-8151,16.0,http://byu.edu/
Dixie State University,960,1257,1126,20,26,23.0,8030,Public University,February 1,3.43,72,7.0,1.0,5979-10438,20.0,http://dixie.edu/
Salt Lake Community College,931,1082,998,14,21,18.5,4257,Public Community College,Rolling,2.44,77,5.5,0.0,1204-2872,10.0,http://slcc.edu/
Snow College,1104,1313,1204,21,27,24.0,4564,Private College,July 1,3.54,81,7.0,1.0,6566-14499,30.0,http://snow.edu/
Southern Utah University,981,1221,1103,20,24,22.0,6770,Public University,2025-12-20,3.12,78,7.0,1.0,5898-10027,17.0,http://suu.edu/
Utah State University,1060,1300,1189,19,25,21.0,9228,Public,January 15,2.87,79,6.5,1.0,3179-7463,22.0,http://usu.edu/
University of Utah,1148,1378,1249,20,26,23.0,41416,Public University,June 1,3.12,72,6.5,1.0,4827-7617,18.0,http://utah.edu/
Utah Valley University,1031,1234,1150,20,25,22.5,6270,Public University,January 15,2.87,71,6.5,1.0,5831-8612,22.0,http://uvu.edu/
Weber State University,1019,1348,1174,21,23,22.5,6391,Public University,January 15,3.36,85,6.5,1.0,4567-6715,19.0,http://weber.edu/
Averett University,960,1191,1054,17,26,23.5,38550,Public University,February 1,3.36,80,7.0,1.0,5659-9626,21.0,http://averett.edu/
Christendom College,1055,1244,1166,21,28,24.5,6260,Private College,February 1,3.59,90,7.0,1.0,6294-12142,39.0,http://christendom.edu/
Christopher Newport University,1100,1300,1207,20,25,22.5,16351,Public,January 15,3.04,79,6.5,1.0,4578-8079,21.0,http://cnu.edu/
Dabney S. Lancaster Community College,918,1036,969,16,23,17.5,6240,Public Community College,February 1,2.64,61,6.5,0.0,870-2265,12.0,http://dslcc.edu/
Eastern Mennonite University,1025,1402,1228,23,30,28.5,41860,Private,January 15,3.16,83,6.5,1.0,7004-16109,32.0,http://emu.edu/
Eastern Virginia Medical School,959,1235,1085,21,24,23.5,15370,Public University,2025-07-01,2.86,70,6.5,1.0,2452-4867,15.0,http://evms.edu/
Ferrum College,880,1100,990,24,27,24.5,38320,Private College,February 1,3.16,80,7.0,1.0,5646-14566,29.0,http://ferrum.edu/
Germanna Community College,882,1129,1024,15,23,21.0,5066,Public Community College,February 1,2.25,67,6.5,1.0,866-2093,15.0,http://germanna.edu/
George Mason University,1140,1340,1247,17,22,21.5,13815,Public University,2025-06-01,3.22,76,7.0,1.0,5229-7660,18.0,http://gmu.edu/
Hampden-Sydney College,1060,1230,1168,21,32,26.5,52388,Private College,2025-11-03,3.3,78,6.5,1.0,8129-18566,27.0,http://hsc.edu/
The Institute for the Psychological Sciences,990,1214,1102,19,28,22.5,10000,Public University,February 1,3.38,74,7.0,1.0,5750-8460,25.0,http://ipsciences.edu/
James Madison University,1170,1320,1247,17,28,24.5,13576,Public University,June 1,3.29,74,6.5,1.0,5743-12532,23.0,http://jmu.edu/
Liberty University,1096,1219,1176,21,28,25.5,21222,Public University,Rolling,3.0,74,6.0,1.0,5824-11523,21.0,http://liberty.edu/
Longwood University,1020,1190,1117,18,29,21.5,15200,Public,2025-12-06,3.35,75,6.0,1.0,5434-11142,21.0,http://longwood.edu/
Marymount University,1039,1168,1104,17,22,21.5,39050,Public University,Rolling,3.26,76,6.0,0.0,4222-7923,17.0,http://marymount.edu/
New River Community College,921,1050,998,18,20,19.0,4835,Public Community College,2025-08-18,2.43,70,6.5,1.0,1763-3373,16.0,http://nr.edu/
Norfolk State University,840,1100,980,21,23,22.5,9910,Public University,January 15,3.22,85,6.5,1.0,3209-8651,16.0,http://nsu.edu/
Northern Virginia Community College,889,1051,977,15,24,21.5,5703,Public Community College,March 1,2.41,68,5.5,1.0,949-2530,14.0,http://nvcc.edu/
Old Dominion University,1110,1290,1190,20,25,22.5,12262,Public University,January 15,3.44,79,6.5,1.0,5374-10480,25.0,http://odu.edu/
Radford University,950,1170,1061,19,27,22.0,12286,Public University,January 15,3.43,73,6.5,1.0,4086-7695,21.0,http://radford.edu/
Randolph College,960,1210,1109,22,26,25.0,29010,Private College,January 15,3.6,77,6.5,1.0,8340-12429,26.0,http://randolphcollege.edu/
Rappahannock Community College,954,1064,1003,18,23,20.5,4958,Public Community College,February 1,2.7,67,6.5,1.0,1184-2078,11.0,http://rappahannock.edu/
Regent University,1050,1250,1169,20,25,22.5,20686,Public University,January 15,3.34,79,6.5,1.0,5000-9812,19.0,http://regent.edu/
Reynolds Community College,842,974,899,15,22,20.5,5136,Public Community College,January 15,2.51,72,6.0,1.0,989-1743,12.0,http://reynolds.edu/
University of Richmond,1410,1530,1474,18,24,19.0,62600,Public University,2025-12-01,3.15,78,6.5,1.0,2574-5103,24.0,http://richmond.edu/
Randolph-Macon College,960,1210,1109,20,32,25.0,29010,Private College,July 1,3.62,83,7.0,1.0,8072-14484,32.0,https://rmc.edu/
Roanoke College,1090,1270,1193,21,29,25.0,36774,Private College,July 1,3.18,85,7.0,1.0,7401-14146,34.0,http://roanoke.edu/
Sentara College of Health Sciences,1088,1294,1201,22,31,27.5,25520,Private College,June 1,3.7,76,6.5,1.0,8155-14419,25.0,http://sentara.edu/
Stratford University,1010,1214,1112,21,27,25.0,10000,Public University,January 15,3.12,81,6.5,1.0,4543-10444,17.0,http://stratford.edu/
Shenandoah University,1112,1246,1187,18,25,19.5,36028,Public University,January 15,3.27,71,6.5,1.0,4443-7644,15.0,http://su.edu/
Southern Virgina University,1056,1357,1188,20,26,23.0,10000,Public University,February 1,2.89,72,7.0,1.0,3668-9801,16.0,http://svu.edu/
Southwest Virgina Community College,797,992,914,15,22,20.5,5000,Public Community College,January 15,2.45,72,6.0,1.0,1318-1973,12.0,http://sw.edu/
Tidewater Community College,873,1127,1003,17,23,19.0,5714,Public Community College,February 1,2.43,61,6.5,1.0,1412-2659,15.0,http://tcc.edu/
Thomas Nelson Community College,967,1182,1054,14,21,18.5,4944,Public Community College,Rolling,2.38,65,5.5,1.0,1611-2773,11.0,http://tncc.edu/
University of Mary Washington,1140,1330,1241,18,27,20.5,14559,Public University,January 15,3.4,81,6.5,1.0,2397-7125,24.0,http://umw.edu/
University of Virginia’s College at Wise,935,1175,1104,21,25,24.0,11656,Public University,2025-01-01,3.5,71,6.5,1.0,4899-8742,24.0,http://uvawise.edu/
Virginia’s Community Colleges,971,1195,1085,15,22,20.5,100000,Public Community College,January 15,2.24,78,6.0,1.0,836-2352,13.0,http://vccs.edu/
Virginia Commonwealth University,1030,1270,1168,18,24,19.0,16458,Public University,June 1,2.95,70,6.5,1.0,2343-9027,16.0,http://vcu.edu/
Virgina Highlands Community College,901,1095,1012,17,21,18.0,5230,Public Community College,Rolling,2.65,77,5.5,1.0,932-2572,11.0,http://vhcc.edu/
Virginia Institute of Marine Science,1082,1355,1212,18,29,21.5,9000,Public University,2025-12-01,3.02,94,6.5,1.0,3680-10082,17.0,http://vims.edu/
University of Virginia,1410,1530,1488,19,28,22.5,20986,Public,June 1,3.46,74,6.5,1.0,5605-10417,17.0,http://virginia.edu/
Virginia Western Community College,857,1104,996,17,19,17.5,5256,Public Community College,June 1,2.39,69,6.0,0.0,1398-2488,15.0,http://virginiawestern.edu/
Virginia International University,1083,1190,1154,20,25,22.5,10000,Public University,July 1,3.42,71,7.0,1.0,3809-9198,24.0,http://viu.edu/
Virginia State University,1240,1420,1337,18,25,19.5,15478,Public University,July 1,3.45,71,7.0,1.0,4434-7987,18.0,http://vsu.edu/
Virginia Polytechnic Institute and State University,1240,1420,1337,20,28,24.0,15478,Public,June 1,3.37,74,6.5,1.0,3751-6997,22.0,http://vt.edu/
Virginia Union University,750,1010,860,17,26,23.5,14880,Public University,June 1,3.39,600,6.5,1.0,2378-8537,16.0,http://vuu.edu/
Virginia Wesleyan College,1098,1257,1198,20,30,24.0,41720,Private College,March 1,3.59,85,6.0,1.0,6330-16541,34.0,http://vwc.edu/
Washington and Lee University,1410,1530,1504,20,25,22.5,64525,Public University,2025-11-04,2.83,71,7.0,1.0,5617-11381,20.0,http://wlu.edu/
The College of William and Mary,1020,1374,1210,23,26,25.5,32330,Private College,Rolling,3.46,90,6.0,1.0,5742-15137,39.0,http://wm.edu/
Castleton State College of Vermont,942,1210,1059,19,22,19.5,2000,Public College,2025-07-01,3.33,84,7.0,1.0,3731-9984,25.0,http://castleton.edu/
Champlain College,1165,1340,1262,21,29,25.0,45550,Private College,2025-10-01,3.19,88,6.5,1.0,6692-14564,37.0,http://champlain.edu/
Green Mountain College,1032,1289,1172,22,31,27.5,10000,Private College,February 1,3.54,86,7.0,1.0,7962-15997,35.0,http://greenmtn.edu/
Johnson State College,947,1194,1082,20,22,21.0,10480,Public College,June 1,3.23,76,6.5,0.0,2925-9630,19.0,http://jsc.edu/
Middlebury College,1430,1550,1500,24,30,25.0,65280,Private College,March 1,3.29,87,6.0,1.0,7503-16622,36.0,http://middlebury.edu/
New England Culinary Institute,974,1304,1131,19,23,20.0,2000,Public University,January 15,3.45,77,6.5,1.0,3835-10516,15.0,http://neci.edu/
Norwich  University,1060,1320,1190,23,31,29.0,49600,Private,March 1,3.5,83,6.0,1.0,8171-17851,32.0,http://norwich.edu/
School for International Training,948,1158,1039,21,22,21.5,10000,Public University,February 1,3.41,76,7.0,1.0,3218-7317,22.0,http://sit.edu/
Saint Michael’s College,1150,1310,1241,21,31,26.0,50040,Private College,Rolling,3.17,79,6.0,1.0,6505-15324,33.0,http://smcvt.edu/
University of Vermont,952,1205,1074,18,25,19.5,11400,Public University,March 1,3.06,79,6.0,1.0,2074-4650,22.0,http://uvm.edu/
University of Vermont,952,1205,1074,18,25,19.5,11400,Public University,March 1,3.06,79,6.0,1.0,2074-4650,22.0,http://uvm.edu/
University of Vermont,952,1205,1074,18,25,19.5,11400,Public University,March 1,3.06,79,6.0,1.0,2074-4650,22.0,http://uvm.edu/
University of Vermont,952,1205,1074,18,25,19.5,11400,Public University,March 1,3.06,79,6.0,1.0,2074-4650,22.0,http://uvm.edu/
Vermont Law School,977,1165,1056,20,27,23.5,3000,Public University,2025-12-10,3.43,81,6.5,1.0,4704-7749,24.0,http://vermontlaw.edu/
Vermont Technical College,1040,1186,1097,18,26,20.0,13040,Public Technical College,June 1,3.34,80,6.5,1.0,4650-11460,15.0,http://vtc.edu/
Bennington College,1290,1413,1358,21,26,23.5,64644,Private College,January 15,3.33,83,6.5,1.0,7214-15356,32.0,http://bennington.edu/
Bellevue College,1105,1279,1187,23,29,28.0,4305,Private College,June 1,3.53,76,6.5,1.0,8743-15397,25.0,http://bellevuecollege.edu/
Big Bend Community College,856,1040,940,17,24,19.5,4909,Public Community College,March 1,2.29,68,5.5,1.0,1111-2443,15.0,http://bigbend.edu/
Cascadia Community College,948,1154,1054,18,23,20.5,16000,Public Community College,February 1,2.52,61,6.5,1.0,867-2502,16.0,http://cascadia.edu/
Centralia College,1012,1410,1225,21,30,25.5,5109,Private College,Rolling,3.17,86,5.5,1.0,8361-17648,35.0,http://centralia.edu/
Charter College,1143,1302,1212,23,26,25.5,20170,Private College,March 1,3.36,85,6.0,1.0,8727-17303,34.0,http://chartercollege.edu/
Clark College,1094,1390,1232,20,28,23.0,4632,Private College,June 1,3.44,61,6.5,1.0,5024-12587,27.0,http://clark.edu/
Central Washington University,1091,1265,1158,18,22,18.5,9192,Public University,June 1,3.08,84,6.5,1.0,4071-8190,24.0,http://cwu.edu/
DigiPen Institute of Technology,1170,1390,1295,21,22,21.5,37400,Public University,February 1,3.19,76,7.0,1.0,5516-8400,21.0,http://digipen.edu/
Edmonds Community College,855,1088,990,18,20,19.0,4470,Public Community College,July 1,2.4,64,6.5,1.0,1118-2402,15.0,http://edcc.edu/
Everett Community College,804,958,890,15,20,19.5,4301,Public Community College,July 1,2.7,70,6.5,1.0,822-1748,13.0,http://everettcc.edu/
The Evergreen State College,890,1260,1161,19,28,22.5,8999,Public College,Rolling,3.0,82,6.0,1.0,4631-8953,23.0,http://evergreen.edu/
Eastern Washington University,983,1159,1078,20,23,21.5,8353,Public University,January 15,3.33,77,6.5,1.0,4482-10761,23.0,http://ewu.edu/
Faith Evangelical College and Seminary,1026,1290,1147,23,26,25.5,37840,Private College,2025-12-08,3.4,86,6.0,1.0,6282-17966,35.0,http://faithseminary.edu/
Gonzaga University,1220,1410,1316,20,25,22.5,53500,Public University,January 15,2.95,71,6.5,1.0,5227-12082,21.0,http://gonzaga.edu/
Green River Community College,820,1069,964,14,21,18.5,10000,Public Community College,Rolling,2.65,71,5.5,1.0,1456-2261,10.0,http://greenriver.edu/
Highline College,1000,1310,1174,20,28,23.0,4623,Private College,February 1,3.35,82,7.0,1.0,7786-17393,31.0,http://highline.edu/
Mukogawa Fort Wright Institute,1097,1183,1124,21,24,23.5,9970,Public University,June 1,2.92,70,6.5,0.0,3933-6918,17.0,http://mfwi.edu/
North Seattle College,1016,1260,1149,24,28,24.5,5058,Private College,March 1,3.26,77,6.0,1.0,6927-14000,26.0,http://northseattle.edu/
Olympic College,1177,1398,1276,23,27,26.5,4197,Private College,March 1,3.26,85,6.0,1.0,6874-18153,34.0,http://olympic.edu/
Peninsula College,1041,1231,1131,22,31,27.5,4586,Private College,2025-03-01,3.57,85,6.5,1.0,8505-17751,34.0,http://pencol.edu/
Perry Technical Institute,1020,1315,1150,21,22,21.5,10000,Public Technical College,February 1,3.25,76,7.0,1.0,5322-11773,22.0,http://perrytech.edu/
Pacific Lutheran University,988,1258,1152,22,29,26.5,50964,Private University,July 1,3.26,77,7.0,1.0,5954-10347,26.0,http://plu.edu/
Renton Technical College,961,1330,1166,19,28,22.5,6723,Public Technical College,Rolling,3.3,82,6.0,1.0,2918-5254,20.0,http://rtc.edu/
Seattle Central College,1101,1274,1194,20,29,23.5,4865,Private College,February 1,3.45,80,7.0,1.0,7232-14439,29.0,http://seattlecentral.edu/
Seattle University,1130,1350,1266,19,22,19.5,54285,Public University,Rolling,3.02,84,6.0,1.0,3601-5811,24.0,http://seattleu.edu/
Shoreline Community College,921,1171,1036,18,20,19.0,4388,Public Community College,July 1,2.37,64,6.5,1.0,1212-2597,11.0,http://shoreline.edu/
Seattle Institute of Oriental Medicine,1028,1249,1132,20,27,23.5,10000,Public University,January 15,3.39,73,6.5,1.0,2073-8667,18.0,http://siom.edu/
Skagit Valley College,1009,1300,1156,23,27,26.5,5620,Private College,June 1,3.27,84,6.5,1.0,5825-13394,33.0,http://skagit.edu/
South Seattle College,1067,1349,1189,20,29,23.5,4865,Private College,2025-04-07,3.25,84,7.0,1.0,5964-12226,33.0,http://southseattle.edu/
Spokane Falls Community College,819,1056,926,17,23,19.0,4058,Public Community College,February 1,2.25,61,6.5,1.0,1759-3151,12.0,http://spokanefalls.edu/
Seattle Pacific University,1050,1320,1191,19,22,19.5,38814,Public University,2025-01-15,3.2,84,7.0,1.0,5349-9595,15.0,http://spu.edu/
Saint Martin’s University,970,1180,1057,18,27,20.5,44210,Public University,July 1,3.46,81,7.0,1.0,5998-8834,18.0,http://stmartin.edu/
University of Puget Sound,1185,1390,1332,18,25,19.5,59900,Public University,2025-12-20,3.23,71,6.5,1.0,2850-6966,15.0,http://pugetsound.edu/
University of Washington,1110,1350,1235,18,23,18.5,9286,Public University,January 15,3.07,77,6.5,1.0,5360-11837,18.0,http://uw.edu/
University of Washington,1110,1350,1235,18,23,18.5,9286,Public University,January 15,3.07,77,6.5,1.0,5360-11837,18.0,http://washington.edu/
University of Washington Bothell,1170,1470,1376,17,29,25.0,12559,Public University,March 1,2.98,75,6.0,1.0,3126-5153,21.0,http://uwb.edu/
Walla Walla University,1099,1150,1140,20,26,23.0,33027,Public University,Rolling,3.06,80,6.0,1.0,4938-8597,25.0,http://wallawalla.edu/
Whitman College,1270,1480,1365,23,27,26.5,61492,Private College,July 1,3.56,77,7.0,1.0,6777-18091,26.0,http://whitman.edu/
Whitworth University,1100,1320,1212,18,23,18.5,50920,Public University,March 1,2.98,85,6.0,1.0,2515-6486,24.0,http://whitworth.edu/
Washington State University,1110,1350,1235,18,22,18.5,9286,Public University,February 1,3.13,76,7.0,1.0,3486-8554,16.0,http://wsu.edu/
Wenatchee Valley College,985,1194,1090,21,29,26.0,5118,Public,March 1,3.39,83,6.0,1.0,4172-10873,16.0,http://wvc.edu/
Walla Walla Community College,920,1134,1027,14,22,19.0,6513,Public Community College,January 15,2.51,72,6.0,0.0,1190-2645,10.0,http://wwcc.edu/
Western Washington University,1110,1350,1235,17,28,24.5,9286,Public University,2025-01-31,2.87,82,7.0,1.0,4680-7483,24.0,http://wwu.edu/
Yakima Valley Community College,867,1027,942,16,20,16.5,6875,Public Community College,July 1,2.22,64,6.5,1.0,1136-1787,12.0,http://yvcc.edu/
University of Washington,1110,1350,1235,18,23,18.5,9286,Public University,January 15,3.07,77,6.5,1.0,5360-11837,18.0,http://uw.edu/
University of Washington,1110,1350,1235,18,23,18.5,9286,Public University,January 15,3.07,77,6.5,1.0,5360-11837,18.0,http://washington.edu/
Alverno College,1022,1366,1186,24,31,25.5,32794,Private College,January 15,3.11,79,6.5,1.0,8830-15997,28.0,http://alverno.edu/
Carroll University,1050,1260,1209,17,23,22.0,37230,Public University,January 15,3.48,110,6.5,1.0,3503-7349,24.0,http://carrollu.edu/
Carthage College,1000,1205,1113,22,32,28.0,36500,Private College,2025-01-09,3.26,83,6.5,1.0,5377-15478,32.0,http://carthage.edu/
Chippewa Valley Technical College,1098,1352,1229,18,26,20.0,4724,Public Technical College,February 1,3.03,80,7.0,1.0,4589-9030,22.0,http://cvtc.edu/
Edgewood College,1131,1279,1208,24,29,24.5,34850,Private College,June 1,3.17,86,6.5,1.0,8318-12998,35.0,http://edgewood.edu/
Gateway Technical College,997,1252,1128,18,28,21.0,4853,Public Technical College,Rolling,3.22,82,6.0,1.0,2165-5935,20.0,http://gtc.edu/
The Institute of Beauty and Wellness,1063,1158,1128,18,24,19.0,9180,Public University,Rolling,3.21,78,6.0,1.0,3481-8403,22.0,http://ibw.edu/
Lawrence University,1200,1430,1349,23,26,25.5,55461,Private,March 1,3.7,75,6.0,1.0,5122-12312,40.0,http://lawrence.edu/
Madison Area Technical College,1083,1264,1172,20,23,21.5,4780,Public Technical College,July 1,2.88,85,7.0,1.0,4372-8459,24.0,http://madisoncollege.edu/
Marquette University,1190,1360,1306,20,22,21.0,48700,Public University,Rolling,3.4,76,6.0,1.0,2133-5069,16.0,http://marquette.edu/
Milwaukee Area Technical College,1009,1259,1124,19,26,21.5,5017,Public Technical College,Rolling,3.11,72,6.0,1.0,4142-9526,22.0,http://matc.edu/
Medical College of Wisconsin,1006,1275,1156,22,29,26.5,26790,Private College,2025-05-01,3.66,76,6.0,1.0,6290-13357,25.0,http://mcw.edu/
Milwaukee Institute of Art and Design,1004,1222,1120,21,27,25.0,1500,Public University,January 15,3.25,73,6.5,1.0,3704-9791,21.0,http://miad.edu/
Moraine Park Technical College,1084,1226,1139,17,25,23.0,4713,Public Technical College,2025-05-01,3.03,79,6.0,1.0,2449-7563,24.0,http://morainepark.edu/
Milwaukee School of Engineering,1047,1233,1155,20,25,22.5,48421,Public University,July 1,3.41,79,7.0,1.0,4065-7795,20.0,http://msoe.edu/
Northland College,1096,1318,1153,24,32,26.0,42491,Private College,Rolling,3.52,76,6.0,1.0,8385-14993,25.0,http://northland.edu/
Northcentral  Technical College,1011,1177,1110,21,22,21.5,3861,Public Technical College,February 1,2.99,84,7.0,1.0,4514-8328,19.0,http://ntc.edu/
Northeast Wisconsin Technical College,1101,1295,1199,17,23,22.0,4904,Public,July 1,3.12,77,7.0,1.0,5555-10593,23.0,http://nwtc.edu/
Silver Lake College of the Holy Family,1152,1248,1198,24,28,24.5,25420,Private College,Rolling,3.4,88,6.0,0.0,7454-17110,37.0,http://sl.edu/
Saint Norbert College,1066,1220,1233,21,30,25.5,44432,Private College,Rolling,3.1,79,6.5,1.0,6113-10234,33.0,http://snc.edu/
Cardinal Stritch University,942,1179,1046,17,25,23.0,8880,Public University,July 1,3.07,71,7.0,1.0,4169-10749,18.0,http://stritch.edu/
University of Wisconsin Colleges,935,1287,1130,21,26,24.5,25300,Public University,June 1,2.85,78,6.5,1.0,5043-11973,17.0,http://uwc.edu/
University of Wisconsin Eau Claire,965,1214,1076,19,29,23.0,9277,Public University,2025-01-02,3.5,83,6.5,1.0,2064-5115,23.0,http://uwec.edu/
University of Wisconsin Extension,988,1216,1116,18,22,18.5,8260,Public University,Rolling,2.91,84,6.0,1.0,3423-7283,21.0,http://uwex.edu/
University of Wisconsin Green Bay,1088,1278,1202,21,24,23.5,8342,Public,June 1,3.44,70,6.5,1.0,5443-10297,23.0,http://uwgb.edu/
University of Wisconsin La Crosse,933,1225,1068,18,25,19.5,9651,Public,2025-12-08,3.03,79,7.0,1.0,4037-8439,15.0,http://uwlax.edu/
University of Wisconsin Milwaukee,983,1155,1077,17,23,22.0,10020,Public University,January 15,2.95,78,6.5,1.0,2012-8276,25.0,http://uwm.edu/
University of Wisconsin Oshkosh,1111,1336,1204,18,22,18.5,8212,Public University,Rolling,2.92,76,6.0,1.0,5557-7839,25.0,http://uwosh.edu/
University of Wisconsin Platteville,964,1317,1156,17,24,22.5,8315,Public University,Rolling,3.13,78,6.0,1.0,2068-4446,19.0,http://uwplatt.edu/
University of Wisconsin River Falls,1111,1202,1160,19,23,20.0,8606,Public University,March 1,3.13,85,6.0,1.0,2654-5473,23.0,http://uwrf.edu/
University of Wisconsin Stevens Point,935,1296,1128,21,26,24.5,8834,Public University,2025-05-25,2.91,78,6.0,1.0,5304-12099,15.0,http://uwsp.edu/
University of Wisconsin Superior,1079,1314,1180,20,28,24.0,8487,Public University,June 1,3.27,82,6.5,1.0,3424-7033,23.0,http://uwsuper.edu/
University of Wisconsin Whitewater,1082,1257,1174,21,25,24.0,8250,Public,January 15,3.49,71,6.5,1.0,4351-9619,22.0,http://uww.edu/
Viterbo University,1040,1380,1184,20,28,24.0,32350,Public University,Rolling,3.25,82,6.0,1.0,2964-9647,17.0,http://viterbo.edu/
Waukesha County Technical College,971,1299,1144,21,29,26.0,4720,Public Technical College,2025-09-01,2.87,83,6.5,1.0,5396-10829,15.0,http://wctc.edu/
"University of Wisconsin, Madison",999,1333,1148,17,24,22.5,8960,Public,February 1,2.83,70,7.0,1.0,5251-8468,25.0,http://wisc.edu/
Wisconsin Indianhead Technical College,998,1241,1102,19,26,21.5,13080,Public Technical College,June 1,2.82,80,6.5,1.0,5525-9608,24.0,http://witc.edu/
Wisconsin Lutheran College,1060,1300,1214,21,30,25.5,35080,Private College,January 15,3.48,75,6.5,1.0,8785-13627,40.0,http://wlc.edu/
Wisconsin Technical College System,1061,1262,1174,17,24,22.5,60003,Public Technical College,June 1,3.48,78,6.5,1.0,3443-8615,23.0,http://wtcsystem.edu/
Western Technical College,1025,1330,1160,18,29,21.5,4716,Public Technical College,2025-12-12,3.09,83,6.5,1.0,5984-10466,21.0,http://westerntc.edu/
American Public University System,1061,1340,1208,19,26,21.5,8400,Public,June 1,2.88,72,6.5,1.0,3789-7773,15.0,http://apus.edu/
Concord University,840,1080,980,21,22,21.5,9700,Public University,February 1,3.44,76,7.0,1.0,3995-10293,18.0,http://concord.edu/
Eastern West Virgina Community and Technical College,923,1309,1134,17,26,23.5,16100,Public,June 1,2.8,72,6.5,1.0,5597-8537,25.0,http://easternwv.edu/
Fairmont State University,830,1040,993,17,29,25.0,8454,Public University,January 15,3.35,83,6.5,1.0,5405-10892,22.0,http://fairmontstate.edu/
Marshall University,890,1130,1051,21,27,25.0,8942,Public University,March 1,3.23,73,6.0,1.0,4408-10467,21.0,http://marshall.edu/
Ohio Valley University,1016,1238,1142,17,22,21.5,11330,Public University,June 1,3.33,84,6.5,1.0,3522-8487,24.0,http://ovu.edu/
Pierpont Community and Technical College,1119,1336,1244,20,23,21.5,5594,Public Technical College,2025-12-08,3.1,77,7.0,1.0,4450-7298,18.0,http://pierpont.edu/
Shepherd University,900,1140,1022,17,22,21.5,8642,Public University,June 1,3.4,76,6.5,1.0,2379-8175,17.0,http://shepherd.edu/
University of Charleston,1027,1312,1174,18,27,20.5,32842,Public University,March 1,3.08,73,6.0,1.0,2125-5604,16.0,http://ucwv.edu/
West Liberty University,890,1125,1041,18,28,21.0,8732,Public,Rolling,3.33,74,6.0,1.0,4318-8994,18.0,http://westliberty.edu/
Wheeling Jesuit University,1114,1221,1148,20,29,24.5,12580,Public University,March 1,2.98,75,6.0,0.0,2647-6273,22.0,http://wju.edu/
West Virginia Northern Community College,849,1012,948,16,20,16.5,4544,Public Community College,July 1,2.49,76,6.5,0.0,1720-3213,15.0,http://wvncc.edu/
West Virginia State University,830,1073,979,20,28,24.0,9049,Public University,June 1,3.48,74,6.5,1.0,5808-12228,18.0,http://wvstateu.edu/
West Virginia University,900,1120,1044,19,22,19.5,8064,Public University,2025-12-08,3.41,76,6.0,1.0,3144-8015,21.0,http://wvu.edu/
West Virginia Wesleyan College,878,1143,1045,20,29,23.5,33494,Private College,2025-12-08,3.37,80,6.0,1.0,8534-13018,29.0,http://wvwc.edu/
Casper College,1082,1288,1202,20,26,22.0,4410,Private College,June 1,3.7,84,6.5,1.0,7338-13548,33.0,http://caspercollege.edu/
Central Wyoming College,1082,1366,1221,20,32,25.0,4680,Private College,June 1,3.18,90,6.5,1.0,8610-17871,39.0,http://cwc.edu/
National Outdoor Leadership School,1117,1158,1128,17,29,25.0,8570,Public University,March 1,2.95,75,6.0,1.0,4986-9023,21.0,http://nols.edu/
Northwest College,1173,1246,1210,20,29,23.5,4935,Private College,January 15,3.23,87,6.5,1.0,5771-12509,36.0,http://northwestcollege.edu/
Northern Wyoming Community College District,873,1127,999,17,23,19.0,4830,Public Community College,February 1,2.25,61,6.5,1.0,1062-2746,15.0,http://sheridan.edu/
University of Wyoming,1048,1283,1166,17,25,23.0,6938,Public University,March 1,3.03,79,6.0,1.0,3604-7566,24.0,http://uwyo.edu/
