University,City,State,Location,SAT_Min,SAT_Max,SAT_Avg,ACT_Min,ACT_Max,ACT_Avg,Tuition_USD,Institution_Type,Deadline,Average_GPA,TOEFL_Min,IELTS_Min,Scholarship_Mentioned,Scholarship_Amount_Examples,Scholarship_Percentages,URL,GPA_Min
Princeton University,Princeton,NJ,"Princeton, NJ",1510,1580,1540,34,35,34,65200,Private University,1-Jan,3.92,100,7,0,3992-7096,23,http://princeton.edu/,3.7
Massachusetts Institute of Technology (MIT),Cambridge,MA,"Cambridge, MA",1520,1570,1540,34,36,35,59800,Private University,1-Jan,4.17,90,6.5,1,1104-2112,22,https://mitadmissions.org,3.5
Harvard University,Cambridge,MA,"Cambridge, MA",1510,1580,1540,34,36,35,59300,Private University,1-Jan,4.21,100,6.5,1,5627-11239,15,http://harvard.edu/,3.5
Yale University,New Haven,CT,"New Haven, CT",1470,1570,1520,33,35,34,69900,Private University,2-Jan,3.95,100,7,0,2999-8987,19,http://yale.edu/,3.5
Stanford University,Stanford,CA,"Stanford, CA",1510,1570,1540,34,35,34,62500,Private University,2-Jan,4,100,7,1,3184-9468,21,http://stanford.edu/,3.5
Duke University,Durham,NC,"Durham, NC",1490,1560,1520,33,35,34,67000,Private University,2-Jan,3.94,100,7,0,3659-7504,15,http://duke.edu/,3.3
University of Pennsylvania,Philadelphia,PA,"Philadelphia, PA",1500,1570,1540,34,35,34,63200,Private University,5-Jan,3.9,100,7,0,2471-6570,24,http://upenn.edu/,3.5
Brown University,Providence,RI,"Providence, RI",1510,1560,1540,34,35,34,68000,Private University,3-Jan,3.94,90,7,0,4989-8564,22,http://brown.edu/,3.2
California Institute of Technology (Caltech),Pasadena,CA,"Pasadena, CA",1370,1510,1450,30,34,32,63300,Private University,3-Jan,4.19,79,6.5,0,1104-2112,22,https://www.admissions.caltech.edu,3.7
Johns Hopkins University,Baltimore,MD,"Baltimore, MD",1520,1570,1540,34,36,35,63300,Private University,2-Jan,3.93,100,7,1,5473-8683,20,http://jhu.edu/,3
Northwestern University,Evanston,IL,"Evanston, IL",1510,1570,1540,33,35,34,63500,Private University,2-Jan,4.1,100,7,1,2062-4655,18,http://northwestern.edu/,3
Columbia University,New York,NY,"New York, NY",1510,1560,1540,34,36,35,70200,Private University,1-Jan,3.91,100,7,0,1104-2112,22,https://undergrad.admissions.columbia.edu,3.3
Cornell University,Ithaca,NY,"Ithaca, NY",1500,1570,1540,33,35,34,71300,Private University,2-Jan,3.9,100,7,0,5507-11912,23,http://cornell.edu/,3.5
University of Chicago,Chicago,IL,"Chicago, IL",1510,1580,1540,34,35,34,71300,Private University,2-Jan,4,104,7,1,2145-6587,18,http://uchicago.edu/,3.3
Dartmouth College,Hanover,NH,"Hanover, NH",1500,1570,1540,33,35,34,69200,Private University,2-Jan,3.94,100,7,0,7827-16434,29,http://dartmouth.edu/,3.5
"University of California, Los Angeles (UCLA)",Los Angeles,CA,"Los Angeles, CA",1280,1420,1340,28,32,30,44100,Public University,30-Nov,4.27,87,7,1,1104-2112,22,https://admission.ucla.edu,3
"University of Michigan, Ann Arbor",Ann Arbor,MI,"Ann Arbor, MI",1380,1540,1460,32,35,34,55300,Public University,1-Feb,3.9,100,6.5,1,1104-2112,22,https://admissions.umich.edu,3
Vanderbilt University,Nashville,TN,"Nashville, TN",1510,1560,1540,34,35,34,60300,Private University,1-Jan,3.83,100,7,1,8994-13937,39,http://vanderbilt.edu/,3
Rice University,Houston,TX,"Houston, TX",1510,1570,1540,34,35,34,56400,Private University,2-Jan,3.96,90,7,1,4555-9810,21,http://rice.edu/,3
"University of California, Berkeley (UC Berkeley)",Berkeley,CA,"Berkeley, CA",1260,1400,1330,28,31,30,44100,Public University,30-Nov,4.15,80,6.5,1,1104-2112,22,https://admissions.berkeley.edu,3
Emory University,Atlanta,GA,"Atlanta, GA",1470,1550,1510,32,35,34,58600,Private University,1-Jan,3.8,90,7,1,4009-7124,22,http://emory.edu/,3
Georgetown University,Washington,DC,"Washington, DC",1390,1550,1470,31,35,33,62200,Private University,10-Jan,3.89,100,7.5,0,4131-9261,23,http://georgetown.edu/,3
Carnegie Mellon University,Pittsburgh,PA,"Pittsburgh, PA",1510,1560,1540,34,35,34,62400,Private University,3-Jan,3.86,102,7.5,1,4592-10854,25,http://cmu.edu/,3
University of Virginia (UVA),Charlottesville,VA,"Charlottesville, VA",1360,1540,1450,31,35,33,56700,Public University,1-Jan,4.18,90,7,1,1104-2112,22,https://www.virginia.edu/admissions,3
Tufts University,Medford,MA,"Medford, MA",1470,1560,1520,33,35,34,67900,Private University,1-Jan,3.85,100,7,1,2076-6073,23,http://tufts.edu/,3
University of Southern California (USC),Los Angeles,CA,"Los Angeles, CA",1450,1530,1490,32,35,34,71600,Private University,15-Jan,3.8,100,6.5,1,1104-2112,22,https://admission.usc.edu,3
University of North Carolina at Chapel Hill (UNC),Chapel Hill,NC,"Chapel Hill, NC",1300,1510,1400,29,34,32,37900,Public University,15-Jan,4.43,90,7,1,1104-2112,22,https://admissions.unc.edu,3
Georgia Institute of Technology (Georgia Tech),Atlanta,GA,"Atlanta, GA",1370,1530,1450,30,34,32,32900,Public University,1-Jan,4.1,100,7,1,1104-2112,22,https://admission.gatech.edu,3
University of Florida,Gainesville,FL,"Gainesville, FL",1320,1480,1400,29,33,31,28700,Public University,1-Nov,4.26,80,6,1,4882-7004,18,http://ufl.edu/,3
University of Texas at Austin (UT Austin),Austin,TX,"Austin, TX",1210,1340,1280,26,30,28,39300,Public University,1-Dec,3.74,78,6.5,1,1104-2112,22,https://admissions.utexas.edu,3
New York University (NYU),New York,NY,"New York, NY",1480,1550,1520,34,35,34,60400,Private University,1-Jan,3.69,92,7,1,1104-2112,22,https://www.nyu.edu/admissions/undergraduate-admissions,3
University of Illinois Urbana-Champaign (UIUC),Champaign,IL,"Champaign, IL",1290,1500,1400,27,34,30,34300,Public University,5-Jan,3.83,103,6.5,1,1104-2112,22,https://admissions.illinois.edu,3
Wake Forest University,Winston-Salem,NC,"Winston-Salem, NC",1390,1530,1460,31,34,32,64800,Private University,1-Jan,3.82,88,6.5,1,5683-11640,38,http://wfu.edu/,3
University of Wisconsin-Madison,Madison,WI,"Madison, WI",1300,1490,1400,27,33,30,38100,Public University,1-Feb,3.85,92,6.5,1,1104-2112,22,https://admissions.wisc.edu,3
Boston University,Boston,MA,"Boston, MA",1420,1530,1480,32,34,33,60000,Private University,2-Jan,3.71,84,6.5,1,5100-11618,21,http://bu.edu/,3
Tulane University,New Orleans,LA,"New Orleans, LA",1380,1530,1460,31,34,32,62100,Private University,15-Jan,3.73,88,6.5,1,2495-6500,17,http://tulane.edu/,3
"Ohio State University, Columbus",Columbus,OH,"Columbus, OH",1130,1270,1210,24,28,26,35000,Public University,1-Feb,3.8,79,6.5,1,1104-2112,22,https://undergrad.osu.edu/apply,3
"Purdue University, West Lafayette",West Lafayette,IN,"West Lafayette, IN",1210,1470,1340,27,34,30,28800,Public University,1-Feb,3.55,80,6.5,1,1104-2112,22,https://www.admissions.purdue.edu,3
University of Georgia (UGA),Athens,GA,"Athens, GA",1230,1410,1320,27,32,30,30200,Public University,1-Jan,4,80,6.5,1,1104-2112,22,https://www.admissions.uga.edu,3
Florida State University,Tallahassee,FL,"Tallahassee, FL",1270,1410,1340,29,32,30,21700,Public University,1-Mar,3.8,80,6.5,1,4413-8738,19,http://fsu.edu/,3
University of Miami,Coral Gables,FL,"Coral Gables, FL",1320,1480,1400,30,33,32,58000,Private University,1-Feb,3.7,80,6.5,1,5939-9941,20,http://miami.edu/,3
Northeastern University,Boston,MA,"Boston, MA",1440,1540,1490,33,35,34,59100,Private University,1-Jan,3.85,100,7,1,4198-9254,21,http://northeastern.edu/,3
Penn State University (University Park),State College,PA,"State College, PA",1180,1440,1310,25,32,28,40900,Public University,Rolling,3.4,80,6.5,1,1104-2112,22,https://admissions.psu.edu,3
Auburn University,Auburn,AL,"Auburn, AL",1260,1390,1320,26,31,28,32800,Public University,1-Feb,3.64,84,6.5,1,3271-9256,15,http://auburn.edu/,2.8
University of Alabama,Tuscaloosa,AL,"Tuscaloosa, AL",1110,1360,1240,22,30,26,31500,Public University,1-Mar,3.63,77,6,1,4545-7051,15,http://ua.edu/,2.75
A T Still University of Health Sciences,Kirksville,MO,"Kirksville, MO",1090,1250,1170,23,27,25,36500,Private University,1-Jan,3.25,80,6.5,1,1104-2112,22,https://www.atsu.edu/,2.75
Aaniiih Nakoda College,Harlem,MT,"Harlem, MT",1050,1220,1140,22,27,24,3100,Public University,1-Feb,3.17,79,6.5,1,1104-2112,22,https://www.ancollege.edu/,2.75
Abraham Baldwin Agricultural College,Tifton,GA,"Tifton, GA",860,1080,970,17,22,20,10600,Public University,15-Jan,2.84,71,6,1,1104-2112,22,https://www.abac.edu/,2.75
Academy College,Bloomington,MN,"Bloomington, MN",930,1075,1002,19,23,21,18700,Private University,Rolling,2.66,80,6.5,1,1104-2112,22,https://www.academycollege.edu/,2.75
Academy of Art University,San Francisco,CA,"San Francisco, CA",930,1045,987,19,22,20,30700,Private University,Rolling,2.62,80,6.5,1,1104-2112,22,https://www.academyart.edu/,2.75
Academy of Chinese Culture and Health Sciences,Oakland,CA,"Oakland, CA",1100,1240,1160,24,27,26,34200,Private University,1-Jan,3.18,80,6.5,1,1104-2112,22,https://www.acchs.edu/,2.75
Academy of Cosmetology Inc,Bozeman,MT,"Bozeman, MT",970,1095,1032,20,23,22,19300,Private University,Rolling,2.71,80,6.5,1,1104-2112,22,https://www.academycosmetology.com/,0
Academy of Hair Design-Grenada,Grenada,MS,"Grenada, MS",970,1115,1042,20,24,22,18500,Private University,Rolling,2.51,80,6.5,1,1104-2112,22,https://www.academyofhair.com/grenada-campus,0
Academy of Hair Design-Las Vegas,Las Vegas,NV,"Las Vegas, NV",930,1060,995,19,23,21,18500,Private University,Rolling,2.45,80,6.5,1,1104-2112,22,https://www.ahdvegas.com/,0
Academy of Salon and Spa,Fort Smith,AR,"Fort Smith, AR",970,1085,1027,20,23,22,17000,Private University,Rolling,2.49,80,6.5,1,1104-2112,22,https://www.academysalonspa.com/,0
Adams State University,Alamosa,CO,"Alamosa, CO",1080,1210,1150,23,26,24,21900,Public University,1-Feb,3.25,79,6.5,1,3541-6766,17,http://adams.edu/,2.75
Adelphi University,Garden City,NY,"Garden City, NY",1120,1340,1230,24,30,27,49100,Private University,15-Jan,3.31,80,6.5,1,6189-10297,38,http://adelphi.edu/,3
Adler University,Chicago,IL,"Chicago, IL",1110,1230,1170,24,27,26,35800,Private University,15-Jan,3.24,80,6.5,1,1104-2112,22,https://www.adler.edu/,2.75
Adrian College,Adrian,MI,"Adrian, MI",870,1140,1010,21,27,24,41700,Private University,1-Jan,2.87,71,6,1,8880-17278,30,http://adrian.edu/,2.75
Adult and Continuing Education-BCTS,Hackensack,NJ,"Hackensack, NJ",1060,1200,1130,23,26,24,20800,Public University,Rolling,3.11,79,6.5,1,1104-2112,22,https://www.bergen.org/site/Default.aspx?PageID=4343,0
AdventHealth University,Orlando,FL,"Orlando, FL",1080,1240,1160,23,27,25,21400,Private University,1-Jan,3.19,80,6.5,1,1104-2112,22,https://www.ahu.edu/,2.75
Agnes Scott College,Decatur,GA,"Decatur, GA",1160,1330,1240,25,31,28,50600,Private University,15-Jan,3.36,80,6.5,1,6359-13769,37,http://agnesscott.edu/,3
Aims Community College,Greeley,CO,"Greeley, CO",1080,1220,1140,23,27,25,11800,Public University,1-Mar,3.19,79,6.5,1,985-2408,15,http://aims.edu/,2.75
Alabama A & M University,Normal,AL,"Normal, AL",810,1040,920,14,19,16,18600,Public University,Rolling,2.73,81,6.5,1,1104-2112,22,https://www.aamu.edu/,2.75
Alabama State University,Montgomery,AL,"Montgomery, AL",830,980,900,17,21,19,19600,Public University,1-Feb,2.59,72,6,1,1104-2112,22,https://www.alasu.edu/,2.75
Alaska Bible College,Palmer,AK,"Palmer, AK",1100,1250,1170,24,27,26,9700,Private University,1-Jan,3.25,80,6.5,1,1104-2112,22,https://www.akbible.edu/,2.75
Alaska Career College,Anchorage,AK,"Anchorage, AK",855,960,907,17,20,18,10300,Public Community College,Rolling,3.17,61,5.5,1,1104-2112,22,https://www.alaskacareercollege.edu/,0
Alaska Pacific University,Anchorage,AK,"Anchorage, AK",1000,1160,1080,21,25,23,20800,Private University,1-Jan,3.1,80,6.5,1,1104-2112,22,https://www.alaskapacific.edu/,2.75
Alaska Vocational Technical Center,Seward,AK,"Seward, AK",1060,1210,1140,23,26,24,22500,Public University,1-Feb,3.2,79,6.5,1,1104-2112,22,https://www.avtec.edu/,0
Albany College of Pharmacy and Health Sciences,Albany,NY,"Albany, NY",1110,1380,1240,23,31,27,41500,Private University,15-Jan,3.38,80,6.5,1,1104-2112,22,https://www.acphs.edu/,3
Albany Law School,Albany,NY,"Albany, NY",1100,1240,1170,24,27,26,36000,Private University,1-Jan,3.24,80,6.5,1,1104-2112,22,https://www.albanylaw.edu/,2.75
Albany Medical College,Albany,NY,"Albany, NY",1090,1240,1170,23,27,25,36400,Private University,1-Jan,3.25,80,6.5,1,1104-2112,22,https://www.amc.edu/,2.75
Albany State University,Albany,GA,"Albany, GA",1060,1240,1150,23,27,25,17000,Public University,15-Jan,3.24,79,6.5,1,1104-2112,22,https://www.asurams.edu/,2.75
Albany Technical College,Albany,GA,"Albany, GA",840,980,910,17,21,19,5900,Public Community College,Rolling,3.17,61,5.5,1,4767-11624,16,http://albanytech.edu/,0
Albertus Magnus College,New Haven,CT,"New Haven, CT",1160,1300,1220,25,29,27,41900,Private University,1-Jan,3.4,80,6.5,1,8333-17131,34,http://albertus.edu/,3
Albion College,Albion,MI,"Albion, MI",1060,1200,1140,23,26,24,57000,Private University,1-Feb,3.14,80,6.5,1,5758-11741,31,http://albion.edu/,2.75
Albizu University-Miami,Miami,FL,"Miami, FL",1070,1220,1150,23,27,25,13800,Private University,1-Feb,3.23,80,6.5,1,1104-2112,22,https://www.albizu.edu/,2.75
Alcorn State University,Alcorn State,MS,"Alcorn State, MS",870,1010,940,18,21,20,8800,Public University,1-Mar,2.61,79,6.5,1,4401-7646,17,http://alcorn.edu/,2.75
Alexandria Technical & Community College,Alexandria,MN,"Alexandria, MN",850,970,910,17,20,18,6200,Public Community College,Rolling,3.17,61,5.5,1,1527-2989,11,http://alextech.edu/,0
Alfred University,Alfred,NY,"Alfred, NY",1100,1310,1200,24,29,26,41500,Private University,15-Jan,3.27,80,6.5,1,4262-9984,20,http://alfred.edu/,3
Alice Lloyd College,Pippa Passes,KY,"Pippa Passes, KY",880,1040,960,18,22,20,14000,Private University,15-Jan,2.51,74,6,1,1104-2112,22,https://www.alc.edu/,2.75
Allan Hancock College,Santa Maria,CA,"Santa Maria, CA",830,975,902,17,20,18,9900,Public Community College,Rolling,3.17,61,5.5,1,5167-14532,32,http://hancockcollege.edu/,0
Allegany College of Maryland,Cumberland,MD,"Cumberland, MD",835,975,905,17,20,18,12600,Public Community College,1-Aug,3.17,61,5.5,1,1104-2112,22,https://www.allegany.edu/,0
Allen College,Waterloo,IA,"Waterloo, IA",1100,1240,1170,24,27,26,37900,Private University,1-Jan,3.28,80,6.5,1,1104-2112,22,https://www.allencollege.edu/,2.75
Allen County Community College,Iola,KS,"Iola, KS",840,995,917,17,21,19,4900,Public Community College,Rolling,3.17,61,5.5,1,1104-2112,22,https://www.allencc.edu/,0
Allen School-Brooklyn,Brooklyn,NY,"Brooklyn, NY",930,1035,982,19,22,20,19400,Private University,Rolling,2.61,80,6.5,1,1104-2112,22,https://www.allenschool.edu/,0
Alliant International University-San Diego,San Diego,CA,"San Diego, CA",930,1070,1000,19,23,21,14300,Private University,Rolling,2.46,80,6.5,1,1104-2112,22,https://www.alliant.edu/,2.75
Alma College,Alma,MI,"Alma, MI",1140,1270,1200,25,28,26,49600,Private University,1-Feb,3.3,80,6.5,1,8441-20427,29,http://alma.edu/,3
Alpena Community College,Alpena,MI,"Alpena, MI",1040,1210,1130,22,26,24,8000,Public University,Rolling,3.12,79,6.5,1,1573-2352,15,http://alpenacc.edu/,2.75
American Academy McAllister Institute of Funeral Service,New York,NY,"New York, NY",860,975,917,18,20,19,20000,Public Community College,Rolling,3.17,61,5.5,1,1104-2112,22,https://www.funeraleducation.org/,0
American Academy of Dramatic Arts-Los Angeles,Los Angeles,CA,"Los Angeles, CA",845,995,920,17,21,19,40600,Public Community College,Rolling,3.17,61,5.5,1,1104-2112,22,https://www.aada.edu/,0
American Academy of Dramatic Arts-New York,New York,NY,"New York, NY",840,990,915,17,21,19,40600,Public Community College,Rolling,3.17,61,5.5,1,1104-2112,22,https://www.aada.edu/,0
American Beauty College,West Covina,CA,"West Covina, CA",965,1110,1037,20,24,22,18800,Private University,Rolling,2.62,80,6.5,1,1104-2112,22,https://www.americanbeautycollege.edu/,0
American Beauty School,Bronx,NY,"Bronx, NY",945,1075,1010,20,23,22,18900,Private University,Rolling,2.6,80,6.5,1,1104-2112,22,https://www.americanbeautyschool.edu/,0
American Career College-Los Angeles,Los Angeles,CA,"Los Angeles, CA",835,960,897,17,20,18,9900,Public Community College,1-Aug,3.17,61,5.5,1,1104-2112,22,https://americancareercollege.edu/,0
American Film Institute Conservatory,Los Angeles,CA,"Los Angeles, CA",1090,1220,1160,23,27,25,34400,Private University,1-Jan,3.19,80,6.5,1,1104-2112,22,https://www.afi.com/,2.75
American Hair Academy,Mt. Pleasant,IA,"Mt. Pleasant, IA",970,1075,1022,20,23,22,16800,Private University,Rolling,2.61,80,6.5,1,1104-2112,22,https://americanhairacademy.com/,0
American Institute-Clifton,CLIFTON,NJ,"CLIFTON, NJ",825,965,895,17,20,18,10500,Public Community College,1-Aug,3.17,61,5.5,1,1104-2112,22,https://www.americaninstitute.edu/,0
American Institute-West Hartford,West Hartford,CT,"West Hartford, CT",845,965,905,17,20,18,9800,Public Community College,1-Aug,3.17,61,5.5,1,1104-2112,22,https://americaninstitute.edu/,0
American International College,Springfield,MA,"Springfield, MA",1000,1130,1060,21,24,22,44200,Private University,15-Jan,3.03,80,6.5,1,1104-2112,22,https://www.aic.edu/,2.75
American Islamic College,Chicago,IL,"Chicago, IL",980,1110,1040,21,24,22,7600,Private University,1-Jan,2.95,80,6.5,1,1104-2112,22,https://aicusa.edu/,2.75
American Jewish University,Los Angeles,CA,"Los Angeles, CA",1070,1230,1160,23,27,25,33700,Private University,1-Feb,3.17,80,6.5,1,1104-2112,22,https://www.aju.edu/,2.75
American Musical and Dramatic Academy,New York,NY,"New York, NY",1250,1400,1330,27,31,29,46900,Private University,15-Jan,3.59,80,6.5,1,1104-2112,22,https://www.amda.edu/,3.5
American National University-Pikeville,Pikeville,KY,"Pikeville, KY",955,1100,1027,20,24,22,12500,Private University,Rolling,2.71,80,6.5,1,1104-2112,22,https://www.an.edu/locations/,2.75
American River College,Sacramento,CA,"Sacramento, CA",815,970,892,16,20,18,12600,Public Community College,Rolling,3.17,61,5.5,1,1104-2112,22,https://www.arc.losrios.edu/,0
American University,Washington,DC,"Washington, DC",1280,1460,1370,29,32,30,58800,Private University,1-Jan,3.7,90,7,1,4169-10915,16,http://american.edu/,3.3
Amherst College,Amherst,MA,"Amherst, MA",1490,1580,1540,33,35,34,70500,Private University,1-Jan,4.01,100,7,1,7880-15594,32,http://amherst.edu/,3.5
Amridge University,Montgomery,AL,"Montgomery, AL",1080,1220,1160,23,27,25,7600,Private University,1-Jan,3.16,80,6.5,1,1104-2112,22,https://www.amridgeuniversity.edu/,2.75
Anabaptist Mennonite Biblical Seminary,Elkhart,IN,"Elkhart, IN",1090,1240,1170,23,27,25,36100,Private University,1-Jan,3.24,80,6.5,1,2775-7369,17,http://ambs.edu/,2.75
Anderson University,Anderson,IN,"Anderson, IN",900,1150,1020,17,24,20,37200,Private University,1-Jan,2.91,71,6,1,2793-5823,18,http://anderson.edu/,2.75
Andrew College,Cuthbert,GA,"Cuthbert, GA",1150,1290,1230,25,28,26,19600,Private University,1-Jan,3.33,80,6.5,1,1104-2112,22,https://www.andrewcollege.edu/,3
Andrews University,Berrien Springs,MI,"Berrien Springs, MI",990,1290,1140,20,26,23,35100,Private University,15-Jan,3.15,79,6.5,1,2439-9370,17,http://andrews.edu/,2.75
Anna Maria College,Paxton,MA,"Paxton, MA",1110,1270,1200,24,28,26,44600,Private University,1-Feb,3.25,80,6.5,1,1104-2112,22,https://www.annamaria.edu/,3
Anne Arundel Community College,Arnold,MD,"Arnold, MD",815,920,867,16,19,18,11500,Public Community College,Rolling,3.17,61,5.5,1,1346-2771,12,http://aacc.edu/,0
Anoka Technical College,Anoka,MN,"Anoka, MN",830,975,902,17,20,18,6300,Public Community College,Rolling,3.17,61,5.5,1,1104-2112,22,https://www.anokatech.edu/,0
Anoka-Ramsey Community College,Coon Rapids,MN,"Coon Rapids, MN",810,935,872,16,19,18,5700,Public Community College,Rolling,3.17,61,5.5,1,1734-2348,15,http://anokaramsey.edu/,0
Antelope Valley Community College District,Lancaster,CA,"Lancaster, CA",1090,1230,1150,23,27,25,9500,Public University,1-Feb,3.25,79,6.5,1,1104-2112,22,https://www.avc.edu/,2.75
Apex Technical School,Long Island City,NY,"Long Island City, NY",1090,1250,1160,23,27,25,33500,Private University,15-Jan,3.17,80,6.5,1,1104-2112,22,https://www.apexschool.com/,0
Aquinas College,Grand Rapids,MI,"Grand Rapids, MI",910,1140,1020,20,26,23,40200,Private University,1-Jan,2.98,71,6,1,6607-16362,28,http://aquinas.edu/,2.75
Aquinas Institute of Theology,Saint Louis,MO,"Saint Louis, MO",1090,1250,1170,23,27,25,37300,Private University,15-Jan,3.27,80,6.5,1,2981-5199,21,http://ai.edu/,2.75
Arapahoe Community College,Littleton,CO,"Littleton, CO",1060,1240,1150,23,27,25,17000,Public University,1-Mar,3.22,79,6.5,1,1517-2249,15,http://arapahoe.edu/,2.75
Arizona Academy of Beauty,Tucson,AZ,"Tucson, AZ",940,1075,1007,20,23,22,19200,Private University,Rolling,2.64,80,6.5,1,1104-2112,22,https://www.arizonaacademy.com/,0
Arizona Christian University,Glendale,AZ,"Glendale, AZ",1110,1260,1180,24,28,26,35100,Private University,15-Jan,3.31,80,6.5,1,1104-2112,22,https://arizonachristian.edu/,2.75
Arizona State University Campus Immersion,Tempe,AZ,"Tempe, AZ",1020,1170,1090,22,25,24,33100,Public University,30-Nov,3.08,79,6.5,1,1104-2112,22,https://www.asu.edu/,2.75
Arizona Western College,Yuma,AZ,"Yuma, AZ",860,1015,937,18,21,20,9900,Public Community College,Rolling,3.17,61,5.5,1,5893-11710,26,http://azwestern.edu/,0
Arkansas Baptist College,Little Rock,AR,"Little Rock, AR",1110,1230,1170,24,27,26,8800,Private University,15-Jan,3.27,80,6.5,1,1104-2112,22,https://www.arkansasbaptist.edu/,2.75
Arkansas Beauty College,Russellville,AR,"Russellville, AR",975,1095,1035,20,23,22,19200,Private University,Rolling,2.74,80,6.5,1,1104-2112,22,https://www.arkansasbeautycollege.us/,0
Arkansas Beauty School-Little Rock,Little Rock,AR,"Little Rock, AR",940,1055,997,20,22,21,19300,Private University,Rolling,2.55,80,6.5,1,1104-2112,22,https://arbs.edu/,0
Arkansas Northeastern College,Blytheville,AR,"Blytheville, AR",815,960,887,16,20,18,4200,Public Community College,Rolling,3.17,61,5.5,1,8893-19022,27,http://anc.edu/,0
Arkansas State University,Jonesboro,AR,"Jonesboro, AR",970,1190,1080,18,24,21,14500,Public University,15-Jan,3.02,79,6.5,1,4985-7749,17,http://astate.edu/,2.75
Arkansas State University Mid-South,West Memphis,AR,"West Memphis, AR",850,985,917,17,21,19,4800,Public Community College,Rolling,3.17,61,5.5,1,1104-2112,22,https://www.asumidsouth.edu/,0
Arkansas State University Three Rivers,Malvern,AR,"Malvern, AR",850,990,920,17,21,19,4400,Public Community College,Rolling,3.17,61,5.5,1,1104-2112,22,https://www.asutr.edu/,0
Arkansas State University-Beebe,Beebe,AR,"Beebe, AR",835,970,902,17,20,18,5200,Public Community College,Rolling,3.17,61,5.5,1,1104-2112,22,https://www.asub.edu/,0
Arkansas Tech University,Russellville,AR,"Russellville, AR",880,1100,990,17,23,20,14700,Public University,Rolling,2.85,71,6,1,4146-9928,22,http://atu.edu/,2.75
Arkansas Technical School,North Little Rock,AR,"North Little Rock, AR",940,1040,990,20,22,21,17000,Private University,Rolling,2.61,80,6.5,1,1104-2112,22,https://www.arktech.edu/,0
Arnot Ogden Medical Center,Elmira,NY,"Elmira, NY",850,990,920,17,21,19,9900,Public Community College,Rolling,3.17,61,5.5,1,1104-2112,22,https://www.arnothealth.org/,0
Art Center College of Design,Pasadena,CA,"Pasadena, CA",1080,1230,1160,23,27,25,54200,Private University,1-Jan,3.18,80,6.5,1,5407-14548,40,http://artcenter.edu/,2.75
Arthur's Beauty College,Jacksonville,AR,"Jacksonville, AR",945,1080,1012,20,23,22,18200,Private University,Rolling,2.52,80,6.5,1,1104-2112,22,https://arthursbeautycollege.com/,0
Asbury Theological Seminary,Wilmore,KY,"Wilmore, KY",1090,1240,1170,23,27,25,36700,Private University,1-Jan,3.25,80,6.5,1,1104-2112,22,https://www.asburyseminary.edu/,2.75
Asbury University,Wilmore,KY,"Wilmore, KY",1110,1260,1170,24,28,26,33600,Private University,1-Jan,3.23,80,6.5,1,2177-4261,17,http://asbury.edu/,2.75
Ashford University,San Diego,CA,"San Diego, CA",955,1065,1010,20,23,22,12000,Private University,Rolling,2.62,80,6.5,1,3376-6196,22,http://ashford.edu/,2.75
Ashland Community and Technical College,Ashland,KY,"Ashland, KY",845,960,902,17,20,18,6400,Public Community College,Rolling,3.17,61,5.5,1,1104-2112,22,https://ashland.kctcs.edu/,0
Assabet Valley Regional Technical School,Marlborough,MA,"Marlborough, MA",1000,1160,1070,21,25,23,20500,Public University,Rolling,2.98,79,6.5,1,1104-2112,22,https://www.assabet.org/,0
Associated Beth Rivkah Schools,Brooklyn,NY,"Brooklyn, NY",1050,1180,1110,22,26,24,11200,Private University,1-Feb,3.13,80,6.5,1,1104-2112,22,https://www.bethrivkah.edu/dhl,2.75
Associated Technical College-Los Angeles,Los Angeles,CA,"Los Angeles, CA",975,1115,1045,20,24,22,18500,Private University,Rolling,2.7,80,6.5,1,1104-2112,22,https://www.atcla.edu/,0
Assumption College for Sisters,Denville,NJ,"Denville, NJ",850,960,905,17,20,18,6000,Public Community College,Rolling,3.17,61,5.5,1,1104-2112,22,https://www.acs350.org/,0
Assumption University,Worcester,MA,"Worcester, MA",1050,1190,1120,22,26,24,51400,Private University,1-Jan,3.09,80,6.5,1,1104-2112,22,https://www.assumption.edu/,2.75
Athens State University,Athens,AL,"Athens, AL",1070,1240,1150,23,27,25,23100,Public University,1-Feb,3.24,79,6.5,1,2889-6159,17,http://athens.edu/,2.75
Atlanta Metropolitan State College,Atlanta,GA,"Atlanta, GA",1080,1220,1150,23,27,25,10400,Public University,1-Feb,3.24,79,6.5,1,3204-8443,18,http://atlm.edu/,2.75
Atlanta Technical College,Atlanta,GA,"Atlanta, GA",855,965,910,17,20,18,6000,Public Community College,1-Aug,3.17,61,5.5,1,4547-8318,25,http://atlantatech.edu/,0
Atlanta's John Marshall Law School,Atlanta,GA,"Atlanta, GA",1090,1230,1160,23,27,25,34900,Private University,1-Jan,3.2,80,6.5,1,1104-2112,22,https://www.johnmarshall.edu/,2.75
Atlantic Cape Community College,Mays Landing,NJ,"Mays Landing, NJ",810,925,867,16,19,18,9100,Public Community College,Rolling,3.17,61,5.5,1,1788-2649,13,http://atlantic.edu/,0
Atlantic Technical College,Coconut Creek,FL,"Coconut Creek, FL",845,960,902,17,20,18,10400,Public Community College,Rolling,3.17,61,5.5,1,1104-2112,22,https://www.atlantictechnicalcollege.edu/,0
Auburn University at Montgomery,Montgomery,AL,"Montgomery, AL",1040,1200,1120,18,24,21,20700,Public University,30-Nov,3.09,79,6.5,1,3140-8378,18,http://aum.edu/,2.75
Augsburg University,Minneapolis,MN,"Minneapolis, MN",1020,1170,1090,22,25,24,45500,Private University,1-Jan,3.04,80,6.5,1,1104-2112,22,https://www.augsburg.edu/,2.75
Augusta Technical College,Augusta,GA,"Augusta, GA",835,955,895,17,20,18,7500,Public Community College,1-Aug,3.17,61,5.5,1,1104-2112,22,https://www.augustatech.edu/,0
Augustana College,Rock Island,IL,"Rock Island, IL",1030,1270,1150,21,29,25,51600,Private University,15-Jan,3.26,80,6.5,1,8087-17241,25,http://augustana.edu/,3
Aurora University,Aurora,IL,"Aurora, IL",900,1150,1020,21,29,25,29200,Private University,1-Jan,2.92,71,6,1,5749-11364,25,http://aurora.edu/,2.75
Avalon Institute-Mesa,Mesa,AZ,"Mesa, AZ",935,1065,1000,19,23,21,18300,Private University,Rolling,2.4,80,6.5,1,1104-2112,22,https://avalon.edu/mesa-az/,0
Aveda Arts & Sciences Institute Minneapolis,Minneapolis,MN,"Minneapolis, MN",955,1095,1025,20,23,22,17700,Private University,Rolling,2.53,80,6.5,1,1104-2112,22,https://avedaarts.edu/locations/minneapolis,0
Aveda Arts & Sciences Institute-Baton Rouge,Baton Rouge,LA,"Baton Rouge, LA",965,1105,1035,20,24,22,17700,Private University,Rolling,2.63,80,6.5,1,1104-2112,22,https://avedaarts.edu/,0
Aveda Arts & Sciences Institute-Covington,Covington,LA,"Covington, LA",935,1060,997,19,23,21,17700,Private University,Rolling,2.48,80,6.5,1,1104-2112,22,https://avedaarts.edu/,0
Aveda Arts & Sciences Institute-Lafayette,Lafayette,LA,"Lafayette, LA",960,1090,1025,20,23,22,17700,Private University,Rolling,2.59,80,6.5,1,1104-2112,22,https://avedaarts.edu/,0
Aveda Institute-Maryland,Bel Air,MD,"Bel Air, MD",945,1085,1015,20,23,22,19000,Private University,Rolling,2.49,80,6.5,1,1104-2112,22,https://avedainstitutemd.edu/,0
Aveda Institute-Twin Falls,Twin Falls,ID,"Twin Falls, ID",970,1110,1040,20,24,22,19400,Private University,Rolling,2.68,80,6.5,1,1104-2112,22,https://www.avedaidaho.com/,0
Avery James College,Lake Charles,LA,"Lake Charles, LA",945,1060,1002,20,23,22,16700,Private University,Rolling,2.72,80,6.5,1,1104-2112,22,https://averyjamesschool.com/,0
Aviation Institute of Maintenance-Teterboro,Hasbrouck Heights,NJ,"Hasbrouck Heights, NJ",830,970,900,17,20,18,16800,Public Community College,Rolling,3.17,61,5.5,1,1104-2112,22,https://aviationmaintenance.edu/campuses/teterboro-nj,0
Avila University,Kansas City,MO,"Kansas City, MO",800,960,880,16,21,18,42000,Private University,15-Jan,2.65,72,6,1,4761-9782,24,http://avila.edu/,2.75
Award Beauty School,Hagerstown,MD,"Hagerstown, MD",945,1070,1007,20,23,22,17800,Private University,Rolling,2.56,80,6.5,1,1104-2112,22,https://www.awardbeautyschool.com/,0
Ayers Career College,Shreveport,LA,"Shreveport, LA",940,1080,1010,20,23,22,19400,Private University,Rolling,2.59,80,6.5,1,1104-2112,22,https://www.ayers.edu/,0
Azusa Pacific University,Azusa,CA,"Azusa, CA",980,1240,1110,25,30,28,44500,Private University,1-Feb,3.1,79,6.5,1,1104-2112,22,https://www.apu.edu/,2.75
Babson College,Wellesley,MA,"Wellesley, MA",1390,1530,1460,31,34,32,57200,Private University,1-Jan,3.79,100,7,1,5358-14434,40,http://babson.edu/,3.5
Bais Binyomin Academy,Monsey,NY,"Monsey, NY",1000,1150,1070,21,25,23,9400,Private University,15-Jan,3.08,80,6.5,1,1104-2112,22,https://baisbinyominacademy.com/,2.75
Baker College,Owosso,MI,"Owosso, MI",960,1160,1060,14,20,17,13000,Private University,1-Feb,3.06,79,6.5,1,6947-16051,27,http://baker.edu/,2.75
Baker University,Baldwin City,KS,"Baldwin City, KS",980,1150,1070,21,25,23,35300,Private University,1-Jan,3.04,80,6.5,1,1104-2112,22,https://www.bakeru.edu/,2.75
Bakersfield College,Bakersfield,CA,"Bakersfield, CA",1060,1200,1140,23,26,24,11300,Public University,15-Jan,3.18,79,6.5,1,7397-14034,36,http://bakersfieldcollege.edu/,2.75
Ball State University,Muncie,IN,"Muncie, IN",1080,1260,1170,20,24,22,29600,Public University,1-Feb,3.22,80,6.5,1,5602-12241,18,http://bsu.edu/,3
Baltimore City Community College,Baltimore,MD,"Baltimore, MD",830,980,905,17,21,19,7400,Public Community College,Rolling,3.17,61,5.5,1,1624-3420,10,http://bccc.edu/,0
Baltimore Studio of Hair Design,Baltimore,MD,"Baltimore, MD",945,1060,1002,20,23,22,19000,Private University,Rolling,2.66,80,6.5,1,1104-2112,22,https://www.baltimorestudio.com/,0
Bancroft School of Massage Therapy,Worcester,MA,"Worcester, MA",935,1050,992,19,22,20,17500,Private University,Rolling,2.47,80,6.5,1,1104-2112,22,https://www.bancroftsmt.com/,0
Bank Street College of Education,New York,NY,"New York, NY",1090,1250,1170,23,27,25,38300,Private University,1-Feb,3.29,80,6.5,1,1104-2112,22,https://www.bankstreet.edu/,2.75
Baptist Health College Little Rock,Little Rock,AR,"Little Rock, AR",830,980,905,17,21,19,14000,Public Community College,Rolling,3.17,61,5.5,1,1104-2112,22,https://www.bhclr.edu/,0
Baptist University of Florida,Graceville,FL,"Graceville, FL",1180,1330,1250,26,29,28,15000,Private University,15-Jan,3.35,80,6.5,1,1104-2112,22,https://www.buf.edu/,3
Barclay College,Haviland,KS,"Haviland, KS",1150,1300,1230,25,29,27,24600,Private University,1-Feb,3.38,80,6.5,1,1104-2112,22,https://www.barclaycollege.edu/,3
Bard College,Annandale-On-Hudson,NY,"Annandale-On-Hudson, NY",1270,1450,1360,28,32,30,66400,Private University,1-Feb,3.62,90,7,1,6087-11505,39,http://bard.edu/,3.3
Bard College at Simon's Rock,Great Barrington,MA,"Great Barrington, MA",1020,1150,1080,22,25,24,68800,Private University,1-Jan,3.02,80,6.5,1,1104-2112,22,https://www.simons-rock.edu/,2.75
Barnard College,New York,NY,"New York, NY",1470,1560,1520,32,34,33,69900,Private University,1-Jan,3.95,100,7,1,6203-11394,30,http://barnard.edu/,3.5
Barnes-Jewish College Goldfarb School of Nursing,Saint Louis,MO,"Saint Louis, MO",1090,1230,1160,23,27,25,33700,Private University,15-Jan,3.17,80,6.5,1,1104-2112,22,https://www.barnesjewishcollege.edu/,2.75
Barry University,Miami,FL,"Miami, FL",1040,1210,1130,22,26,24,34400,Private University,1-Jan,3.17,80,6.5,1,5960-8661,19,http://barry.edu/,2.75
Barstow Community College,Barstow,CA,"Barstow, CA",845,955,900,17,20,18,9700,Public Community College,Rolling,3.17,61,5.5,1,911-2622,11,http://barstow.edu/,0
Barton County Community College,Great Bend,KS,"Great Bend, KS",855,985,920,17,21,19,5000,Public Community College,1-Aug,3.17,61,5.5,1,1104-2112,22,https://www.bartonccc.edu/,0
Bates College,Lewiston,ME,"Lewiston, ME",1420,1530,1480,31,34,32,66600,Private University,1-Jan,3.89,100,7,1,8005-15365,40,http://bates.edu/,3.5
Baton Rouge General Medical Center School of Nursing & School of Radiologic Technology,Baton Rouge,LA,"Baton Rouge, LA",825,935,880,17,19,18,10400,Public Community College,Rolling,3.17,61,5.5,1,1104-2112,22,https://www.brgeneral.org/medical-education/school-of-nursing/ OR school of radiologic technology,0
Bay Path University,Longmeadow,MA,"Longmeadow, MA",1010,1210,1110,15,21,18,38300,Private University,1-Jan,3.14,79,6.5,1,1104-2112,22,https://www.baypath.edu/,2.75
Bay de Noc Community College,Escanaba,MI,"Escanaba, MI",825,970,897,17,20,18,10500,Public Community College,1-Aug,3.17,61,5.5,1,1104-2112,22,https://www.baycollege.edu/,0
Bayshire Academy of Beauty Craft Inc,Bay City,MI,"Bay City, MI",945,1065,1005,20,23,22,17800,Private University,Rolling,2.48,80,6.5,1,1104-2112,22,https://www.bayshirebeautyacademy.edu/,0
Beal University,Bangor,ME,"Bangor, ME",970,1095,1032,20,23,22,18800,Private University,Rolling,2.55,80,6.5,1,1104-2112,22,https://www.beal.edu/,2.75
Bel-Rea Institute of Animal Technology,Denver,CO,"Denver, CO",825,935,880,17,19,18,13800,Public Community College,Rolling,3.17,61,5.5,1,1104-2112,22,https://www.belrea.edu/,0
Belbo Beauty Institute,Shreveport,LA,"Shreveport, LA",935,1035,985,19,22,20,16800,Private University,Rolling,2.54,80,6.5,1,1104-2112,22,https://www.belbobeautyinstitute.com/,0
Belhaven University,Jackson,MS,"Jackson, MS",1010,1300,1150,19,24,22,30200,Private University,1-Jan,3.16,80,6.5,1,4193-9132,15,http://belhaven.edu/,3
Bellarmine University,Louisville,KY,"Louisville, KY",1030,1250,1140,23,28,26,48800,Private University,1-Jan,3.21,79,6.5,1,5344-8906,18,http://bellarmine.edu/,2.75
Bellevue University,Bellevue,NE,"Bellevue, NE",1080,1240,1160,23,27,25,9900,Private University,1-Jan,3.18,80,6.5,1,4586-7623,20,http://bellevue.edu/,2.75
Bellus Academy-Chula Vista,Chula Vista,CA,"Chula Vista, CA",810,960,885,16,20,18,10500,Public Community College,1-Aug,3.17,61,5.5,1,1104-2112,22,https://bellusacademy.edu/,0
Bellus Academy-El Cajon,El Cajon,CA,"El Cajon, CA",845,975,910,17,20,18,10300,Public Community College,1-Aug,3.17,61,5.5,1,1104-2112,22,https://bellusacademy.edu/,0
Bemidji State University,Bemidji,MN,"Bemidji, MN",1020,1160,1090,18,24,21,10200,Public University,1-Mar,3.07,79,6.5,1,5838-8131,16,http://bemidjistate.edu/,2.75
Bene's Career Academy,New Port Richey,FL,"New Port Richey, FL",955,1075,1015,20,23,22,16600,Private University,Rolling,2.77,80,6.5,1,1104-2112,22,https://www.benes.edu/,0
Benedictine College,Atchison,KS,"Atchison, KS",1140,1380,1260,22,29,26,36400,Private University,1-Jan,3.43,84,6.5,1,6049-16111,40,http://benedictine.edu/,3
Benedictine University,Lisle,IL,"Lisle, IL",990,1140,1060,21,25,23,35900,Private University,15-Jan,3.01,80,6.5,1,5366-8175,23,http://ben.edu/,2.75
Benjamin Franklin Cummings Institute of Technology,Boston,MA,"Boston, MA",1100,1260,1170,24,28,26,18900,Private University,1-Jan,3.24,80,6.5,1,1104-2112,22,https://www.bfit.edu/,2.75
Bentley University,Waltham,MA,"Waltham, MA",1280,1430,1360,28,31,30,61000,Private University,1-Jan,3.58,90,7,1,3480-6280,24,http://bentley.edu/,3.3
Berea College,Berea,KY,"Berea, KY",1160,1340,1250,23,28,26,51700,Private University,1-Jan,3.42,80,6.5,1,8480-14584,28,http://berea.edu/,3
Bergen Community College,Paramus,NJ,"Paramus, NJ",865,990,927,18,21,20,9300,Public Community College,Rolling,3.17,61,5.5,1,958-2381,16,http://bergen.edu/,0
Berk Trade and Business School,Long Island City,NY,"Long Island City, NY",960,1090,1025,20,23,22,17500,Private University,Rolling,2.76,80,6.5,1,1104-2112,22,https://www.berktradeschool.com/,0
Berkeley City College,Berkeley,CA,"Berkeley, CA",860,975,917,18,20,19,9900,Public Community College,Rolling,3.17,61,5.5,1,8532-16665,28,http://berkeleycitycollege.edu/,0
Berkeley College-New York,New York,NY,"New York, NY",975,1115,1045,20,24,22,29800,Private University,Rolling,2.72,80,6.5,1,1104-2112,22,https://berkeleycollege.edu/,2.75
Berkeley College-Woodland Park,Woodland Park,NJ,"Woodland Park, NJ",955,1085,1020,20,23,22,29800,Private University,Rolling,2.43,80,6.5,1,1104-2112,22,https://berkeleycollege.edu/,2.75
Berkeley School of Theology,Berkeley,CA,"Berkeley, CA",1010,1170,1090,21,25,23,2900,Private University,1-Jan,3.08,80,6.5,1,1104-2112,22,https://www.bst.edu/,2.75
Berklee College of Music,Boston,MA,"Boston, MA",1260,1390,1320,28,31,30,52000,Private University,1-Jan,3.6,80,6.5,1,7274-13381,29,http://berklee.edu/,3
Berkowits School of Electrolysis,Forest Hills,NY,"Forest Hills, NY",970,1090,1030,20,23,22,19000,Private University,Rolling,2.51,80,6.5,1,1104-2112,22,https://estheticsschoolny.com/,0
Berkshire Community College,Pittsfield,MA,"Pittsfield, MA",830,950,890,17,20,18,11500,Public Community College,Rolling,3.17,61,5.5,1,1760-2843,13,http://berkshirecc.edu/,0
Berry College,Mount Berry,GA,"Mount Berry, GA",1120,1330,1230,22,28,25,41700,Private University,1-Jan,3.41,80,6.5,1,8774-17331,30,http://berry.edu/,3
Beth Hamedrash Shaarei Yosher Institute,Brooklyn,NY,"Brooklyn, NY",1020,1170,1110,22,25,24,12000,Private University,15-Jan,3.17,80,6.5,1,1104-2112,22,https://bhsy.edu/,2.75
Beth Medrash Govoha,Lakewood,NJ,"Lakewood, NJ",1080,1230,1160,23,27,25,34400,Private University,15-Jan,3.19,80,6.5,1,1104-2112,22,https://bmg.edu/,2.75
Bethany College,Lindsborg,KS,"Lindsborg, KS",1150,1290,1220,25,28,26,33000,Private University,15-Jan,3.37,80,6.5,1,1104-2112,22,https://www.bethanylb.edu/,3
Bethany Lutheran College,Mankato,MN,"Mankato, MN",1040,1180,1110,21,26,24,31400,Private University,1-Jan,3.16,79,6.5,1,1104-2112,22,https://www.blc.edu/,2.75
Bethany Theological Seminary,Richmond,IN,"Richmond, IN",1110,1240,1170,24,27,26,37900,Private University,1-Jan,3.28,80,6.5,1,1104-2112,22,https://www.bethanyseminary.edu/,2.75
Bethel College-North Newton,North Newton,KS,"North Newton, KS",970,1150,1060,20,25,22,35000,Private University,1-Jan,3,80,6.5,1,1104-2112,22,https://www.bethelks.edu/,2.75
"Bethel University (Mishawaka, IN)",Mishawaka,IN,"Mishawaka, IN",900,1150,1020,16,24,20,34600,Private University,1-Jan,2.9,71,6,1,1104-2112,22,https://betheluniversity.edu/,2.75
"Bethel University (Saint Paul, MN)",Saint Paul,MN,"Saint Paul, MN",1190,1300,1240,22,28,25,44200,Private University,1-Jan,3.36,80,6.5,1,1104-2112,22,https://www.bethel.edu/,3
Bethesda University,Anaheim,CA,"Anaheim, CA",1100,1270,1180,24,28,26,7200,Private University,15-Jan,3.32,80,6.5,1,1104-2112,22,https://www.buc.edu/,2.75
Bethune-Cookman University,Daytona Beach,FL,"Daytona Beach, FL",830,990,910,12,16,13,14800,Private University,15-Jan,2.69,75,6,1,5417-11257,22,http://cookman.edu/,2.75
Beulah Heights University,Atlanta,GA,"Atlanta, GA",1080,1230,1160,23,27,25,8500,Private University,1-Feb,3.19,80,6.5,1,1104-2112,22,https://www.beulah.edu/,2.75
Bevill State Community College,Jasper,AL,"Jasper, AL",810,960,885,16,20,18,8300,Public Community College,Rolling,3.17,61,5.5,1,1104-2112,22,https://www.bscc.edu/,0
Big Bend Technical College,Perry,FL,"Perry, FL",1070,1220,1140,23,27,25,21200,Public University,15-Jan,3.15,79,6.5,1,1104-2112,22,https://www.bbtc.edu/,0
Big Sandy Community and Technical College,Prestonsburg,KY,"Prestonsburg, KY",855,1010,932,17,21,19,6400,Public Community College,Rolling,3.17,61,5.5,1,1104-2112,22,https://bigsandy.kctcs.edu/,0
Biola University,La Mirada,CA,"La Mirada, CA",1160,1370,1260,24,29,26,49000,Private University,1-Jan,3.42,84,6.5,1,1104-2112,22,https://www.biola.edu/,3
Bishop State Community College,Mobile,AL,"Mobile, AL",840,995,917,17,21,19,9200,Public Community College,Rolling,3.17,61,5.5,1,1104-2112,22,https://www.bishop.edu/,0
Black Hawk College,Moline,IL,"Moline, IL",835,945,890,17,20,18,8100,Public Community College,Rolling,3.17,61,5.5,1,1104-2112,22,https://www.bhc.edu/,0
Black River Technical College,Pocahontas,AR,"Pocahontas, AR",815,930,872,16,19,18,7500,Public Community College,Rolling,3.17,61,5.5,1,1104-2112,22,https://www.blackrivertech.edu/,0
Blackburn College,Carlinville,IL,"Carlinville, IL",1140,1280,1210,25,28,26,28100,Private University,15-Jan,3.38,80,6.5,1,1104-2112,22,https://www.blackburn.edu/,2.75
Blackfeet Community College,Browning,MT,"Browning, MT",1070,1250,1160,23,27,25,3600,Private University,1-Feb,3.2,80,6.5,1,1382-2477,13,http://bfcc.edu/,2.75
Blessing Rieman College of Nursing and Health Sciences,Quincy,IL,"Quincy, IL",1090,1240,1170,23,27,25,36600,Private University,1-Feb,3.25,80,6.5,1,1104-2112,22,https://www.brcn.edu/,2.75
Bloomfield College of Montclair State University,Bloomfield,NJ,"Bloomfield, NJ",1090,1220,1150,23,27,25,26000,Public University,1-Mar,3.2,79,6.5,1,1104-2112,22,https://www.bloomfield.edu/,2.75
Blue Mountain Christian University,Blue Mountain,MS,"Blue Mountain, MS",1020,1160,1090,19,24,22,20200,Private University,1-Jan,3.11,79,6.5,1,1104-2112,22,https://www.bmc.edu/,2.75
Bluegrass Community and Technical College,Lexington,KY,"Lexington, KY",830,960,895,17,20,18,6500,Public Community College,Rolling,3.17,61,5.5,1,1104-2112,22,https://bluegrass.kctcs.edu/,0
Boise Bible College,Boise,ID,"Boise, ID",950,1200,1080,14,20,17,11800,Private University,1-Jan,3.08,79,6.5,1,1104-2112,22,https://www.boisebible.edu/,2.75
Boise State University,Boise,ID,"Boise, ID",1060,1190,1120,23,26,24,27800,Public University,15-Jan,3.2,79,6.5,1,4732-7251,17,http://boisestate.edu/,2.75
Boricua College,New York,NY,"New York, NY",1090,1250,1170,23,27,25,13000,Private University,1-Jan,3.26,80,6.5,1,1104-2112,22,https://www.boricuacollege.edu/,2.75
Bossier Parish Community College,Bossier City,LA,"Bossier City, LA",850,995,922,17,21,19,4300,Public Community College,Rolling,3.17,61,5.5,1,1057-2490,10,http://bpcc.edu/,0
Boston Architectural College,Boston,MA,"Boston, MA",1090,1240,1170,23,27,25,27500,Private University,1-Jan,3.27,80,6.5,1,5138-10951,30,http://the-bac.edu/,2.75
Boston Baptist College,Boston,MA,"Boston, MA",980,1140,1060,21,25,23,14300,Private University,1-Feb,2.98,80,6.5,1,1104-2112,22,https://www.boston.edu/,2.75
Boston College,Chestnut Hill,MA,"Chestnut Hill, MA",1440,1540,1490,33,35,34,70700,Private University,1-Feb,3.86,100,7,1,8959-16396,27,http://bc.edu/,3.5
Boston Graduate School of Psychoanalysis Inc,Brookline,MA,"Brookline, MA",1100,1260,1170,24,28,26,38400,Private University,1-Jan,3.29,80,6.5,1,1104-2112,22,https://www.bgsp.edu/,2.75
Bowdoin College,Brunswick,ME,"Brunswick, ME",1470,1550,1510,33,35,34,67800,Private University,15-Jan,3.95,100,7,1,7703-19479,35,http://bowdoin.edu/,3.5
Bowie State University,Bowie,MD,"Bowie, MD",1090,1240,1170,23,27,25,19900,Public University,1-Feb,3.3,79,6.5,1,2557-4906,20,http://bowiestate.edu/,2.75
Bradley University,Peoria,IL,"Peoria, IL",1040,1180,1110,22,26,24,42200,Private University,1-Jan,3.08,80,6.5,1,8529-14686,27,http://bradley.edu/,2.75
Brandeis University,Waltham,MA,"Waltham, MA",1390,1520,1460,31,34,32,68100,Private University,1-Jan,3.76,100,7,1,2494-6925,21,http://brandeis.edu/,3.5
Brenau University,Gainesville,GA,"Gainesville, GA",930,1200,1060,18,22,20,34000,Private University,1-Jan,3,79,6.5,1,1104-2112,22,https://www.brenau.edu/,2.75
Brescia University,Owensboro,KY,"Owensboro, KY",1190,1330,1250,26,29,28,31600,Private University,15-Jan,3.34,80,6.5,1,1104-2112,22,https://www.brescia.edu/,3
Brewton-Parker College,Mount Vernon,GA,"Mount Vernon, GA",960,1090,1030,20,23,22,20100,Private University,1-Feb,2.9,80,6.5,1,1104-2112,22,https://www.bpc.edu/,2.75
Briar Cliff University,Sioux City,IA,"Sioux City, IA",1090,1230,1170,23,27,25,37000,Private University,15-Jan,3.27,80,6.5,1,1104-2112,22,https://www.briarcliff.edu/,2.75
Bridges Beauty College,Victorville,CA,"Victorville, CA",960,1100,1030,20,24,22,19300,Private University,Rolling,2.73,80,6.5,1,1104-2112,22,https://www.bridgesbeautycollege.com/,0
Bridgewater State University,Bridgewater,MA,"Bridgewater, MA",1060,1260,1160,25,30,28,17900,Public University,1-Feb,3.23,80,6.5,1,4937-10366,22,http://bridgew.edu/,3
Brigham Young University-Idaho,Rexburg,ID,"Rexburg, ID",970,1200,1080,20,26,23,4800,Private University,1-Jan,3.08,79,6.5,1,1104-2112,22,https://www.byui.edu/,2.75
Bristol Community College,Fall River,MA,"Fall River, MA",845,955,900,17,20,18,10800,Public Community College,Rolling,3.17,61,5.5,1,1104-2112,22,https://www.bristolcc.edu/,0
"Brittany Beauty Academy (Brooklyn, NY)",Brooklyn,NY,"Brooklyn, NY",930,1045,987,19,22,20,17700,Private University,Rolling,2.46,80,6.5,1,1104-2112,22,https://brittanyacademy.edu/,0
"Brittany Beauty Academy (Levittown, NY)",Levittown,NY,"Levittown, NY",970,1080,1025,20,23,22,17700,Private University,Rolling,2.49,80,6.5,1,1104-2112,22,https://brittanyacademy.edu/,0
Brookdale Community College,Lincroft,NJ,"Lincroft, NJ",825,935,880,17,19,18,10100,Public Community College,Rolling,3.17,61,5.5,1,1418-2217,14,http://brookdalecc.edu/,0
Brookline College-Phoenix,Phoenix,AZ,"Phoenix, AZ",930,1070,1000,19,23,21,17600,Private University,Rolling,2.65,80,6.5,1,1104-2112,22,https://www.brooklinecollege.edu/,2.75
Brooklyn Law School,Brooklyn,NY,"Brooklyn, NY",1070,1220,1160,23,27,25,34100,Private University,1-Jan,3.18,80,6.5,1,1104-2112,22,https://www.brooklaw.edu/,2.75
Broward College,Fort Lauderdale,FL,"Fort Lauderdale, FL",1090,1230,1150,23,27,25,9000,Public University,15-Jan,3.22,79,6.5,1,4182-10013,24,http://broward.edu/,2.75
Brownson Technical School,Anaheim,CA,"Anaheim, CA",970,1070,1020,20,23,22,17500,Private University,Rolling,2.54,80,6.5,1,1104-2112,22,https://brownson.edu/,0
Bryan College of Health Sciences,Lincoln,NE,"Lincoln, NE",1080,1240,1150,23,27,25,20600,Private University,15-Jan,3.18,80,6.5,1,8882-20503,31,http://bryanhealth.com/,2.75
Bryan University,Tempe,AZ,"Tempe, AZ",950,1085,1017,20,23,22,12200,Private University,Rolling,2.75,80,6.5,1,5356-11859,23,http://bryanuniversity.edu/,2.75
Bryant & Stratton College-Albany,Albany,NY,"Albany, NY",1090,1240,1170,23,27,25,18400,Private University,1-Jan,3.29,80,6.5,1,1104-2112,22,https://www.bryantstratton.edu/,2.75
Bryant & Stratton College-Buffalo,Buffalo,NY,"Buffalo, NY",1090,1230,1170,23,27,25,18900,Private University,1-Jan,3.29,80,6.5,1,1104-2112,22,https://www.bryantstratton.edu/,2.75
Bryant & Stratton College-Greece,Rochester,NY,"Rochester, NY",1100,1240,1170,24,27,26,20100,Private University,1-Jan,3.29,80,6.5,1,1104-2112,22,https://www.bryantstratton.edu/,2.75
Bryant & Stratton College-Syracuse North,Liverpool,NY,"Liverpool, NY",1090,1240,1170,23,27,25,18800,Private University,1-Jan,3.29,80,6.5,1,1104-2112,22,https://www.bryantstratton.edu/,2.75
Buena Vista University,Storm Lake,IA,"Storm Lake, IA",1050,1190,1120,19,26,22,41800,Private University,1-Jan,3.2,79,6.5,1,1104-2112,22,https://www.bvu.edu/,2.75
Bunker Hill Community College,Boston,MA,"Boston, MA",840,950,895,17,20,18,11100,Public Community College,Rolling,3.17,61,5.5,1,1104-2112,22,https://www.bhcc.edu/,0
Butler Community College,El Dorado,KS,"El Dorado, KS",820,950,885,17,20,18,6300,Public Community College,Rolling,3.17,61,5.5,1,1643-2699,15,http://butlercc.edu/,0
Butler University,Indianapolis,IN,"Indianapolis, IN",1160,1350,1260,26,31,28,47600,Private University,1-Jan,3.39,84,6.5,1,3416-10213,20,http://butler.edu/,3
Butte College,Oroville,CA,"Oroville, CA",825,970,897,17,20,18,9300,Public Community College,1-Aug,3.17,61,5.5,1,5943-11029,28,http://butte.edu/,0
CET-Colton,Colton,CA,"Colton, CA",1090,1240,1170,23,27,25,35500,Private University,1-Jan,3.23,80,6.5,1,1104-2112,22,https://cetweb.edu/,0
CET-El Centro,El Centro,CA,"El Centro, CA",1090,1260,1170,23,28,26,35900,Private University,1-Feb,3.24,80,6.5,1,1104-2112,22,https://cetweb.edu/,0
CET-Salinas,Salinas,CA,"Salinas, CA",1080,1230,1170,23,27,25,35700,Private University,15-Jan,3.23,80,6.5,1,1104-2112,22,https://cetweb.edu/,0
CET-San Diego,San Diego,CA,"San Diego, CA",1080,1240,1160,23,27,25,33700,Private University,1-Jan,3.17,80,6.5,1,1104-2112,22,https://www.cetweb.edu/,0
CET-San Jose,San Jose,CA,"San Jose, CA",1110,1250,1170,24,27,26,38500,Private University,15-Jan,3.29,80,6.5,1,1104-2112,22,https://cetweb.edu/,0
CET-Watsonville,Watsonville,CA,"Watsonville, CA",1080,1250,1170,23,27,25,35800,Private University,1-Jan,3.24,80,6.5,1,1104-2112,22,https://www.cetweb.edu/,0
CHI Health School of Radiologic Technology,Omaha,NE,"Omaha, NE",1080,1230,1160,23,27,25,34500,Private University,15-Jan,3.19,80,6.5,1,1104-2112,22,https://www.chihealth.com/school-of-radiologic-technology,2.75
CUNY Bernard M Baruch College,New York,NY,"New York, NY",1100,1400,1250,19,25,22,15400,Public University,1-Feb,3.38,84,6.5,1,1104-2112,22,https://www.baruch.cuny.edu/,3
CUNY Borough of Manhattan Community College,New York,NY,"New York, NY",830,940,885,17,20,18,8000,Public Community College,1-Aug,3.17,61,5.5,1,1104-2112,22,https://www.bmcc.cuny.edu/,0
CUNY Bronx Community College,Bronx,NY,"Bronx, NY",825,955,890,17,20,18,8100,Public Community College,Rolling,3.17,61,5.5,1,1104-2112,22,https://www.bcc.cuny.edu/,0
CUNY Brooklyn College,Brooklyn,NY,"Brooklyn, NY",950,1340,1140,16,22,19,15400,Public University,Rolling,3.15,79,6.5,1,1104-2112,22,https://www.brooklyn.edu/,2.75
CUNY City College,New York,NY,"New York, NY",1070,1430,1250,19,25,22,15300,Public University,Rolling,3.38,84,6.5,1,1104-2112,22,https://www.ccny.cuny.edu/,3
CUNY Graduate School and University Center,New York,NY,"New York, NY",1060,1220,1140,23,27,25,15200,Public University,30-Nov,3.14,79,6.5,1,1104-2112,22,https://www.gc.cuny.edu/,2.75
CUNY Hostos Community College,Bronx,NY,"Bronx, NY",850,970,910,17,20,18,8100,Public Community College,Rolling,3.17,61,5.5,1,1104-2112,22,https://www.hostos.cuny.edu/,0
CUNY Hunter College,New York,NY,"New York, NY",1100,1420,1260,19,25,22,15300,Public University,15-Jan,3.37,84,6.5,1,1104-2112,22,https://www.hunter.cuny.edu/,3
Cabrillo College,Aptos,CA,"Aptos, CA",860,975,917,18,20,19,9900,Public Community College,1-Aug,3.17,61,5.5,1,7726-13132,38,http://cabrillo.edu/,0
Caldwell University,Caldwell,NJ,"Caldwell, NJ",1130,1370,1250,19,25,22,40800,Private University,1-Jan,3.35,84,6.5,1,1104-2112,22,https://www.caldwell.edu/,3
California Baptist University,Riverside,CA,"Riverside, CA",1030,1160,1100,22,25,24,41200,Private University,1-Jan,3.1,80,6.5,1,7696-16772,32,http://calbaptist.edu/,2.75
California Beauty College,Modesto,CA,"Modesto, CA",935,1050,992,19,22,20,17500,Private University,Rolling,2.6,80,6.5,1,1104-2112,22,https://www.calbeautycollege.edu/,0
California College of ASU,Los Angeles,CA,"Los Angeles, CA",1100,1240,1170,24,27,26,25200,Private University,1-Jan,3.24,80,6.5,1,1104-2112,22,https://californiacollege.asu.edu/,2.75
California College of the Arts,San Francisco,CA,"San Francisco, CA",1060,1190,1120,23,26,24,60200,Private University,1-Jan,3.14,80,6.5,1,6128-11960,30,http://cca.edu/,2.75
California Hair Design Academy,La Mesa,CA,"La Mesa, CA",950,1060,1005,20,23,22,17100,Private University,Rolling,2.66,80,6.5,1,1104-2112,22,https://chdaschools.com/,0
California Institute of Integral Studies,San Francisco,CA,"San Francisco, CA",1110,1260,1170,24,28,26,37600,Private University,1-Jan,3.27,80,6.5,1,3632-9434,22,http://ciis.edu/,2.75
California Institute of Technology,Pasadena,CA,"Pasadena, CA",1370,1540,1450,30,35,32,65900,Private University,1-Jan,3.83,79,6.5,1,4492-7464,16,http://caltech.edu/,3.5
California Institute of the Arts,Valencia,CA,"Valencia, CA",1260,1410,1340,28,31,30,59000,Private University,1-Jan,3.61,80,6.5,1,2022-4103,24,http://calarts.edu/,3
California Lutheran University,Thousand Oaks,CA,"Thousand Oaks, CA",1150,1330,1240,24,31,28,52600,Private University,15-Jan,3.41,80,6.5,1,5835-11021,35,http://callutheran.edu/,3
California Polytechnic State University-San Luis Obispo,San Luis Obispo,CA,"San Luis Obispo, CA",1200,1360,1280,26,30,28,34700,Public University,1-Feb,3.45,79,6.5,1,1104-2112,22,https://calpoly.edu/,3
California State Polytechnic University-Humboldt,Arcata,CA,"Arcata, CA",1000,1140,1060,21,25,23,20800,Public University,30-Nov,3.03,79,6.5,1,1104-2112,22,https://www.humboldt.edu/,2.75
California State Polytechnic University-Pomona,Pomona,CA,"Pomona, CA",1050,1200,1140,22,26,24,20400,Public University,30-Nov,3.19,79,6.5,1,1104-2112,22,https://www.cpp.edu/,2.75
California State University Maritime Academy,Vallejo,CA,"Vallejo, CA",980,1150,1070,21,25,23,22500,Public University,30-Nov,3.05,79,6.5,1,1104-2112,22,https://www.csum.edu/,2.75
California State University-Bakersfield,Bakersfield,CA,"Bakersfield, CA",1010,1170,1080,21,25,23,20700,Public University,30-Nov,3.07,79,6.5,1,1104-2112,22,https://www.csub.edu/,2.75
California State University-Chico,Chico,CA,"Chico, CA",1000,1160,1080,21,25,23,21100,Public University,30-Nov,3.07,79,6.5,1,1104-2112,22,https://www.csuchico.edu/,2.75
California State University-Dominguez Hills,Carson,CA,"Carson, CA",1000,1150,1080,21,25,23,20000,Public University,30-Nov,3.07,79,6.5,1,1104-2112,22,https://www.csudh.edu/,2.75
California State University-East Bay,Hayward,CA,"Hayward, CA",1010,1140,1070,21,25,23,20200,Public University,30-Nov,3.05,79,6.5,1,1104-2112,22,https://www.csueastbay.edu/,2.75
California State University-Fresno,Fresno,CA,"Fresno, CA",990,1140,1070,21,25,23,20000,Public University,30-Nov,3.05,79,6.5,1,1104-2112,22,https://www.fresnostate.edu/,2.75
California State University-Fullerton,Fullerton,CA,"Fullerton, CA",1010,1180,1090,21,26,24,20100,Public University,30-Nov,3.09,79,6.5,1,1104-2112,22,https://www.fullerton.edu/,2.75
California State University-Long Beach,Long Beach,CA,"Long Beach, CA",1160,1330,1240,25,29,27,20000,Public University,30-Nov,3.39,79,6.5,1,1104-2112,22,https://www.csulb.edu/,3
California State University-Los Angeles,Los Angeles,CA,"Los Angeles, CA",1010,1180,1090,21,26,24,19800,Public University,30-Nov,3.09,79,6.5,1,1104-2112,22,https://www.calstatela.edu/,2.75
California State University-Northridge,Northridge,CA,"Northridge, CA",1020,1160,1080,22,25,24,20100,Public University,30-Nov,3.07,79,6.5,1,1104-2112,22,https://www.csun.edu/,2.75
California State University-Sacramento,Sacramento,CA,"Sacramento, CA",1010,1160,1080,21,25,23,20600,Public University,30-Nov,3.07,79,6.5,1,1104-2112,22,https://www.csus.edu/,2.75
California State University-San Bernardino,San Bernardino,CA,"San Bernardino, CA",1020,1140,1080,22,25,24,20700,Public University,30-Nov,3.07,79,6.5,1,1104-2112,22,https://www.csusb.edu/,2.75
California State University-Stanislaus,Turlock,CA,"Turlock, CA",970,1130,1060,20,24,22,20800,Public University,30-Nov,3.03,79,6.5,1,1104-2112,22,https://www.csustan.edu/,2.75
California Western School of Law,San Diego,CA,"San Diego, CA",1080,1260,1170,23,28,26,36800,Private University,15-Jan,3.26,80,6.5,1,1104-2112,22,https://www.cwsl.edu/,2.75
Calumet College of Saint Joseph,Whiting,IN,"Whiting, IN",1080,1230,1160,23,27,25,23800,Private University,1-Jan,3.19,80,6.5,1,1104-2112,22,https://www.ccsj.edu/,2.75
Calvary University,Kansas City,MO,"Kansas City, MO",980,1140,1060,17,24,20,14100,Private University,1-Jan,2.99,79,6.5,1,1104-2112,22,https://www.calvary.edu/,2.75
Calvin Theological Seminary,Grand Rapids,MI,"Grand Rapids, MI",1100,1230,1170,24,27,26,36000,Private University,15-Jan,3.24,80,6.5,1,1104-2112,22,https://www.calvinseminary.edu/,2.75
Calvin University,Grand Rapids,MI,"Grand Rapids, MI",1080,1330,1210,24,30,27,39400,Private University,1-Jan,3.29,80,6.5,1,1104-2112,22,https://www.calvin.edu/,3
Cambridge College,Boston,MA,"Boston, MA",1100,1260,1170,24,28,26,18400,Private University,1-Jan,3.28,80,6.5,1,8515-15609,30,http://cambridgecollege.edu/,2.75
Camden County College,Blackwood,NJ,"Blackwood, NJ",850,990,920,17,21,19,4400,Public Community College,1-Aug,3.17,61,5.5,1,7452-15636,31,http://camdencc.edu/,0
Cameo Beauty Academy,Oak Lawn,IL,"Oak Lawn, IL",965,1080,1022,20,23,22,17000,Private University,Rolling,2.72,80,6.5,1,1104-2112,22,https://www.cameobeautyacademy.com/,0
Campbellsville University,Campbellsville,KY,"Campbellsville, KY",1020,1190,1100,22,26,24,28000,Private University,1-Jan,3.05,80,6.5,1,1104-2112,22,https://www.campbellsville.edu/,2.75
Canada College,Redwood City,CA,"Redwood City, CA",815,965,890,16,20,18,11400,Public Community College,Rolling,3.17,61,5.5,1,7756-12754,25,http://canadacollege.edu/,0
Canisius University,Buffalo,NY,"Buffalo, NY",1070,1190,1130,23,26,24,34500,Private University,15-Jan,3.13,80,6.5,1,1104-2112,22,https://www.canisius.edu/,2.75
Cannella School of Hair Design-Chicago,Chicago,IL,"Chicago, IL",970,1080,1025,20,23,22,16700,Private University,Rolling,2.51,80,6.5,1,1104-2112,22,https://cannellaschool.com/,0
Cannella School of Hair Design-Villa Park,Villa Park,IL,"Villa Park, IL",945,1070,1007,20,23,22,16700,Private University,Rolling,2.55,80,6.5,1,1104-2112,22,https://cannellaschool.com/,0
Cape Cod Community College,West Barnstable,MA,"West Barnstable, MA",860,980,920,18,21,20,10900,Public Community College,Rolling,3.17,61,5.5,1,1104-2112,22,https://www.capecod.edu/,0
Cape Girardeau Career and Technology Center,Cape Girardeau,MO,"Cape Girardeau, MO",815,960,887,16,20,18,10200,Public Community College,1-Aug,3.17,61,5.5,1,1104-2112,22,https://www.capectc.org/,0
Capital Health School of Nursing,Trenton,NJ,"Trenton, NJ",855,980,917,17,21,19,10400,Public Community College,Rolling,3.17,61,5.5,1,1104-2112,22,https://www.capitalhealth.org/professionals/school-of-nursing,0
Capital Health School of Radiologic Technology,Trenton,NJ,"Trenton, NJ",855,975,915,17,20,18,10400,Public Community College,Rolling,3.17,61,5.5,1,1104-2112,22,https://www.capitalhealth.org/professionals/school-of-radiologic-technology,0
Capitol Technology University,Laurel,MD,"Laurel, MD",1090,1240,1170,23,27,25,27600,Private University,1-Jan,3.3,80,6.5,1,1104-2112,22,https://www.captechu.edu/,2.75
Capri Beauty College,Oak Forest,IL,"Oak Forest, IL",945,1055,1000,20,22,21,17100,Private University,Rolling,2.48,80,6.5,1,1104-2112,22,https://capri.edu/,0
Capri College-Cedar Rapids,Cedar Rapids,IA,"Cedar Rapids, IA",965,1075,1020,20,23,22,17500,Private University,Rolling,2.56,80,6.5,1,1104-2112,22,https://www.capricollege.edu/,0
Capri College-Davenport,Davenport,IA,"Davenport, IA",950,1050,1000,20,22,21,17100,Private University,Rolling,2.52,80,6.5,1,1104-2112,22,https://www.capricollege.edu/,0
Capri College-Dubuque,Dubuque,IA,"Dubuque, IA",950,1050,1000,20,22,21,18400,Private University,Rolling,2.43,80,6.5,1,1104-2112,22,https://www.capricollege.edu/,0
Capri Cosmetology Learning Centers,Nanuet,NY,"Nanuet, NY",930,1045,987,19,22,20,16900,Private University,Rolling,2.72,80,6.5,1,1104-2112,22,https://caprinow.edu/,0
Career Academy of Beauty,Garden Grove,CA,"Garden Grove, CA",935,1045,990,19,22,20,16700,Private University,Rolling,2.68,80,6.5,1,1104-2112,22,https://caofb.com/,0
Career Academy of Hair Design,Springdale,AR,"Springdale, AR",975,1100,1037,20,24,22,16800,Private University,Rolling,2.76,80,6.5,1,1104-2112,22,https://www.beautynwa.com/,0
Carl Sandburg College,Galesburg,IL,"Galesburg, IL",855,985,920,17,21,19,8900,Public Community College,Rolling,3.17,61,5.5,1,1104-2112,22,https://www.sandburg.edu/,0
Carleton College,Northfield,MN,"Northfield, MN",1450,1560,1500,32,34,33,68900,Private University,15-Jan,3.89,100,7,1,6596-15749,32,http://carleton.edu/,3.5
Carnegie Institute,Troy,MI,"Troy, MI",855,1010,932,17,21,19,15600,Public Community College,Rolling,3.17,61,5.5,1,1104-2112,22,https://www.carnegie-institute.edu/,0
Carrington College-Boise,Boise,ID,"Boise, ID",815,955,885,16,20,18,9500,Public Community College,Rolling,3.17,61,5.5,1,1104-2112,22,https://carrington.edu/,0
Carrington College-Mesa,Mesa,AZ,"Mesa, AZ",840,945,892,17,20,18,9800,Public Community College,Rolling,3.17,61,5.5,1,1104-2112,22,https://carrington.edu/,0
Carrington College-Phoenix North,Phoenix,AZ,"Phoenix, AZ",830,940,885,17,20,18,9800,Public Community College,Rolling,3.17,61,5.5,1,1104-2112,22,https://carrington.edu/,0
Carrington College-Sacramento,Sacramento,CA,"Sacramento, CA",930,1050,990,19,22,20,17800,Private University,Rolling,2.47,80,6.5,1,1104-2112,22,https://carrington.edu/,2.75
Carrington College-Tucson,Tucson,AZ,"Tucson, AZ",840,950,895,17,20,18,9900,Public Community College,Rolling,3.17,61,5.5,1,1104-2112,22,https://carrington.edu/,0
Carroll College,Helena,MT,"Helena, MT",1050,1300,1180,21,27,24,41500,Private University,15-Jan,3.28,80,6.5,1,5563-14957,33,http://carroll.edu/,3
Casa Loma College-Los Angeles,Sherman Oaks,CA,"Sherman Oaks, CA",1180,1330,1270,26,29,28,37700,Private University,1-Feb,3.47,80,6.5,1,1104-2112,22,https://www.casalomacollege.edu/,3
Catherine Hinds Institute of Esthetics,Woburn,MA,"Woburn, MA",945,1050,997,20,22,21,19200,Private University,Rolling,2.57,80,6.5,1,1104-2112,22,https://www.catherinehinds.edu/,0
Catholic Theological Union at Chicago,Chicago,IL,"Chicago, IL",1080,1240,1160,23,27,25,33500,Private University,1-Jan,3.17,80,6.5,1,1104-2112,22,https://www.ctu.edu/,2.75
Cayuga County Community College,Auburn,NY,"Auburn, NY",840,985,912,17,21,19,12300,Public Community College,1-Aug,3.17,61,5.5,1,1104-2112,22,https://www.cayuga-cc.edu/,0
Cecil College,North East,MD,"North East, MD",810,925,867,16,19,18,10800,Public Community College,Rolling,3.17,61,5.5,1,1104-2112,22,https://www.cecil.edu/,0
Celebrity Stylist Beauty School,Monroe,LA,"Monroe, LA",970,1085,1027,20,23,22,19100,Private University,Rolling,2.62,80,6.5,1,1104-2112,22,https://www.celebritystylistbeautyschool.com/,0
Centenary College of Louisiana,Shreveport,LA,"Shreveport, LA",1060,1210,1140,20,25,22,41200,Private University,1-Jan,3.21,79,6.5,1,7219-14098,38,http://centenary.edu/,2.75
Centenary University,Hackettstown,NJ,"Hackettstown, NJ",1020,1160,1100,22,25,24,37700,Private University,1-Jan,3.08,80,6.5,1,1104-2112,22,https://www.centenaryuniversity.edu/,2.75
Central Alabama Community College,Alexander City,AL,"Alexander City, AL",815,965,890,16,20,18,9000,Public Community College,Rolling,3.17,61,5.5,1,1104-2112,22,https://www.cacc.edu/,0
Central Arizona College,Coolidge,AZ,"Coolidge, AZ",815,960,887,16,20,18,4500,Public Community College,Rolling,3.17,61,5.5,1,8511-15572,28,http://centralaz.edu/,0
Central Baptist College,Conway,AR,"Conway, AR",880,1120,1000,17,23,20,21300,Private University,1-Jan,2.96,71,6,1,7830-18626,31,http://cbc.edu/,2.75
Central Christian College of Kansas,McPherson,KS,"McPherson, KS",1160,1300,1220,25,29,27,21000,Private University,1-Jan,3.35,80,6.5,1,1104-2112,22,https://www.centralchristian.edu/,3
Central Christian College of the Bible,Moberly,MO,"Moberly, MO",1100,1260,1170,24,28,26,12200,Private University,1-Jan,3.25,80,6.5,1,1104-2112,22,https://www.cccb.edu/,2.75
Central College,Pella,IA,"Pella, IA",1060,1120,1090,20,26,23,21000,Private University,1-Jan,3.1,79,6.5,1,6289-11610,40,http://central.edu/,2.75
Central Community College,Grand Island,NE,"Grand Island, NE",840,950,895,17,20,18,4800,Public Community College,Rolling,3.17,61,5.5,1,1104-2112,22,https://www.cccneb.edu/,0
Central Connecticut State University,New Britain,CT,"New Britain, CT",960,1190,1080,14,20,17,16600,Public University,Rolling,3.02,79,6.5,1,1104-2112,22,https://www.ccsu.edu/,2.75
Central Lakes College-Brainerd,Brainerd,MN,"Brainerd, MN",825,960,892,17,20,18,6200,Public Community College,1-Aug,3.17,61,5.5,1,1104-2112,22,https://www.clcmn.edu/,0
Central Louisiana Technical Community College,Alexandria,LA,"Alexandria, LA",855,980,917,17,21,19,4100,Public Community College,Rolling,3.17,61,5.5,1,1104-2112,22,https://www.cltcc.edu/,0
Central Maine Community College,Auburn,ME,"Auburn, ME",850,1005,927,17,21,19,7000,Public Community College,Rolling,3.17,61,5.5,1,906-1592,13,http://cmcc.edu/,0
Central Methodist University-College of Liberal Arts and Sciences,Fayette,MO,"Fayette, MO",960,1040,1000,17,23,20,28300,Private University,1-Jan,2.85,71,6,1,1104-2112,22,https://www.centralmethodist.edu/,2.75
Central Michigan University,Mount Pleasant,MI,"Mount Pleasant, MI",960,1200,1080,21,27,24,14800,Public University,15-Jan,3.07,79,6.5,1,2131-7128,17,http://cmich.edu/,2.75
Central New Mexico Community College,Albuquerque,NM,"Albuquerque, NM",845,990,917,17,21,19,8700,Public Community College,Rolling,3.17,61,5.5,1,1104-2112,22,https://www.cnm.edu/,0
Central Yeshiva Tomchei Tmimim Lubavitz,Brooklyn,NY,"Brooklyn, NY",980,1120,1060,21,24,22,8400,Private University,15-Jan,2.96,80,6.5,1,1104-2112,22,https://cyttl.edu/,2.75
Centre College,Danville,KY,"Danville, KY",1160,1450,1300,25,32,28,52800,Private University,15-Jan,3.48,84,6.5,1,5095-9829,37,http://centre.edu/,3.3
Century College,White Bear Lake,MN,"White Bear Lake, MN",835,985,910,17,21,19,6200,Public Community College,1-Aug,3.17,61,5.5,1,5961-11944,37,http://century.edu/,0
Cerritos College,Norwalk,CA,"Norwalk, CA",825,940,882,17,20,18,12000,Public Community College,Rolling,3.17,61,5.5,1,5018-13561,26,http://cerritos.edu/,0
Cerro Coso Community College,Ridgecrest,CA,"Ridgecrest, CA",825,935,880,17,19,18,11300,Public Community College,Rolling,3.17,61,5.5,1,947-1607,12,http://cerrocoso.edu/,0
Chabot College,Hayward,CA,"Hayward, CA",815,950,882,16,20,18,8700,Public Community College,Rolling,3.17,61,5.5,1,1104-2112,22,https://www.chabotcollege.edu/,0
Chadron State College,Chadron,NE,"Chadron, NE",1080,1230,1150,23,27,25,8300,Public University,30-Nov,3.25,79,6.5,1,3470-8236,23,http://csc.edu/,2.75
Chaffey College,Rancho Cucamonga,CA,"Rancho Cucamonga, CA",815,960,887,16,20,18,11100,Public Community College,Rolling,3.17,61,5.5,1,6826-12762,39,http://chaffey.edu/,0
Chaminade University of Honolulu,Honolulu,HI,"Honolulu, HI",970,1250,1110,15,21,18,30900,Private University,1-Jan,3.18,79,6.5,1,1104-2112,22,https://www.chaminade.edu/,2.75
Chapman University,Orange,CA,"Orange, CA",1260,1440,1350,28,31,30,65000,Private University,1-Jan,3.55,90,7,1,6702-10825,27,http://chapman.edu/,3.3
Charles A Jones Career and Education Center,Sacramento,CA,"Sacramento, CA",1050,1220,1140,22,27,24,21800,Public University,15-Jan,3.17,79,6.5,1,1104-2112,22,https://www.caj.scusd.edu/,0
Charles R Drew University of Medicine and Science,Los Angeles,CA,"Los Angeles, CA",1180,1340,1250,26,30,28,23000,Private University,1-Jan,3.37,80,6.5,1,1104-2112,22,https://www.cdrewu.edu/,3
Charles of Italy Beauty College,Lake Havasu City,AZ,"Lake Havasu City, AZ",955,1090,1022,20,23,22,18000,Private University,Rolling,2.65,80,6.5,1,1104-2112,22,https://www.charlesofitaly.edu/,0
Charlotte Technical College,Port Charlotte,FL,"Port Charlotte, FL",1070,1230,1140,23,27,25,12100,Public University,1-Mar,3.18,79,6.5,1,1104-2112,22,https://www.charlottetechcollege.net/ctc,0
Charter College,Anchorage,AK,"Anchorage, AK",950,1070,1010,20,23,22,18400,Private University,Rolling,2.62,80,6.5,1,8727-17303,34,http://chartercollege.edu/,2.75
Charter Oak State College,New Britain,CT,"New Britain, CT",1060,1220,1140,23,27,25,8500,Public University,1-Feb,3.16,79,6.5,1,1104-2112,22,https://www.charteroak.edu/,2.75
Chattahoochee Technical College,Marietta,GA,"Marietta, GA",820,935,877,17,19,18,6100,Public Community College,1-Aug,3.17,61,5.5,1,1104-2112,22,https://www.chattahoocheetech.edu/,0
Chattahoochee Valley Community College,Phenix City,AL,"Phenix City, AL",820,950,885,17,20,18,9000,Public Community College,Rolling,3.17,61,5.5,1,1104-2112,22,https://www.cv.edu/,0
Chesapeake College,Wye Mills,MD,"Wye Mills, MD",855,1010,932,17,21,19,8800,Public Community College,1-Aug,3.17,61,5.5,1,7922-14154,32,http://chesapeake.edu/,0
Chicago State University,Chicago,IL,"Chicago, IL",1160,1320,1240,25,29,27,12800,Public University,1-Feb,3.37,79,6.5,1,1104-2112,22,https://www.csu.edu/,3
Chicago Theological Seminary,Chicago,IL,"Chicago, IL",1100,1250,1170,24,27,26,37000,Private University,1-Feb,3.26,80,6.5,1,1104-2112,22,https://www.ctschicago.edu/,2.75
Chief Dull Knife College,Lame Deer,MT,"Lame Deer, MT",820,940,880,17,20,18,2000,Public Community College,1-Aug,3.17,61,5.5,1,1104-2112,22,https://cdkc.edu/,0
Chipola College,Marianna,FL,"Marianna, FL",1070,1210,1140,23,26,24,9000,Public University,1-Feb,3.2,79,6.5,1,7930-17742,27,http://chipola.edu/,2.75
Chris Beauty College,Gulfport,MS,"Gulfport, MS",980,1090,1035,21,23,22,17200,Private University,Rolling,2.62,80,6.5,1,1104-2112,22,https://www.chrisbeautycollege.edu/,0
Christian Theological Seminary,Indianapolis,IN,"Indianapolis, IN",1080,1240,1160,23,27,25,33200,Private University,1-Jan,3.16,80,6.5,1,1104-2112,22,https://www.cts.edu/,2.75
Christine Valmy International School for Esthetics Skin Care & Makeup,New York,NY,"New York, NY",925,1030,977,19,22,20,19400,Private University,Rolling,2.74,80,6.5,1,1104-2112,22,https://www.christinevalmy.com/,0
Church Divinity School of the Pacific,Berkeley,CA,"Berkeley, CA",1090,1230,1160,23,27,25,34600,Private University,15-Jan,3.19,80,6.5,1,1104-2112,22,https://www.cdsp.edu/,2.75
Circle in the Square Theatre School,New York,NY,"New York, NY",915,1020,967,19,22,20,25600,Public Community College,Rolling,3.17,61,5.5,1,1104-2112,22,https://www.circlesquare.org/,0
Citrus College,Glendora,CA,"Glendora, CA",855,975,915,17,20,18,10600,Public Community College,Rolling,3.17,61,5.5,1,6921-18266,40,http://citruscollege.edu/,0
Citrus Heights Beauty College,Citrus Heights,CA,"Citrus Heights, CA",965,1105,1035,20,24,22,17000,Private University,Rolling,2.42,80,6.5,1,1104-2112,22,https://chbeautycollege.com/,0
City College of San Francisco,San Francisco,CA,"San Francisco, CA",835,975,905,17,20,18,14700,Public Community College,Rolling,3.17,61,5.5,1,7119-11681,30,http://ccsf.edu/,0
City Colleges of Chicago-Harold Washington College,Chicago,IL,"Chicago, IL",815,935,875,16,19,18,15200,Public Community College,Rolling,3.17,61,5.5,1,1104-2112,22,https://www.ccc.edu/colleges/washington/Pages/default.aspx,0
City Colleges of Chicago-Harry S Truman College,Chicago,IL,"Chicago, IL",835,985,910,17,21,19,15200,Public Community College,Rolling,3.17,61,5.5,1,1104-2112,22,https://www.ccc.edu/colleges/truman/Pages/default.aspx,0
City Colleges of Chicago-Kennedy-King College,Chicago,IL,"Chicago, IL",835,945,890,17,20,18,15200,Public Community College,Rolling,3.17,61,5.5,1,1104-2112,22,https://www.ccc.edu/colleges/kennedy/pages/default.aspx,0
City Colleges of Chicago-Malcolm X College,Chicago,IL,"Chicago, IL",845,1000,922,17,21,19,15200,Public Community College,Rolling,3.17,61,5.5,1,1104-2112,22,https://www.ccc.edu/colleges/malcolm-x/pages/default.aspx,0
City Colleges of Chicago-Olive-Harvey College,Chicago,IL,"Chicago, IL",845,950,897,17,20,18,15200,Public Community College,Rolling,3.17,61,5.5,1,1104-2112,22,https://www.ccc.edu/colleges/olive-harvey/Pages/default.aspx,0
City Colleges of Chicago-Richard J Daley College,Chicago,IL,"Chicago, IL",830,980,905,17,21,19,15200,Public Community College,Rolling,3.17,61,5.5,1,1104-2112,22,https://www.ccc.edu/colleges/daley/pages/default.aspx,0
City Colleges of Chicago-Wilbur Wright College,Chicago,IL,"Chicago, IL",855,995,925,17,21,19,15200,Public Community College,Rolling,3.17,61,5.5,1,1104-2112,22,https://www.ccc.edu/colleges/wright/pages/default.aspx,0
Claremont Graduate University,Claremont,CA,"Claremont, CA",1080,1250,1170,23,27,25,35600,Private University,1-Jan,3.23,80,6.5,1,4525-7745,15,http://cgu.edu/,2.75
Claremont McKenna College,Claremont,CA,"Claremont, CA",1470,1560,1520,33,35,34,68000,Private University,1-Jan,3.96,100,7,1,5339-9822,19,http://cmc.edu/,3.5
Claremont School of Theology,Los Angeles,CA,"Los Angeles, CA",1100,1230,1170,24,27,26,37400,Private University,1-Feb,3.27,80,6.5,1,1104-2112,22,https://www.cst.edu/,2.75
Clark Atlanta University,Atlanta,GA,"Atlanta, GA",1110,1250,1180,24,27,26,28300,Private University,1-Jan,3.26,80,6.5,1,1104-2112,22,https://www.cau.edu/,2.75
Clark University,Worcester,MA,"Worcester, MA",1290,1460,1370,30,33,32,58900,Private University,15-Jan,3.65,90,7,1,5692-9146,24,http://clarku.edu/,3.3
Clarke University,Dubuque,IA,"Dubuque, IA",900,1160,1030,16,24,20,40900,Private University,1-Jan,2.92,71,6,1,1104-2112,22,https://www.clarke.edu/,2.75
Clarkson College,Omaha,NE,"Omaha, NE",1060,1190,1120,23,26,24,16100,Private University,1-Feb,3.12,80,6.5,1,1104-2112,22,https://www.clarksoncollege.edu/,2.75
Clarkson University,Potsdam,NY,"Potsdam, NY",1200,1390,1300,25,32,28,59400,Private University,1-Jan,3.45,84,6.5,1,4367-9049,17,http://clarkson.edu/,3
Clayton  State University,Morrow,GA,"Morrow, GA",860,1080,970,15,19,17,16500,Public University,1-Feb,2.86,71,6,1,1104-2112,22,https://www.clayton.edu/,2.75
Clear Creek Baptist Bible College,Pineville,KY,"Pineville, KY",1100,1240,1160,24,27,26,10700,Private University,15-Jan,3.17,80,6.5,1,1104-2112,22,https://ccbbc.edu/,2.75
Cleary University,Howell,MI,"Howell, MI",1070,1220,1150,23,27,25,26100,Private University,15-Jan,3.18,80,6.5,1,1104-2112,22,https://www.cleary.edu/,2.75
Cleveland University-Kansas City,Overland Park,KS,"Overland Park, KS",1050,1200,1130,22,26,24,14400,Private University,15-Jan,3.11,80,6.5,1,1104-2112,22,https://www.cleveland.edu/,2.75
Clinton Community College,Plattsburgh,NY,"Plattsburgh, NY",830,960,895,17,20,18,6800,Public Community College,1-Aug,3.17,61,5.5,1,1260-2449,10,http://clinton.edu/,0
Cloud County Community College,Concordia,KS,"Concordia, KS",855,970,912,17,20,18,4500,Public Community College,Rolling,3.17,61,5.5,1,1104-2112,22,https://www.cloud.edu/,0
Clovis Adult Education,Clovis,CA,"Clovis, CA",1070,1190,1130,23,26,24,21100,Public University,15-Jan,3.12,79,6.5,1,1104-2112,22,https://clovisadult.cusd.com/,0
Clovis Community College,Clovis,NM,"Clovis, NM",830,940,885,17,20,18,3300,Public Community College,Rolling,3.17,61,5.5,1,1104-2112,22,https://www.clovis.edu/,0
Cloyd's Beauty School 1 Inc,West Monroe,LA,"West Monroe, LA",960,1070,1015,20,23,22,19100,Private University,Rolling,2.55,80,6.5,1,1104-2112,22,https://cloydsbeautyschools.edu/,0
Coahoma Community College,Clarksdale,MS,"Clarksdale, MS",820,950,885,17,20,18,3500,Public Community College,Rolling,3.17,61,5.5,1,1104-2112,22,https://www.coahomacc.edu/,0
Coalinga College,Coalinga,CA,"Coalinga, CA",840,955,897,17,20,18,11000,Public Community College,Rolling,3.17,61,5.5,1,1104-2112,22,https://www.westhillscollege.com/coalinga/,0
Coastal Alabama Community College,Bay Minette,AL,"Bay Minette, AL",825,935,880,17,19,18,8900,Public Community College,Rolling,3.17,61,5.5,1,1104-2112,22,https://www.coastalalabama.edu/,0
Coastline Community College,Fountain Valley,CA,"Fountain Valley, CA",855,985,920,17,21,19,11600,Public Community College,Rolling,3.17,61,5.5,1,1104-2112,22,https://www.coastline.edu/,0
Coba Academy,Anaheim,CA,"Anaheim, CA",970,1085,1027,20,23,22,18200,Private University,Rolling,2.49,80,6.5,1,1104-2112,22,https://www.coba.edu/,0
Cochise County Community College District,Sierra Vista,AZ,"Sierra Vista, AZ",1060,1220,1140,23,27,25,6100,Public University,30-Nov,3.18,79,6.5,1,1104-2112,22,https://www.cochise.edu/,2.75
Cochran School of Nursing,Yonkers,NY,"Yonkers, NY",835,965,900,17,20,18,10300,Public Community College,Rolling,3.17,61,5.5,1,1104-2112,22,https://www.cochranschoolofnursing.us/,0
Coe College,Cedar Rapids,IA,"Cedar Rapids, IA",1070,1290,1180,23,29,26,54700,Private University,15-Jan,3.25,80,6.5,1,8750-17815,31,http://coe.edu/,3
Coffeyville Community College,Coffeyville,KS,"Coffeyville, KS",855,965,910,17,20,18,4700,Public Community College,Rolling,3.17,61,5.5,1,1104-2112,22,https://www.coffeyville.edu/,0
Colby College,Waterville,ME,"Waterville, ME",1460,1550,1500,32,34,33,69600,Private University,1-Jan,3.95,100,7,1,7883-19467,28,http://colby.edu/,3.5
Colby Community College,Colby,KS,"Colby, KS",845,965,905,17,20,18,5800,Public Community College,Rolling,3.17,61,5.5,1,1104-2112,22,https://www.colbycc.edu/,0
Colby-Sawyer College,New London,NH,"New London, NH",1050,1180,1110,22,26,24,19100,Private University,1-Jan,3.1,80,6.5,1,1104-2112,22,https://www.colby-sawyer.edu/,2.75
Colgate Rochester Crozer Divinity School,Rochester,NY,"Rochester, NY",1110,1260,1170,24,28,26,37200,Private University,15-Jan,3.26,80,6.5,1,1104-2112,22,https://www.crcds.edu/,2.75
Colgate University,Hamilton,NY,"Hamilton, NY",1430,1540,1480,33,34,34,70300,Private University,15-Jan,3.82,100,7,1,3603-7292,22,http://colgate.edu/,3.5
College for Creative Studies,Detroit,MI,"Detroit, MI",1060,1210,1120,23,26,24,53400,Private University,1-Jan,3.13,80,6.5,1,8766-16380,29,http://collegeforcreativestudies.edu/,2.75
College of Alameda,Alameda,CA,"Alameda, CA",830,985,907,17,21,19,9900,Public Community College,Rolling,3.17,61,5.5,1,1104-2112,22,https://alameda.edu/,0
College of Central Florida,Ocala,FL,"Ocala, FL",1070,1200,1140,23,26,24,10500,Public University,1-Feb,3.16,79,6.5,1,6694-13557,40,http://cf.edu/,2.75
College of Coastal Georgia,Brunswick,GA,"Brunswick, GA",880,1100,990,17,22,20,10900,Public University,1-Mar,2.85,71,6,1,1104-2112,22,https://www.ccga.edu/,2.75
College of Court Reporting Inc,Valparaiso,IN,"Valparaiso, IN",835,965,900,17,20,18,10100,Public Community College,Rolling,3.17,61,5.5,1,1104-2112,22,https://www.ccr.edu/,0
College of DuPage,Glen Ellyn,IL,"Glen Ellyn, IL",845,955,900,17,20,18,12800,Public Community College,1-Aug,3.17,61,5.5,1,6791-18573,33,http://cod.edu/,0
College of Eastern Idaho,Idaho Falls,ID,"Idaho Falls, ID",815,970,892,16,20,18,6800,Public Community College,Rolling,3.17,61,5.5,1,1104-2112,22,https://www.cei.edu/,0
College of Hair Design-Downtown,Lincoln,NE,"Lincoln, NE",820,925,872,17,19,18,10100,Public Community College,Rolling,3.17,61,5.5,1,1104-2112,22,https://collegeofhairdesign.com/,0
College of Lake County,Grayslake,IL,"Grayslake, IL",845,985,915,17,21,19,14400,Public Community College,Rolling,3.17,61,5.5,1,5123-12245,39,http://clcillinois.edu/,0
College of Marin,Kentfield,CA,"Kentfield, CA",815,930,872,16,19,18,9300,Public Community College,1-Aug,3.17,61,5.5,1,5399-10585,40,http://marin.edu/,0
College of Our Lady of the Elms,Chicopee,MA,"Chicopee, MA",1030,1180,1110,22,26,24,43300,Private University,1-Jan,3.14,80,6.5,1,1104-2112,22,https://www.elms.edu/,2.75
College of Saint Benedict,Saint Joseph,MN,"Saint Joseph, MN",1050,1230,1140,20,27,24,55800,Private University,15-Jan,3.19,79,6.5,1,1104-2112,22,https://csbsju.edu/,2.75
College of Saint Mary,Omaha,NE,"Omaha, NE",1080,1220,1150,18,26,22,24500,Private University,15-Jan,3.23,80,6.5,1,1104-2112,22,https://www.csm.edu/,3
College of San Mateo,San Mateo,CA,"San Mateo, CA",825,960,892,17,20,18,11400,Public Community College,Rolling,3.17,61,5.5,1,5602-9710,19,http://collegeofsanmateo.edu/,0
College of Southern Idaho,Twin Falls,ID,"Twin Falls, ID",1070,1220,1140,23,27,25,6800,Public University,1-Feb,3.18,79,6.5,1,5772-11645,29,http://csi.edu/,2.75
College of Southern Maryland,La Plata,MD,"La Plata, MD",815,930,872,16,19,18,10000,Public Community College,Rolling,3.17,61,5.5,1,6819-13707,27,http://csmd.edu/,0
College of Southern Nevada,Las Vegas,NV,"Las Vegas, NV",1060,1210,1140,23,26,24,13000,Public University,1-Feb,3.18,79,6.5,1,6088-10868,28,http://csn.edu/,2.75
College of Staten Island CUNY,Staten Island,NY,"Staten Island, NY",890,1250,1070,14,20,17,15400,Public University,30-Nov,3.08,79,6.5,1,1104-2112,22,https://www.csi.cuny.edu/,2.75
College of the Atlantic,Bar Harbor,ME,"Bar Harbor, ME",1240,1430,1340,21,27,24,48000,Private University,1-Jan,3.53,84,6.5,1,8900-15345,36,http://coa.edu/,3.3
College of the Canyons,Santa Clarita,CA,"Santa Clarita, CA",850,960,905,17,20,18,11000,Public Community College,Rolling,3.17,61,5.5,1,6700-17160,38,http://canyons.edu/,0
College of the Desert,Palm Desert,CA,"Palm Desert, CA",860,970,915,18,20,19,10200,Public Community College,Rolling,3.17,61,5.5,1,7374-11673,31,http://collegeofthedesert.edu/,0
College of the Holy Cross,Worcester,MA,"Worcester, MA",1240,1410,1320,27,32,30,64500,Private University,1-Jan,3.5,84,6.5,1,8143-15002,36,http://holycross.edu/,3.3
College of the Ozarks,Point Lookout,MO,"Point Lookout, MO",1050,1220,1140,20,25,22,22300,Private University,1-Jan,3.17,79,6.5,1,1104-2112,22,https://www.cofo.edu/,2.75
College of the Redwoods,Eureka,CA,"Eureka, CA",835,965,900,17,20,18,8900,Public Community College,Rolling,3.17,61,5.5,1,7002-17397,37,http://redwoods.edu/,0
College of the Sequoias,Visalia,CA,"Visalia, CA",845,985,915,17,21,19,9000,Public Community College,Rolling,3.17,61,5.5,1,5932-16337,25,http://cos.edu/,0
College of the Siskiyous,Weed,CA,"Weed, CA",860,990,925,18,21,20,9400,Public Community College,Rolling,3.17,61,5.5,1,7947-14219,25,http://siskiyous.edu/,0
Colorado Christian University,Lakewood,CO,"Lakewood, CO",1090,1230,1170,23,27,25,41300,Private University,1-Jan,3.25,80,6.5,1,1104-2112,22,https://www.ccu.edu/,2.75
Colorado College,Colorado Springs,CO,"Colorado Springs, CO",1230,1460,1340,29,33,31,70700,Private University,15-Jan,3.56,84,6.5,1,8730-15768,36,http://coloradocollege.edu/,3.3
Colorado Mesa University,Grand Junction,CO,"Grand Junction, CO",930,1160,1040,18,24,21,25100,Public University,30-Nov,2.95,71,6,1,4493-7055,25,http://coloradomesa.edu/,2.75
Colorado Mountain College,Glenwood Springs,CO,"Glenwood Springs, CO",1060,1230,1140,23,27,25,12800,Public University,15-Jan,3.19,79,6.5,1,1104-2112,22,https://coloradomtn.edu/,2.75
Colorado Northwestern Community College,Rangely,CO,"Rangely, CO",1040,1210,1130,22,26,24,7300,Public University,Rolling,3.11,79,6.5,1,1104-2112,22,https://www.cncc.edu/,2.75
Colorado School of Mines,Golden,CO,"Golden, CO",1320,1480,1400,29,33,31,45800,Public University,15-Jan,3.67,90,7,1,2206-7655,17,http://mines.edu/,3.3
Colorado School of Trades,Lakewood,CO,"Lakewood, CO",830,960,895,17,20,18,9900,Public Community College,Rolling,3.17,61,5.5,1,1104-2112,22,https://schooloftrades.edu/,0
Colorado State University Pueblo,Pueblo,CO,"Pueblo, CO",1050,1190,1120,19,26,22,17900,Public University,Rolling,3.1,79,6.5,1,1104-2112,22,https://www.csupueblo.edu/,2.75
Colorado State University-Fort Collins,Fort Collins,CO,"Fort Collins, CO",990,1140,1070,21,25,23,34800,Public University,Rolling,3,79,6.5,1,1104-2112,22,https://colostate.edu/,2.75
Colorado Technical University-Colorado Springs,Colorado Springs,CO,"Colorado Springs, CO",950,1070,1010,20,23,22,12800,Private University,Rolling,2.55,80,6.5,1,1104-2112,22,https://www.coloradotech.edu/Colorado-Springs,2.75
"Columbia College (Columbia, MO)",Columbia,MO,"Columbia, MO",1110,1260,1180,24,28,26,25800,Private University,15-Jan,3.31,80,6.5,1,1104-2112,22,https://www.ccis.edu/,2.75
"Columbia College (Sonora, CA)",Sonora,CA,"Sonora, CA",830,935,882,17,19,18,9300,Public Community College,Rolling,3.17,61,5.5,1,1104-2112,22,https://www.gocolumbia.edu/,0
Columbia College Chicago,Chicago,IL,"Chicago, IL",980,1140,1060,21,25,23,34100,Private University,15-Jan,2.96,80,6.5,1,7523-19203,29,http://colum.edu/,2.75
Columbia Theological Seminary,Decatur,GA,"Decatur, GA",1090,1230,1160,23,27,25,33300,Private University,1-Jan,3.17,80,6.5,1,1104-2112,22,https://www.ctsnet.edu/,2.75
Columbia University in the City of New York,New York,NY,"New York, NY",1510,1580,1540,34,35,34,71800,Private University,1-Jan,4.01,100,7,1,5860-8068,23,http://columbia.edu/,3.5
Columbia-Greene Community College,Hudson,NY,"Hudson, NY",855,970,912,17,20,18,11400,Public Community College,1-Aug,3.17,61,5.5,1,1104-2112,22,https://www.columbiagreene.edu/,0
Columbus State University,Columbus,GA,"Columbus, GA",800,1060,930,16,22,19,17600,Public University,Rolling,2.74,72,6,1,5823-10472,16,http://columbusstate.edu/,2.75
Columbus Technical College,Columbus,GA,"Columbus, GA",815,950,882,16,20,18,7300,Public Community College,Rolling,3.17,61,5.5,1,2768-5519,18,http://columbustech.edu/,0
Community College of Aurora,Aurora,CO,"Aurora, CO",835,975,905,17,20,18,17100,Public Community College,Rolling,3.17,61,5.5,1,1537-2887,14,http://ccaurora.edu/,0
Community College of Denver,Denver,CO,"Denver, CO",1090,1210,1150,23,26,24,17100,Public University,15-Jan,3.26,79,6.5,1,1272-2876,15,http://ccd.edu/,2.75
Compton College,Compton,CA,"Compton, CA",815,920,867,16,19,18,8800,Public Community College,Rolling,3.17,61,5.5,1,1104-2112,22,https://www.compton.edu/,0
Conception Seminary College,Conception,MO,"Conception, MO",1180,1330,1260,26,29,28,26200,Private University,15-Jan,3.37,80,6.5,1,1104-2112,22,https://www.conception.edu/,3
Concorde Career College-Aurora,Aurora,CO,"Aurora, CO",950,1070,1010,20,23,22,17900,Private University,Rolling,2.68,80,6.5,1,1104-2112,22,https://www.concorde.edu/campus/aurora-colorado,2.75
Concorde Career College-Garden Grove,Garden Grove,CA,"Garden Grove, CA",810,920,865,16,19,18,9900,Public Community College,Rolling,3.17,61,5.5,1,1104-2112,22,https://www.concorde.edu/campus/garden-grove-california,0
Concorde Career College-Kansas City,Kansas City,MO,"Kansas City, MO",930,1070,1000,19,23,21,17900,Private University,Rolling,2.54,80,6.5,1,1104-2112,22,https://www.concorde.edu/campus/kansas-city-missouri,2.75
Concorde Career College-North Hollywood,North Hollywood,CA,"North Hollywood, CA",835,975,905,17,20,18,9900,Public Community College,Rolling,3.17,61,5.5,1,1104-2112,22,https://www.concorde.edu/campus/north-hollywood-california,0
Concorde Career College-San Bernardino,San Bernardino,CA,"San Bernardino, CA",840,965,902,17,20,18,9900,Public Community College,Rolling,3.17,61,5.5,1,1104-2112,22,https://www.concorde.edu/campus/san-bernardino-california,0
Concorde Career College-San Diego,San Diego,CA,"San Diego, CA",830,975,902,17,20,18,9900,Public Community College,Rolling,3.17,61,5.5,1,1104-2112,22,https://www.concorde.edu/campus/san-diego-california,0
Concorde Career Institute-Jacksonville,Jacksonville,FL,"Jacksonville, FL",810,925,867,16,19,18,10400,Public Community College,Rolling,3.17,61,5.5,1,1104-2112,22,https://www.concorde.edu/campus/jacksonville-florida,0
Concorde Career Institute-Miramar,Miramar,FL,"Miramar, FL",840,985,912,17,21,19,10400,Public Community College,Rolling,3.17,61,5.5,1,1104-2112,22,https://www.concorde.edu/campus/miramar-florida,0
Concorde Career Institute-Tampa,Tampa,FL,"Tampa, FL",805,935,870,16,19,18,10400,Public Community College,Rolling,3.17,61,5.5,1,1104-2112,22,https://www.concorde.edu/campus/tampa-florida,0
Concordia College at Moorhead,Moorhead,MN,"Moorhead, MN",1120,1260,1190,21,26,24,31200,Private University,1-Jan,3.29,80,6.5,1,1104-2112,22,https://www.concordiacollege.edu/,3
Concordia Seminary,Saint Louis,MO,"Saint Louis, MO",1090,1230,1160,23,27,25,34900,Private University,1-Jan,3.2,80,6.5,1,1104-2112,22,https://www.csl.edu/,2.75
Concordia Theological Seminary,Fort Wayne,IN,"Fort Wayne, IN",1100,1240,1170,24,27,26,38300,Private University,1-Jan,3.29,80,6.5,1,1104-2112,22,https://ctsfw.edu/,2.75
Concordia University Ann Arbor,Ann Arbor,MI,"Ann Arbor, MI",1040,1210,1130,22,26,24,35400,Private University,1-Feb,3.11,80,6.5,1,1104-2112,22,https://www.cuaa.edu/,2.75
Concordia University-Chicago,River Forest,IL,"River Forest, IL",990,1130,1050,21,24,22,37500,Private University,1-Feb,2.95,80,6.5,1,1104-2112,22,https://www.cuchicago.edu/,2.75
Concordia University-Irvine,Irvine,CA,"Irvine, CA",1060,1220,1140,23,27,25,43500,Private University,1-Feb,3.13,80,6.5,1,1104-2112,22,https://www.cui.edu/,2.75
Concordia University-Nebraska,Seward,NE,"Seward, NE",1010,1130,1070,21,24,22,40600,Private University,1-Feb,2.99,80,6.5,1,1104-2112,22,https://www.cune.edu/,2.75
Concordia University-Saint Paul,Saint Paul,MN,"Saint Paul, MN",1030,1180,1100,22,26,24,25600,Private University,1-Feb,3.05,80,6.5,1,1104-2112,22,https://www.csp.edu/,2.75
Connecticut College,New London,CT,"New London, CT",1350,1500,1420,30,33,32,67200,Private University,1-Feb,3.79,90,7,1,5056-16784,36,http://conncoll.edu/,3.3
Connecticut State Community College,New Britain,CT,"New Britain, CT",850,975,912,17,20,18,15600,Public Community College,Rolling,3.17,61,5.5,1,1104-2112,22,https://ctstate.edu/,0
Continental School of Beauty Culture-Rochester,Rochester,NY,"Rochester, NY",930,1045,987,19,22,20,19200,Private University,Rolling,2.68,80,6.5,1,1104-2112,22,https://continentalschoolofbeauty.edu/,0
Contra Costa College,San Pablo,CA,"San Pablo, CA",835,990,912,17,21,19,10300,Public Community College,Rolling,3.17,61,5.5,1,6322-14191,32,http://contracosta.edu/,0
Conway School of Landscape Design,Northampton,MA,"Northampton, MA",1100,1260,1170,24,28,26,37700,Private University,15-Jan,3.27,80,6.5,1,1104-2112,22,https://www.csld.edu/,2.75
Copiah-Lincoln Community College,Wesson,MS,"Wesson, MS",850,1000,925,17,21,19,5000,Public Community College,Rolling,3.17,61,5.5,1,1104-2112,22,https://www.colin.edu/,0
Coppin State University,Baltimore,MD,"Baltimore, MD",880,1020,950,12,17,14,14000,Public University,1-Mar,2.84,71,6,1,5932-9929,24,http://coppin.edu/,2.75
Cornell College,Mount Vernon,IA,"Mount Vernon, IA",1120,1280,1200,23,30,26,52700,Private University,1-Jan,3.33,80,6.5,1,8856-15687,27,http://cornellcollege.edu/,3
Cornerstone University,Grand Rapids,MI,"Grand Rapids, MI",1050,1200,1140,22,26,24,23000,Private University,15-Jan,3.21,80,6.5,1,2212-8469,16,http://cornerstone.edu/,2.75
"Cortiva Institute (Cromwell, CT)",Cromwell,CT,"Cromwell, CT",940,1070,1005,20,23,22,18500,Private University,Rolling,2.57,80,6.5,1,1104-2112,22,https://www.cortiva.edu/,0
"Cortiva Institute (St. Petersburg, FL)",St. Petersburg,FL,"St. Petersburg, FL",975,1075,1025,20,23,22,19500,Private University,Rolling,2.49,80,6.5,1,1104-2112,22,https://www.cortiva.com/,0
Cosmetology & Spa Academy,Crystal Lake,IL,"Crystal Lake, IL",980,1110,1045,21,24,22,16700,Private University,Rolling,2.48,80,6.5,1,1104-2112,22,https://www.cosmetologyandspaacademy.edu/,0
Cosmetology Concepts Niles,Niles,IL,"Niles, IL",930,1045,987,19,22,20,18200,Private University,Rolling,2.7,80,6.5,1,1104-2112,22,https://johnamicoschoolofhairdesign.com/,0
Cossatot Community College of the University of Arkansas,De Queen,AR,"De Queen, AR",835,975,905,17,20,18,5100,Public Community College,Rolling,3.17,61,5.5,1,1104-2112,22,https://www.cccua.edu/index.html,0
Cosumnes River College,Sacramento,CA,"Sacramento, CA",830,950,890,17,20,18,12600,Public Community College,1-Aug,3.17,61,5.5,1,1104-2112,22,https://www.crc.losrios.edu/,0
Cottey College,Nevada,MO,"Nevada, MO",1080,1220,1150,23,27,25,27600,Private University,1-Jan,3.18,80,6.5,1,1104-2112,22,https://www.cottey.edu/,2.75
County College of Morris,Randolph,NJ,"Randolph, NJ",850,1000,925,17,21,19,14300,Public Community College,1-Aug,3.17,61,5.5,1,5859-14374,29,http://ccm.edu/,0
Covenant College,Lookout Mountain,GA,"Lookout Mountain, GA",1160,1380,1270,23,30,26,42000,Private University,1-Jan,3.42,84,6.5,1,5487-16220,33,http://covenant.edu/,3
Covenant Theological Seminary,Saint Louis,MO,"Saint Louis, MO",1090,1240,1160,23,27,25,34200,Private University,15-Jan,3.18,80,6.5,1,1104-2112,22,https://www.covenantseminary.edu/,2.75
Cowley County Community College,Arkansas City,KS,"Arkansas City, KS",850,970,910,17,20,18,6600,Public Community College,1-Aug,3.17,61,5.5,1,1104-2112,22,https://www.cowley.edu/,0
Cox College,Springfield,MO,"Springfield, MO",980,1110,1050,21,24,22,14800,Private University,1-Jan,2.99,80,6.5,1,1104-2112,22,https://coxcollege.edu/,2.75
Crafton Hills College,Yucaipa,CA,"Yucaipa, CA",1080,1220,1150,23,27,25,14600,Public University,30-Nov,3.25,79,6.5,1,6061-17670,40,http://craftonhills.edu/,2.75
Cranbrook Academy of Art,Bloomfield Hills,MI,"Bloomfield Hills, MI",1100,1240,1170,24,27,26,37500,Private University,15-Jan,3.27,80,6.5,1,1104-2112,22,https://cranbrookart.edu/,2.75
Creative Hair School of Cosmetology,Flint,MI,"Flint, MI",940,1080,1010,20,23,22,19400,Private University,Rolling,2.42,80,6.5,1,1104-2112,22,https://creativehairschool.com/,0
Creighton University,Omaha,NE,"Omaha, NE",1240,1430,1340,26,31,28,48900,Private University,1-Feb,3.54,84,6.5,1,2591-5933,16,http://creighton.edu/,3.3
Crescent City Bartending School,New Orleans,LA,"New Orleans, LA",955,1080,1017,20,23,22,16700,Private University,Rolling,2.59,80,6.5,1,1104-2112,22,https://crescent.edu/,0
Crevier's Academy of Cosmetology Arts,Kalispell,MT,"Kalispell, MT",935,1080,1007,19,23,21,17300,Private University,Rolling,2.42,80,6.5,1,1104-2112,22,https://www.crevierschool.com/,0
Crowder College,Neosho,MO,"Neosho, MO",825,955,890,17,20,18,8300,Public Community College,Rolling,3.17,61,5.5,1,7192-11290,35,http://crowder.edu/,0
Crowley's Ridge College,Paragould,AR,"Paragould, AR",1090,1250,1160,23,27,25,16700,Private University,15-Jan,3.17,80,6.5,1,1104-2112,22,https://www.crc.edu/,2.75
Crown College,Saint Bonifacius,MN,"Saint Bonifacius, MN",1260,1410,1350,28,31,30,31400,Private University,15-Jan,3.65,80,6.5,1,8337-20035,37,http://crown.edu/,3.5
Cuesta College,San Luis Obispo,CA,"San Luis Obispo, CA",840,960,900,17,20,18,11000,Public Community College,1-Aug,3.17,61,5.5,1,6147-14053,35,http://cuesta.edu/,0
Culinary Institute of America,Hyde Park,NY,"Hyde Park, NY",930,1180,1060,17,23,20,39800,Private University,15-Jan,3.04,79,6.5,1,3448-8355,22,http://ciachef.edu/,2.75
Culver-Stockton College,Canton,MO,"Canton, MO",980,1140,1050,21,25,23,30900,Private University,1-Jan,2.98,80,6.5,1,5013-14479,39,http://culver.edu/,2.75
Curry College,Milton,MA,"Milton, MA",1050,1230,1140,16,22,19,48000,Private University,15-Jan,3.24,79,6.5,1,7623-17585,27,http://curry.edu/,2.75
Cuyamaca College,El Cajon,CA,"El Cajon, CA",860,1010,935,18,21,20,11300,Public Community College,1-Aug,3.17,61,5.5,1,8089-14211,30,http://cuyamaca.edu/,0
Cypress College,Cypress,CA,"Cypress, CA",1060,1240,1150,23,27,25,12400,Public University,30-Nov,3.24,79,6.5,1,6863-12605,38,http://cypresscollege.edu/,2.75
DHARMA REALM BUDDHIST UNIVERSITY,Ukiah,CA,"Ukiah, CA",1180,1320,1260,26,29,28,21000,Private University,1-Feb,3.43,80,6.5,1,1104-2112,22,https://www.drbu.edu/,3
Dakota County Technical College,Rosemount,MN,"Rosemount, MN",835,955,895,17,20,18,6700,Public Community College,Rolling,3.17,61,5.5,1,2340-7362,18,http://dctc.edu/,0
Dalton State College,Dalton,GA,"Dalton, GA",1070,1210,1130,23,26,24,10700,Public University,1-Feb,3.1,79,6.5,1,1104-2112,22,https://www.daltonstate.edu/,2.75
Danville Area Community College,Danville,IL,"Danville, IL",860,980,920,18,21,20,7400,Public Community College,Rolling,3.17,61,5.5,1,973-1694,10,http://dacc.edu/,0
Davenport University,Grand Rapids,MI,"Grand Rapids, MI",970,1140,1050,20,25,22,24500,Private University,1-Jan,2.98,80,6.5,1,3178-7406,21,http://davenport.edu/,2.75
David Pressley School of Cosmetology,Royal Oak,MI,"Royal Oak, MI",960,1085,1022,20,23,22,18100,Private University,Rolling,2.63,80,6.5,1,1104-2112,22,https://davidpressleyschool.com/,0
Dawn Career Institute LLC,Newark,DE,"Newark, DE",965,1080,1022,20,23,22,17300,Private University,Rolling,2.68,80,6.5,1,1104-2112,22,https://www.dawncareerinstitute.edu/,0
Dawson Community College,Glendive,MT,"Glendive, MT",860,1010,935,18,21,20,9800,Public Community College,1-Aug,3.17,61,5.5,1,1104-2112,22,https://www.dawson.edu/,0
Daytona State College,Daytona Beach,FL,"Daytona Beach, FL",1090,1210,1150,23,26,24,12000,Public University,1-Feb,3.25,79,6.5,1,2115-6236,21,http://daytonastate.edu/,2.75
De Anza College,Cupertino,CA,"Cupertino, CA",830,980,905,17,21,19,12600,Public Community College,1-Aug,3.17,61,5.5,1,1104-2112,22,https://www.deanza.edu/,0
DePaul University,Chicago,IL,"Chicago, IL",1140,1330,1240,25,31,28,46000,Private University,1-Jan,3.33,80,6.5,1,8711-14918,35,http://depaul.edu/,3
DePauw University,Greencastle,IN,"Greencastle, IN",1200,1410,1300,28,32,30,59100,Private University,1-Jan,3.48,84,6.5,1,2000-6334,22,http://depauw.edu/,3.3
Dean College,Franklin,MA,"Franklin, MA",1050,1220,1140,22,27,24,46500,Private University,15-Jan,3.18,80,6.5,1,1104-2112,22,https://www.dean.edu/,2.75
Del-Mar-Va Beauty Academy,Salisbury,MD,"Salisbury, MD",935,1070,1002,19,23,21,19300,Private University,Rolling,2.65,80,6.5,1,1104-2112,22,https://www.delmarvabeautyacademy.com/,0
Delaware State University,Dover,DE,"Dover, DE",800,1020,910,20,24,22,20600,Public University,1-Feb,2.67,79,6.5,1,2647-5346,20,http://desu.edu/,2.75
Delaware Technical Community College-Terry,Dover,DE,"Dover, DE",1060,1220,1150,23,27,25,12300,Public University,15-Jan,3.23,79,6.5,1,1104-2112,22,https://www.dtcc.edu/,2.75
Delgado Community College,New Orleans,LA,"New Orleans, LA",855,985,920,17,21,19,4300,Public Community College,Rolling,3.17,61,5.5,1,1104-2112,22,https://www.dcc.edu/,0
Delta College,University Center,MI,"University Center, MI",815,940,877,16,20,18,7900,Public Community College,Rolling,3.17,61,5.5,1,8746-15866,29,http://delta.edu/,0
Delta State University,Cleveland,MS,"Cleveland, MS",920,1210,1070,17,23,20,8600,Public University,1-Feb,3.09,79,6.5,1,3717-9019,16,http://deltastate.edu/,2.75
Denham Springs Beauty School,Denham Springs,LA,"Denham Springs, LA",955,1065,1010,20,23,22,17000,Private University,Rolling,2.61,80,6.5,1,1104-2112,22,https://www.dsbc.edu/,0
Denver Seminary,Littleton,CO,"Littleton, CO",1100,1230,1160,24,27,26,34800,Private University,15-Jan,3.2,80,6.5,1,1104-2112,22,https://www.denverseminary.edu/,2.75
Des Moines Area Community College,Ankeny,IA,"Ankeny, IA",840,985,912,17,21,19,6700,Public Community College,Rolling,3.17,61,5.5,1,1611-2564,11,http://dmacc.edu/,0
Des Moines University-Osteopathic Medical Center,West Des Moines,IA,"West Des Moines, IA",1100,1240,1170,24,27,26,35700,Private University,1-Feb,3.23,80,6.5,1,1104-2112,22,https://www.dmu.edu/,2.75
Design Institute of San Diego,San Diego,CA,"San Diego, CA",950,1065,1007,20,23,22,29300,Private University,Rolling,2.45,80,6.5,1,1104-2112,22,https://www.disd.edu/,2.75
Detroit Business Institute-Downriver,Riverview,MI,"Riverview, MI",960,1090,1025,20,23,22,17300,Private University,Rolling,2.56,80,6.5,1,1104-2112,22,https://www.dbidownriver.edu/,0
Diablo Valley College,Pleasant Hill,CA,"Pleasant Hill, CA",810,950,880,16,20,18,10300,Public Community College,1-Aug,3.17,61,5.5,1,6772-17845,28,http://dvc.edu/,0
Dillard University,New Orleans,LA,"New Orleans, LA",970,1200,1080,18,22,20,23900,Private University,15-Jan,3.02,79,6.5,1,1104-2112,22,https://www.dillard.edu/,2.75
Diman Regional Technical Institute,Fall River,MA,"Fall River, MA",1220,1380,1290,27,31,29,23200,Public University,30-Nov,3.53,79,6.5,1,1104-2112,22,https://www.dimanregional.org/lpn,0
Dine College,Tsaile,AZ,"Tsaile, AZ",1070,1230,1140,23,27,25,1400,Public University,1-Feb,3.19,79,6.5,1,1104-2112,22,https://www.dinecollege.edu/,2.75
Divine Word College,Epworth,IA,"Epworth, IA",1100,1220,1160,24,27,26,15600,Private University,1-Feb,3.16,80,6.5,1,6328-15132,35,http://dwci.edu/,2.75
Doane University,Crete,NE,"Crete, NE",980,1110,1050,21,24,22,44000,Private University,1-Jan,2.99,80,6.5,1,1104-2112,22,https://www.doane.edu/,2.75
Dodge City Community College,Dodge City,KS,"Dodge City, KS",855,980,917,17,21,19,5800,Public Community College,1-Aug,3.17,61,5.5,1,1104-2112,22,https://dc3.edu/,0
Dominican School of Philosophy & Theology,Berkeley,CA,"Berkeley, CA",1100,1240,1170,24,27,26,36100,Private University,1-Jan,3.24,80,6.5,1,1104-2112,22,https://www.dspt.edu/,2.75
Dominican University,River Forest,IL,"River Forest, IL",880,1100,990,16,26,21,39000,Private University,15-Jan,2.83,71,6,1,5947-7961,16,http://dom.edu/,2.75
Dominican University of California,San Rafael,CA,"San Rafael, CA",1210,1300,1260,19,25,22,52200,Private University,15-Jan,3.36,84,6.5,1,5735-16294,39,http://dominican.edu/,3
Don Roberts School of Hair Design,Schererville,IN,"Schererville, IN",955,1095,1025,20,23,22,18300,Private University,Rolling,2.52,80,6.5,1,1104-2112,22,https://www.donrobertsspaschool.com/,0
Dongguk University Los Angeles,Los Angeles,CA,"Los Angeles, CA",1070,1240,1160,23,27,25,34700,Private University,1-Jan,3.19,80,6.5,1,1104-2112,22,https://www.dula.edu/,2.75
Donnelly College,Kansas City,KS,"Kansas City, KS",1080,1240,1170,23,27,25,10400,Private University,1-Jan,3.23,80,6.5,1,1104-2112,22,https://www.donnelly.edu/,2.75
Dordt University,Sioux Center,IA,"Sioux Center, IA",1070,1330,1200,21,29,25,37000,Private University,1-Jan,3.3,80,6.5,1,1104-2112,22,https://www.dordt.edu/,3
Dorsey College,Madison Heights,MI,"Madison Heights, MI",850,980,915,17,21,19,17000,Public Community College,Rolling,3.17,61,5.5,1,1104-2112,22,https://www.dorsey.edu/,0
Drake University,Des Moines,IA,"Des Moines, IA",1110,1350,1230,24,29,26,52100,Private University,1-Jan,3.35,80,6.5,1,6334-15698,26,http://drake.edu/,3
Drew University,Madison,NJ,"Madison, NJ",1100,1340,1220,24,30,27,47100,Private University,15-Jan,3.38,80,6.5,1,5245-8446,15,http://drew.edu/,3
Drury University,Springfield,MO,"Springfield, MO",1130,1290,1210,22,29,26,36700,Private University,1-Jan,3.33,80,6.5,1,7599-19275,33,http://drury.edu/,3
Dunwoody College of Technology,Minneapolis,MN,"Minneapolis, MN",1050,1190,1120,18,26,22,27800,Private University,1-Jan,3.15,79,6.5,1,1104-2112,22,https://www.dunwoody.edu/,2.75
Earlham College,Richmond,IN,"Richmond, IN",1110,1290,1200,24,33,28,53900,Private University,1-Jan,3.31,80,6.5,1,6539-12271,31,http://earlham.edu/,3
East Arkansas Community College,Forrest City,AR,"Forrest City, AR",850,990,920,17,21,19,4400,Public Community College,1-Aug,3.17,61,5.5,1,1104-2112,22,https://www.eacc.edu/,0
East Central College,Union,MO,"Union, MO",850,955,902,17,20,18,7700,Public Community College,Rolling,3.17,61,5.5,1,1104-2112,22,https://www.eastcentral.edu/,0
East Central Community College,Decatur,MS,"Decatur, MS",850,970,910,17,20,18,6300,Public Community College,Rolling,3.17,61,5.5,1,1104-2112,22,https://www.eccc.edu/,0
East Georgia State College,Swainsboro,GA,"Swainsboro, GA",1070,1210,1140,23,26,24,9900,Public University,1-Mar,3.15,79,6.5,1,2281-5386,20,http://ega.edu/,2.75
East Los Angeles College,Monterey Park,CA,"Monterey Park, CA",855,980,917,17,21,19,10600,Public Community College,Rolling,3.17,61,5.5,1,7896-17211,28,http://elac.edu/,0
East Mississippi Community College,Scooba,MS,"Scooba, MS",835,950,892,17,20,18,7400,Public Community College,Rolling,3.17,61,5.5,1,1462-2277,16,http://eastms.edu/,0
East-West University,Chicago,IL,"Chicago, IL",1090,1260,1170,23,28,26,25400,Private University,15-Jan,3.29,80,6.5,1,1104-2112,22,https://www.eastwest.edu/,2.75
Eastern Arizona College,Thatcher,AZ,"Thatcher, AZ",1070,1240,1150,23,27,25,9600,Public University,1-Feb,3.25,79,6.5,1,1104-2112,22,https://www.eac.edu/,2.75
Eastern Connecticut State University,Willimantic,CT,"Willimantic, CT",1070,1260,1160,17,23,20,17400,Public University,Rolling,3.2,80,6.5,1,2631-6161,24,http://easternct.edu/,3
Eastern Florida State College,Melbourne,FL,"Melbourne, FL",1070,1230,1150,23,27,25,9700,Public University,30-Nov,3.26,79,6.5,1,1104-2112,22,https://www.easternflorida.edu/,2.75
Eastern Illinois University,Charleston,IL,"Charleston, IL",880,1090,980,12,18,15,16200,Public University,15-Jan,2.83,71,6,1,5406-10729,25,http://eiu.edu/,2.75
Eastern Iowa Community College District,Davenport,IA,"Davenport, IA",860,965,912,18,20,19,6500,Public Community College,1-Aug,3.17,61,5.5,1,1104-2112,22,https://www.eicc.edu/,0
Eastern Kentucky University,Richmond,KY,"Richmond, KY",880,1080,980,19,25,22,21200,Public University,1-Mar,2.83,71,6,1,5876-8236,24,http://eku.edu/,2.75
Eastern Maine Community College,Bangor,ME,"Bangor, ME",850,1005,927,17,21,19,7000,Public Community College,Rolling,3.17,61,5.5,1,1104-2112,22,https://www.emcc.edu/,0
Eastern Michigan University,Ypsilanti,MI,"Ypsilanti, MI",920,1170,1040,18,27,22,16200,Public University,15-Jan,3.01,71,6,1,3076-5683,19,http://emich.edu/,2.75
Eastern Nazarene College,Quincy,MA,"Quincy, MA",1090,1240,1170,23,27,25,29900,Private University,15-Jan,3.26,80,6.5,1,1104-2112,22,https://www.enc.edu/,2.75
Eastern New Mexico University-Main Campus,Portales,NM,"Portales, NM",830,1060,940,17,23,20,9200,Public University,Rolling,2.8,74,6,1,1104-2112,22,https://www.enmu.edu/,2.75
Eastern New Mexico University-Roswell Campus,Roswell,NM,"Roswell, NM",830,965,897,17,20,18,5600,Public Community College,Rolling,3.17,61,5.5,1,1104-2112,22,https://www.roswell.enmu.edu/,0
Eastwick College-Hackensack,Hackensack,NJ,"Hackensack, NJ",960,1060,1010,20,23,22,18100,Private University,Rolling,2.48,80,6.5,1,1104-2112,22,https://www.eastwickcollege.edu/,2.75
Eastwick College-Nutley,Nutley,NJ,"Nutley, NJ",820,965,892,17,20,18,15800,Public Community College,Rolling,3.17,61,5.5,1,1104-2112,22,https://www.eastwickcollege.edu/,0
Eastwick College-Ramsey,Ramsey,NJ,"Ramsey, NJ",950,1095,1022,20,23,22,18100,Private University,Rolling,2.61,80,6.5,1,1104-2112,22,https://www.eastwickcollege.edu/,2.75
Eckerd College,Saint Petersburg,FL,"Saint Petersburg, FL",1160,1330,1240,24,29,26,51900,Private University,1-Feb,3.35,80,6.5,1,8899-16165,37,http://eckerd.edu/,3
Eden Theological Seminary,Webster Groves,MO,"Webster Groves, MO",1110,1240,1170,24,27,26,37900,Private University,1-Feb,3.28,80,6.5,1,1104-2112,22,https://www.eden.edu/,2.75
Educators of Beauty College of Cosmetology-Peru,PERU,IL,"PERU, IL",960,1070,1015,20,23,22,16800,Private University,Rolling,2.66,80,6.5,1,1104-2112,22,https://www.educatorsofbeauty.com/,0
Educators of Beauty College of Cosmetology-Sterling,Sterling,IL,"Sterling, IL",940,1050,995,20,22,21,16800,Private University,Rolling,2.76,80,6.5,1,1104-2112,22,https://www.educatorsofbeauty.com/,0
Edward Waters University,Jacksonville,FL,"Jacksonville, FL",1040,1180,1110,22,26,24,16400,Private University,1-Jan,3.14,80,6.5,1,1104-2112,22,https://www.ew.edu/,2.75
El Camino Community College District,Torrance,CA,"Torrance, CA",835,960,897,17,20,18,7600,Public Community College,Rolling,3.17,61,5.5,1,1104-2112,22,https://www.elcamino.edu/,0
Elgin Community College,Elgin,IL,"Elgin, IL",825,960,892,17,20,18,9500,Public Community College,Rolling,3.17,61,5.5,1,1104-2112,22,https://www.elgin.edu/,0
Elizabethtown Community and Technical College,Elizabethtown,KY,"Elizabethtown, KY",830,970,900,17,20,18,6400,Public Community College,Rolling,3.17,61,5.5,1,1104-2112,22,https://elizabethtown.kctcs.edu/,0
Ellsworth Community College,Iowa Falls,IA,"Iowa Falls, IA",810,920,865,16,19,18,6500,Public Community College,Rolling,3.17,61,5.5,1,1104-2112,22,https://ecc.iavalley.edu/,0
Elmhurst University,Elmhurst,IL,"Elmhurst, IL",990,1260,1120,23,30,26,43000,Private University,1-Feb,3.13,79,6.5,1,1104-2112,22,https://www.elmhurst.edu/,2.75
Embry-Riddle Aeronautical University-Daytona Beach,Daytona Beach,FL,"Daytona Beach, FL",1160,1360,1260,24,30,27,44200,Private University,1-Jan,3.4,84,6.5,1,1104-2112,22,https://daytonabeach.erau.edu/,3
Embry-Riddle Aeronautical University-Prescott,Prescott,AZ,"Prescott, AZ",1140,1370,1260,24,29,26,44100,Private University,1-Jan,3.39,84,6.5,1,1104-2112,22,https://prescott.erau.edu/,3
Emerson College,Boston,MA,"Boston, MA",1270,1420,1340,29,32,30,57100,Private University,1-Feb,3.62,84,6.5,1,5729-10670,27,http://emerson.edu/,3.3
Emily Griffith Technical College,Denver,CO,"Denver, CO",1040,1190,1130,22,26,24,20600,Public University,1-Feb,3.11,79,6.5,1,1104-2112,22,https://www.emilygriffith.edu/,0
Emmanuel College,Boston,MA,"Boston, MA",1170,1340,1260,19,25,22,48600,Private University,15-Jan,3.38,84,6.5,1,7271-17218,32,http://emmanuel.edu/,3
Emmanuel University,Franklin Springs,GA,"Franklin Springs, GA",1040,1200,1120,22,26,24,25500,Private University,15-Jan,3.09,80,6.5,1,1104-2112,22,https://www.ec.edu/,2.75
Emmaus Bible College,Dubuque,IA,"Dubuque, IA",1120,1320,1220,21,30,26,20800,Private University,15-Jan,3.37,80,6.5,1,1104-2112,22,https://www.emmaus.edu/,3
Emperor's College of Traditional Oriental Medicine,Santa Monica,CA,"Santa Monica, CA",950,1085,1017,20,23,22,17500,Private University,Rolling,2.72,80,6.5,1,1104-2112,22,https://www.emperors.edu/,2.75
Empire Beauty School-Bloomington,Bloomington,MN,"Bloomington, MN",960,1085,1022,20,23,22,17700,Private University,Rolling,2.44,80,6.5,1,1104-2112,22,https://www.empire.edu/,0
Empire Beauty School-Chandler,Chandler,AZ,"Chandler, AZ",930,1065,997,19,23,21,17700,Private University,Rolling,2.62,80,6.5,1,1104-2112,22,https://www.empire.edu/,0
Empire Beauty School-Chenoweth,Louisville,KY,"Louisville, KY",950,1060,1005,20,23,22,17700,Private University,Rolling,2.46,80,6.5,1,1104-2112,22,https://www.empire.edu/,0
Empire Beauty School-Cherry Hill,Cherry Hill,NJ,"Cherry Hill, NJ",955,1090,1022,20,23,22,17700,Private University,Rolling,2.47,80,6.5,1,1104-2112,22,https://www.empire.edu/,0
Empire Beauty School-Dixie,Louisville,KY,"Louisville, KY",950,1070,1010,20,23,22,17700,Private University,Rolling,2.72,80,6.5,1,1104-2112,22,https://www.empire.edu/,0
Empire Beauty School-Elizabethtown,Elizabethtown,KY,"Elizabethtown, KY",955,1080,1017,20,23,22,17700,Private University,Rolling,2.66,80,6.5,1,1104-2112,22,https://www.empire.edu/,0
Empire Beauty School-Florence,Florence,KY,"Florence, KY",965,1110,1037,20,24,22,17700,Private University,Rolling,2.68,80,6.5,1,1104-2112,22,https://www.empire.edu/,0
Empire Beauty School-Laconia,Laconia,NH,"Laconia, NH",940,1075,1007,20,23,22,17700,Private University,Rolling,2.52,80,6.5,1,1104-2112,22,https://www.empirebeautyschools.com/,0
Empire Beauty School-Maine,Bangor,ME,"Bangor, ME",930,1035,982,19,22,20,17700,Private University,Rolling,2.68,80,6.5,1,1104-2112,22,https://www.empire.edu/,0
Empire Beauty School-Michigan,Grand Rapids,MI,"Grand Rapids, MI",955,1065,1010,20,23,22,17700,Private University,Rolling,2.46,80,6.5,1,1104-2112,22,https://www.empire.edu/,0
Empire Beauty School-Queens,Astoria,NY,"Astoria, NY",945,1075,1010,20,23,22,17700,Private University,Rolling,2.47,80,6.5,1,1104-2112,22,https://www.empire.edu/,0
Empire Beauty School-Somersworth,Somersworth,NH,"Somersworth, NH",940,1075,1007,20,23,22,17700,Private University,Rolling,2.54,80,6.5,1,1104-2112,22,https://www.empirebeautyschools.com/,0
Empire Beauty School-Thornton,Thornton,CO,"Thornton, CO",950,1075,1012,20,23,22,17700,Private University,Rolling,2.41,80,6.5,1,1104-2112,22,https://www.empire.edu/,0
Empire Beauty School-Tucson,Tucson,AZ,"Tucson, AZ",975,1090,1032,20,23,22,17700,Private University,Rolling,2.64,80,6.5,1,1104-2112,22,https://www.empire.edu/,0
Empire Beauty School-Union,Union,NJ,"Union, NJ",955,1075,1015,20,23,22,17700,Private University,Rolling,2.73,80,6.5,1,1104-2112,22,https://www.empire.edu/,0
Emporia State University,Emporia,KS,"Emporia, KS",1050,1190,1120,18,24,21,15400,Public University,1-Mar,3.14,79,6.5,1,2912-7271,18,http://emporia.edu/,2.75
Endicott College,Beverly,MA,"Beverly, MA",1190,1340,1270,25,30,28,40600,Private University,1-Jan,3.42,84,6.5,1,8662-15299,31,http://endicott.edu/,3
Enterprise State Community College,Enterprise,AL,"Enterprise, AL",850,970,910,17,20,18,9000,Public Community College,Rolling,3.17,61,5.5,1,1577-2657,12,http://escc.edu/,0
Epic Bible College & Graduate School,Sacramento,CA,"Sacramento, CA",1080,1220,1160,23,27,25,15100,Private University,1-Jan,3.2,80,6.5,1,1104-2112,22,https://epic.edu/,2.75
Essex County College,Newark,NJ,"Newark, NJ",845,965,905,17,20,18,9500,Public Community College,Rolling,3.17,61,5.5,1,1104-2112,22,https://www.essex.edu/,0
Eureka College,Eureka,IL,"Eureka, IL",1000,1150,1080,21,25,23,29100,Private University,1-Jan,3.02,80,6.5,1,1104-2112,22,https://www.eureka.edu/,2.75
Evangel University,Springfield,MO,"Springfield, MO",1040,1260,1150,21,27,24,28500,Private University,15-Jan,3.15,80,6.5,1,2124-6993,23,http://evangel.edu/,3
Evergreen Valley College,San Jose,CA,"San Jose, CA",835,975,905,17,20,18,8700,Public Community College,Rolling,3.17,61,5.5,1,1104-2112,22,https://www.evc.edu/,0
FIDM-Fashion Institute of Design & Merchandising,Los Angeles,CA,"Los Angeles, CA",960,1065,1012,20,23,22,35000,Private University,Rolling,2.66,80,6.5,1,1104-2112,22,https://www.fidm.edu/,2.75
Fairfield University,Fairfield,CT,"Fairfield, CT",1260,1390,1320,29,32,30,58400,Private University,15-Jan,3.5,84,6.5,1,2916-7314,18,http://fairfield.edu/,3.3
Fairleigh Dickinson University-Florham Campus,Madison,NJ,"Madison, NJ",1030,1150,1090,22,25,24,38000,Private University,1-Jan,3.12,80,6.5,1,1104-2112,22,https://www.fdu.edu/,2.75
Fairleigh Dickinson University-Metropolitan Campus,Teaneck,NJ,"Teaneck, NJ",1020,1180,1100,22,26,24,38000,Private University,1-Jan,3.14,80,6.5,1,1104-2112,22,https://www.fdu.edu/,2.75
Faith Baptist Bible College and Theological Seminary,Ankeny,IA,"Ankeny, IA",990,1190,1090,19,26,22,20300,Private University,1-Jan,3.08,79,6.5,1,1104-2112,22,https://faith.edu/,2.75
Faulkner University,Montgomery,AL,"Montgomery, AL",950,1090,1020,18,21,20,23900,Private University,15-Jan,2.9,71,6,1,1104-2112,22,https://www.faulkner.edu/,2.75
Feather River Community College District,Quincy,CA,"Quincy, CA",1060,1230,1140,23,27,25,10400,Public University,1-Feb,3.17,79,6.5,1,1104-2112,22,https://www.frc.edu/,2.75
Federico Beauty Institute,Sacramento,CA,"Sacramento, CA",955,1080,1017,20,23,22,17000,Private University,Rolling,2.66,80,6.5,1,1104-2112,22,https://federico.edu/,0
Felician University,Lodi,NJ,"Lodi, NJ",1090,1260,1180,23,28,26,39300,Private University,1-Feb,3.32,80,6.5,1,1104-2112,22,https://www.felician.edu/,2.75
Ferris State University,Big Rapids,MI,"Big Rapids, MI",890,1120,1000,20,24,22,14800,Public University,Rolling,2.96,71,6,1,3592-9452,25,http://ferris.edu/,2.75
Fielding Graduate University,Santa Barbara,CA,"Santa Barbara, CA",1100,1230,1170,24,27,26,36100,Private University,1-Jan,3.24,80,6.5,1,5746-8567,21,http://fielding.edu/,2.75
First Coast Technical College,Saint Augustine,FL,"Saint Augustine, FL",1040,1210,1130,22,26,24,20900,Public University,15-Jan,3.12,79,6.5,1,1104-2112,22,https://fctc.edu/,0
First Institute of Travel Inc.,Crystal Lake,IL,"Crystal Lake, IL",950,1060,1005,20,23,22,17000,Private University,Rolling,2.56,80,6.5,1,1104-2112,22,https://www.firstinstitute.edu/,0
Fisher College,Boston,MA,"Boston, MA",1080,1230,1140,23,27,25,35700,Private University,1-Jan,3.15,80,6.5,1,1104-2112,22,https://www.fisher.edu/,2.75
Fitchburg State University,Fitchburg,MA,"Fitchburg, MA",1060,1230,1140,16,22,19,17400,Public University,15-Jan,3.14,79,6.5,1,3971-9428,25,http://fitchburgstate.edu/,2.75
Five Branches University,Santa Cruz,CA,"Santa Cruz, CA",950,1085,1017,20,23,22,18300,Private University,Rolling,2.61,80,6.5,1,1104-2112,22,https://www.fivebranches.edu/,2.75
Flagler College,Saint Augustine,FL,"Saint Augustine, FL",960,1190,1080,19,25,22,29900,Private University,1-Jan,3.07,79,6.5,1,5361-13363,29,http://flagler.edu/,2.75
Flathead Valley Community College,Kalispell,MT,"Kalispell, MT",840,950,895,17,20,18,11700,Public Community College,1-Aug,3.17,61,5.5,1,1542-3047,12,http://fvcc.edu/,0
Fletcher Technical Community College,Schriever,LA,"Schriever, LA",840,960,900,17,20,18,4200,Public Community College,Rolling,3.17,61,5.5,1,1104-2112,22,https://www.fletcher.edu/,0
Flint Hills Technical College,Emporia,KS,"Emporia, KS",835,955,895,17,20,18,6400,Public Community College,Rolling,3.17,61,5.5,1,5094-10331,24,http://fhtc.edu/,0
Florida Agricultural and Mechanical University,Tallahassee,FL,"Tallahassee, FL",1030,1180,1100,20,24,22,17700,Public University,15-Jan,3.14,79,6.5,1,1104-2112,22,https://www.famu.edu/,2.75
Florida Atlantic University,Boca Raton,FL,"Boca Raton, FL",1040,1200,1120,21,26,24,17300,Public University,Rolling,3.17,79,6.5,1,2895-8982,16,http://fau.edu/,2.75
Florida College,Temple Terrace,FL,"Temple Terrace, FL",930,1220,1080,19,25,22,20400,Private University,1-Jan,3.06,79,6.5,1,1104-2112,22,https://www.floridacollege.edu/,2.75
Florida Gateway College,Lake City,FL,"Lake City, FL",1080,1210,1150,23,26,24,11700,Public University,1-Feb,3.24,79,6.5,1,1104-2112,22,https://www.fgc.edu/,2.75
Florida Institute of Technology,Melbourne,FL,"Melbourne, FL",1120,1320,1220,23,28,26,45900,Private University,15-Jan,3.35,80,6.5,1,4027-7201,15,http://fit.edu/,3
Florida International University,Miami,FL,"Miami, FL",1070,1260,1160,21,27,24,19000,Public University,15-Jan,3.23,80,6.5,1,3891-6825,17,http://fiu.edu/,3
Florida Memorial University,Miami Gardens,FL,"Miami Gardens, FL",1040,1180,1120,22,26,24,20200,Private University,1-Jan,3.17,80,6.5,1,1104-2112,22,https://www.fmuniv.edu/,2.75
Florida Panhandle Technical College,Chipley,FL,"Chipley, FL",1060,1230,1140,23,27,25,21200,Public University,30-Nov,3.15,79,6.5,1,1104-2112,22,https://fptc.edu/,0
Florida School of Massage,Gainesville,FL,"Gainesville, FL",950,1095,1022,20,23,22,17300,Private University,Rolling,2.53,80,6.5,1,1104-2112,22,https://floridaschoolofmassage.com/,0
Florida SouthWestern State College,Fort Myers,FL,"Fort Myers, FL",1080,1220,1150,23,27,25,13000,Public University,1-Mar,3.23,79,6.5,1,1104-2112,22,https://www.fsw.edu/,2.75
Florida Southern College,Lakeland,FL,"Lakeland, FL",1150,1330,1240,25,30,28,44000,Private University,1-Jan,3.43,80,6.5,1,6172-12818,28,http://flsouthern.edu/,3
Florida State College at Jacksonville,Jacksonville,FL,"Jacksonville, FL",1090,1240,1150,23,27,25,10000,Public University,15-Jan,3.24,79,6.5,1,2122-6976,16,http://fscj.edu/,2.75
Fontbonne University,Saint Louis,MO,"Saint Louis, MO",1070,1240,1160,23,27,25,34200,Private University,1-Jan,3.18,80,6.5,1,3297-5368,16,http://fontbonne.edu/,2.75
Foothill College,Los Altos Hills,CA,"Los Altos Hills, CA",1070,1220,1140,23,27,25,12600,Public University,1-Feb,3.16,79,6.5,1,7753-17308,30,http://foothill.edu/,2.75
Fort Hays State University,Hays,KS,"Hays, KS",970,1140,1060,18,24,21,17700,Public University,1-Feb,3.03,79,6.5,1,3544-9620,20,http://fhsu.edu/,2.75
Fort Hays State University-Northwest Kansas Technical College,Goodland,KS,"Goodland, KS",840,960,900,17,20,18,10200,Public Community College,Rolling,3.17,61,5.5,1,1104-2112,22,https://www.fhnw.edu/,0
Fort Hays Tech North Central,Beloit,KS,"Beloit, KS",840,955,897,17,20,18,7400,Public Community College,Rolling,3.17,61,5.5,1,1104-2112,22,https://www.fhtechnc.edu/,0
Fort Lewis College,Durango,CO,"Durango, CO",1010,1210,1110,18,26,22,21500,Public University,1-Feb,3.11,79,6.5,1,6493-12641,29,http://fortlewis.edu/,2.75
Fort Myers Technical College,Fort Myers,FL,"Fort Myers, FL",835,960,897,17,20,18,10000,Public Community College,1-Aug,3.17,61,5.5,1,1104-2112,22,https://www.fortmyerstech.edu/,0
Fort Peck Community College,Poplar,MT,"Poplar, MT",825,960,892,17,20,18,2200,Public Community College,Rolling,3.17,61,5.5,1,1379-2207,10,http://fpcc.edu/,0
Fort Pierce Beauty Academy,Fort Pierce,FL,"Fort Pierce, FL",950,1080,1015,20,23,22,17800,Private University,Rolling,2.57,80,6.5,1,1104-2112,22,https://fpbeauty.com/,0
Fort Scott Community College,Fort Scott,KS,"Fort Scott, KS",850,990,920,17,21,19,3800,Public Community College,Rolling,3.17,61,5.5,1,1784-3416,16,http://fortscott.edu/,0
Fort Valley State University,Fort Valley,GA,"Fort Valley, GA",930,1070,1000,19,24,22,16900,Public University,1-Feb,2.86,71,6,1,1104-2112,22,https://www.fvsu.edu/,2.75
Fortis Institute-Towson,Towson,MD,"Towson, MD",945,1075,1010,20,23,22,16700,Private University,Rolling,2.65,80,6.5,1,1104-2112,22,https://www.fortis.edu/,0
Fortis Institute-Wayne,Wayne,NJ,"Wayne, NJ",965,1095,1030,20,23,22,19200,Private University,Rolling,2.51,80,6.5,1,1104-2112,22,https://www.fortis.edu/,0
Fosters Cosmetology College,Ripley,MS,"Ripley, MS",940,1040,990,20,22,21,18400,Private University,Rolling,2.4,80,6.5,1,1104-2112,22,https://www.fosters.edu/,0
Four Rivers Career Center,Washington,MO,"Washington, MO",1060,1200,1140,23,26,24,18300,Public University,1-Feb,3.17,79,6.5,1,1104-2112,22,https://frcc.washington.k12.mo.us/,0
Fox College,Tinley Park,IL,"Tinley Park, IL",830,975,902,17,20,18,17700,Public Community College,Rolling,3.17,61,5.5,1,1104-2112,22,https://www.foxcollege.edu/,0
Framingham State University,Framingham,MA,"Framingham, MA",1100,1280,1190,17,23,20,18000,Public University,30-Nov,3.29,80,6.5,1,2374-5454,18,http://framingham.edu/,3
Franciscan Missionaries of Our Lady University,Baton Rouge,LA,"Baton Rouge, LA",970,1110,1050,20,24,22,18300,Private University,1-Jan,2.98,80,6.5,1,1104-2112,22,https://www.franu.edu/,2.75
Franciscan School of Theology,San Diego,CA,"San Diego, CA",1100,1250,1170,24,27,26,37900,Private University,1-Feb,3.28,80,6.5,1,1104-2112,22,https://www.fst.edu/,2.75
Franklin College,Franklin,IN,"Franklin, IN",1060,1240,1150,20,26,23,38700,Private University,15-Jan,3.17,80,6.5,1,1104-2112,22,https://www.franklincollege.edu/,3
Franklin Pierce University,Rindge,NH,"Rindge, NH",1060,1280,1170,17,23,20,46400,Private University,15-Jan,3.29,80,6.5,1,1104-2112,22,https://www.franklinpierce.edu/,3
Frederick Community College,Frederick,MD,"Frederick, MD",850,970,910,17,20,18,10000,Public Community College,Rolling,3.17,61,5.5,1,1618-2579,11,http://frederick.edu/,0
Fredrick and Charles Beauty College,Eureka,CA,"Eureka, CA",950,1060,1005,20,23,22,19500,Private University,Rolling,2.71,80,6.5,1,1104-2112,22,https://www.fandcbeauty.com/,0
Fresno City College,Fresno,CA,"Fresno, CA",1050,1210,1130,22,26,24,10200,Public University,1-Feb,3.11,79,6.5,1,6971-13646,39,http://fresnocitycollege.edu/,2.75
Fresno Pacific University,Fresno,CA,"Fresno, CA",1130,1280,1210,24,28,26,36700,Private University,1-Jan,3.38,80,6.5,1,5150-7593,19,http://fresno.edu/,2.75
Friends University,Wichita,KS,"Wichita, KS",960,1090,1020,15,28,22,34200,Private University,1-Jan,2.91,71,6,1,1104-2112,22,https://www.friends.edu/,2.75
Front Range Community College,Westminster,CO,"Westminster, CO",1060,1220,1150,23,27,25,17300,Public University,30-Nov,3.24,79,6.5,1,1684-3448,14,http://frontrange.edu/,2.75
Frontier Nursing University,Versailles,KY,"Versailles, KY",1090,1240,1160,23,27,25,33900,Private University,1-Jan,3.18,80,6.5,1,4636-9611,17,http://frontier.edu/,2.75
Frostburg State University,Frostburg,MD,"Frostburg, MD",990,1140,1070,21,25,23,25800,Public University,1-Mar,3.01,79,6.5,1,2422-8109,25,http://frostburg.edu/,2.75
Full Sail University,Winter Park,FL,"Winter Park, FL",930,1035,982,19,22,20,26900,Private University,Rolling,2.48,80,6.5,1,1104-2112,22,https://www.fullsail.edu/,2.75
Fuller Theological Seminary,Pasadena,CA,"Pasadena, CA",1100,1240,1170,24,27,26,36100,Private University,1-Feb,3.24,80,6.5,1,5461-7479,16,http://fuller.edu/,2.75
Fullerton College,Fullerton,CA,"Fullerton, CA",860,965,912,18,20,19,12400,Public Community College,Rolling,3.17,61,5.5,1,1104-2112,22,https://www.fullcoll.edu/,0
G Skin & Beauty Institute,Schaumburg,IL,"Schaumburg, IL",935,1080,1007,19,23,21,19300,Private University,Rolling,2.68,80,6.5,1,1104-2112,22,https://gskinbeautyinstitute.edu/,0
Gadsden State Community College,Gadsden,AL,"Gadsden, AL",845,950,897,17,20,18,7400,Public Community College,Rolling,3.17,61,5.5,1,1104-2112,22,https://www.gadsdenstate.edu/,0
Galen College of Nursing-Louisville,Louisville,KY,"Louisville, KY",955,1075,1015,20,23,22,16500,Private University,Rolling,2.75,80,6.5,1,1104-2112,22,https://www.galencollege.edu/louisville,2.75
Gallaudet University,Washington,DC,"Washington, DC",780,1020,900,14,17,16,19700,Private University,15-Jan,2.66,81,6.5,1,7251-13385,32,http://gallaudet.edu/,2.75
Garden City Community College,Garden City,KS,"Garden City, KS",845,985,915,17,21,19,4300,Public Community College,Rolling,3.17,61,5.5,1,1429-3155,11,http://gcccks.edu/,0
Garrett College,McHenry,MD,"McHenry, MD",855,975,915,17,20,18,12000,Public Community College,Rolling,3.17,61,5.5,1,6361-17970,25,http://garrettcollege.edu/,0
Garrett-Evangelical Theological Seminary,Evanston,IL,"Evanston, IL",1100,1230,1170,24,27,26,37800,Private University,1-Jan,3.28,80,6.5,1,1104-2112,22,https://www.garrett.edu/,2.75
GateWay Community College,Phoenix,AZ,"Phoenix, AZ",1070,1230,1150,23,27,25,9000,Public University,Rolling,3.26,79,6.5,1,1104-2112,22,https://www.gatewaycc.edu/,2.75
Gateway Community and Technical College,Florence,KY,"Florence, KY",850,970,910,17,20,18,6400,Public Community College,Rolling,3.17,61,5.5,1,1104-2112,22,https://gateway.kctcs.edu/index.aspx,0
Gavilan College,Gilroy,CA,"Gilroy, CA",845,980,912,17,21,19,12200,Public Community College,1-Aug,3.17,61,5.5,1,5126-12000,40,http://gavilan.edu/,0
Gem City College,Quincy,IL,"Quincy, IL",935,1060,997,19,23,21,19300,Private University,Rolling,2.57,80,6.5,1,1104-2112,22,https://www.gemcitycollege.com/,0
Gemological Institute of America-Carlsbad,Carlsbad,CA,"Carlsbad, CA",1100,1240,1170,24,27,26,37400,Private University,1-Jan,3.27,80,6.5,1,1104-2112,22,https://www.gia.edu/gem-education,0
Generations College,Chicago,IL,"Chicago, IL",830,940,885,17,20,18,12700,Public Community College,Rolling,3.17,61,5.5,1,1104-2112,22,https://www.generations.edu/,0
George C Wallace Community College-Dothan,Dothan,AL,"Dothan, AL",850,980,915,17,21,19,8800,Public Community College,Rolling,3.17,61,5.5,1,1104-2112,22,https://www.wallace.edu/,0
George C Wallace State Community College-Hanceville,Hanceville,AL,"Hanceville, AL",820,940,880,17,20,18,9100,Public Community College,Rolling,3.17,61,5.5,1,1104-2112,22,https://www.wallacestate.edu/,0
George C Wallace State Community College-Selma,Selma,AL,"Selma, AL",860,980,920,18,21,20,8600,Public Community College,Rolling,3.17,61,5.5,1,1104-2112,22,https://www.wccs.edu/,0
George Stone Technical College,Pensacola,FL,"Pensacola, FL",820,955,887,17,20,18,9500,Public Community College,1-Aug,3.17,61,5.5,1,1104-2112,22,https://www.georgestonecollege.edu/,0
George T Baker Aviation Technical College,Miami,FL,"Miami, FL",1080,1240,1150,23,27,25,23100,Public University,Rolling,3.24,79,6.5,1,1104-2112,22,https://www.bakeraviationtechcollege.com/,0
George Washington University,Washington,DC,"Washington, DC",1350,1500,1420,31,34,32,67700,Private University,1-Jan,3.71,90,7,1,1104-2112,22,https://www.gwu.edu/,3.3
Georgetown College,Georgetown,KY,"Georgetown, KY",960,1160,1060,20,25,22,42800,Private University,15-Jan,3.08,79,6.5,1,7084-15122,35,http://georgetowncollege.edu/,2.75
Georgia Career Institute,Conyers,GA,"Conyers, GA",935,1050,992,19,22,20,19400,Private University,Rolling,2.73,80,6.5,1,1104-2112,22,https://gci.edu/,0
Georgia College & State University,Milledgeville,GA,"Milledgeville, GA",1070,1230,1150,22,26,24,29500,Public University,Rolling,3.17,80,6.5,1,1104-2112,22,https://www.gcsu.edu/,3
Georgia Highlands College,Rome,GA,"Rome, GA",1060,1230,1140,23,27,25,10100,Public University,Rolling,3.15,79,6.5,1,1104-2112,22,https://www.highlands.edu/,2.75
Georgia Institute of Technology-Main Campus,Atlanta,GA,"Atlanta, GA",1370,1540,1460,30,34,32,34500,Public University,1-Feb,3.82,100,7,1,1104-2112,22,https://www.gatech.edu/,3.5
Georgia Northwestern Technical College,Rome,GA,"Rome, GA",845,955,900,17,20,18,5900,Public Community College,Rolling,3.17,61,5.5,1,1104-2112,22,https://www.gntc.edu/,0
Georgia Southern University,Statesboro,GA,"Statesboro, GA",990,1130,1060,18,23,20,17700,Public University,30-Nov,2.98,79,6.5,1,4518-7372,20,http://georgiasouthern.edu/,2.75
Georgia Southwestern State University,Americus,GA,"Americus, GA",890,1110,1000,16,22,19,16600,Public University,15-Jan,2.86,71,6,1,1104-2112,22,https://gsw.edu/,2.75
Georgia State University,Atlanta,GA,"Atlanta, GA",940,1180,1060,19,26,22,24800,Public University,1-Mar,3.01,79,6.5,1,2715-5276,22,http://gsu.edu/,2.75
Georgian Court University,Lakewood,NJ,"Lakewood, NJ",1050,1170,1110,22,25,24,37300,Private University,1-Jan,3.1,80,6.5,1,4819-9650,15,http://georgian.edu/,2.75
Glen Oaks Community College,Centreville,MI,"Centreville, MI",810,955,882,16,20,18,6600,Public Community College,Rolling,3.17,61,5.5,1,1104-2112,22,https://www.glenoaks.edu/,0
Glendale Career College,Glendale,CA,"Glendale, CA",970,1100,1035,20,24,22,17600,Private University,Rolling,2.51,80,6.5,1,1104-2112,22,https://www.success.edu/,2.75
"Glendale Community College (Glendale, AZ)",Glendale,AZ,"Glendale, AZ",1070,1220,1140,23,27,25,9000,Public University,1-Feb,3.2,79,6.5,1,1104-2112,22,https://www.gccaz.edu/,2.75
"Glendale Community College (Glendale, CA)",Glendale,CA,"Glendale, CA",825,960,892,17,20,18,10900,Public Community College,Rolling,3.17,61,5.5,1,1104-2112,22,https://www.glendale.edu/,0
Gogebic Community College,Ironwood,MI,"Ironwood, MI",845,1000,922,17,21,19,7500,Public Community College,Rolling,3.17,61,5.5,1,1104-2112,22,https://gogebic.edu/,0
Golden Gate University,San Francisco,CA,"San Francisco, CA",1090,1230,1170,23,27,25,37000,Private University,1-Jan,3.26,80,6.5,1,1104-2112,22,https://www.ggu.edu/,2.75
Golden West College,Huntington Beach,CA,"Huntington Beach, CA",830,935,882,17,19,18,11600,Public Community College,1-Aug,3.17,61,5.5,1,8547-15206,27,http://goldenwestcollege.edu/,0
Goldey-Beacom College,Wilmington,DE,"Wilmington, DE",1060,1200,1120,23,26,24,14900,Private University,15-Jan,3.18,80,6.5,1,6732-18326,28,http://gbc.edu/,2.75
Goodwin University,East Hartford,CT,"East Hartford, CT",1090,1240,1160,23,27,25,21200,Private University,15-Jan,3.18,80,6.5,1,1104-2112,22,https://www.goodwin.edu/,2.75
Gordon College,Wenham,MA,"Wenham, MA",1130,1360,1240,25,31,28,30700,Private University,1-Jan,3.35,80,6.5,1,6113-10485,31,http://gordon.edu/,3
Gordon State College,Barnesville,GA,"Barnesville, GA",890,1130,1010,15,24,20,10900,Public University,1-Feb,2.86,71,6,1,1104-2112,22,https://www.gordonstate.edu/,2.75
Gordon-Conwell Theological Seminary,South Hamilton,MA,"South Hamilton, MA",1090,1220,1160,23,27,25,34900,Private University,15-Jan,3.2,80,6.5,1,1104-2112,22,https://www.gordonconwell.edu/,2.75
Goshen College,Goshen,IN,"Goshen, IN",880,1110,1000,12,18,15,38900,Private University,15-Jan,2.86,71,6,1,8670-15600,30,http://goshen.edu/,2.75
Goucher College,Baltimore,MD,"Baltimore, MD",1090,1320,1210,27,30,28,53400,Private University,15-Jan,3.34,80,6.5,1,7782-19418,31,http://goucher.edu/,3
Governors State University,University Park,IL,"University Park, IL",1130,1290,1220,24,28,26,12000,Public University,1-Feb,3.32,79,6.5,1,1104-2112,22,https://www.govst.edu/,3
Grace Christian University,Wyoming,MI,"Wyoming, MI",960,1110,1050,20,24,22,18700,Private University,1-Jan,2.99,80,6.5,1,1104-2112,22,https://www.gracechristian.edu/,2.75
Grace College and Theological Seminary,Winona Lake,IN,"Winona Lake, IN",1000,1200,1100,21,27,24,31200,Private University,15-Jan,3.08,79,6.5,1,1104-2112,22,https://www.grace.edu/,2.75
Graceland University-Lamoni,Lamoni,IA,"Lamoni, IA",1060,1220,1150,23,27,25,21000,Private University,15-Jan,3.26,80,6.5,1,1104-2112,22,https://www.graceland.edu/,2.75
Graduate Theological Union,Berkeley,CA,"Berkeley, CA",1090,1230,1160,23,27,25,33600,Private University,15-Jan,3.17,80,6.5,1,1104-2112,22,https://www.gtu.edu/,2.75
Grady Health System Professional Schools,Atlanta,GA,"Atlanta, GA",845,995,920,17,21,19,9800,Public Community College,Rolling,3.17,61,5.5,1,1104-2112,22,https://www.gradyhealth.org/,0
Graham Hospital School of Nursing,Canton,IL,"Canton, IL",830,950,890,17,20,18,8400,Public Community College,Rolling,3.17,61,5.5,1,1104-2112,22,https://grahamschoolofnursing.org/,0
Grambling State University,Grambling,LA,"Grambling, LA",920,1080,1000,15,19,17,16700,Public University,15-Jan,2.84,71,6,1,1104-2112,22,https://www.gram.edu/,2.75
Grand Canyon University,Phoenix,AZ,"Phoenix, AZ",955,1100,1027,20,24,22,17800,Private University,Rolling,2.73,79,6.5,1,4468-7729,19,http://gcu.edu/,2.75
Grand Rapids Community College,Grand Rapids,MI,"Grand Rapids, MI",815,945,880,16,20,18,12200,Public Community College,Rolling,3.17,61,5.5,1,807-1456,12,http://grcc.edu/,0
Grand River Technical School,Chillicothe,MO,"Chillicothe, MO",1000,1140,1070,21,25,23,20700,Public University,15-Jan,2.99,79,6.5,1,1104-2112,22,https://www.grts.org/,0
Grand Valley State University,Allendale,MI,"Allendale, MI",940,1190,1060,22,30,26,21500,Public University,Rolling,3.05,79,6.5,1,2170-8672,17,http://gvsu.edu/,2.75
Grand View University,Des Moines,IA,"Des Moines, IA",950,1120,1040,20,24,22,34800,Private University,15-Jan,2.95,80,6.5,1,1104-2112,22,https://www.grandview.edu/,2.75
Great Basin College,Elko,NV,"Elko, NV",1070,1220,1150,23,27,25,13900,Public University,1-Mar,3.25,79,6.5,1,5054-11044,27,http://gbcnv.edu/,2.75
Great Bay Community College,Portsmouth,NH,"Portsmouth, NH",835,985,910,17,21,19,15400,Public Community College,Rolling,3.17,61,5.5,1,1104-2112,22,https://www.greatbay.edu/,0
Great Falls College Montana State University,Great Falls,MT,"Great Falls, MT",855,990,922,17,21,19,12900,Public Community College,1-Aug,3.17,61,5.5,1,1104-2112,22,https://www.gfcmsu.edu/,0
Great Lakes Christian College,Lansing,MI,"Lansing, MI",1090,1260,1170,23,28,26,19500,Private University,15-Jan,3.23,80,6.5,1,1104-2112,22,https://www.glcc.edu/,2.75
Greenfield Community College,Greenfield,MA,"Greenfield, MA",830,965,897,17,20,18,11900,Public Community College,Rolling,3.17,61,5.5,1,1104-2112,22,https://www.gcc.mass.edu/,0
Greenville University,Greenville,IL,"Greenville, IL",830,990,910,17,21,19,32200,Private University,15-Jan,2.94,71,6,1,1104-2112,22,https://www.greenville.edu/,2.75
Grinnell College,Grinnell,IA,"Grinnell, IA",1410,1540,1480,31,34,32,68100,Private University,1-Jan,3.82,100,7,1,5150-10404,31,http://grinnell.edu/,3.5
Grossmont College,El Cajon,CA,"El Cajon, CA",845,955,900,17,20,18,10600,Public Community College,1-Aug,3.17,61,5.5,1,5444-13652,39,http://grossmont.edu/,0
Gulf Coast State College,Panama City,FL,"Panama City, FL",1070,1230,1150,23,27,25,8600,Public University,1-Feb,3.25,79,6.5,1,2697-9671,20,http://gulfcoast.edu/,2.75
Gupton Jones College of Funeral Service,Decatur,GA,"Decatur, GA",845,990,917,17,21,19,21000,Public Community College,Rolling,3.17,61,5.5,1,1104-2112,22,https://www.gupton-jones.edu/,0
Gustavus Adolphus College,Saint Peter,MN,"Saint Peter, MN",1220,1360,1290,24,30,27,56100,Private University,1-Feb,3.52,84,6.5,1,6154-11877,26,http://gustavus.edu/,3
Gwinnett College-Lilburn,Lilburn,GA,"Lilburn, GA",835,955,895,17,20,18,11300,Public Community College,1-Aug,3.17,61,5.5,1,1104-2112,22,https://www.gwinnettcollege.edu/,0
Gwinnett Technical College,Lawrenceville,GA,"Lawrenceville, GA",855,1000,927,17,21,19,6100,Public Community College,1-Aug,3.17,61,5.5,1,1104-2112,22,https://www.gwinnetttech.edu/,0
H Councill Trenholm State Community College,Montgomery,AL,"Montgomery, AL",835,955,895,17,20,18,9100,Public Community College,Rolling,3.17,61,5.5,1,1104-2112,22,https://www.trenholmstate.edu/,0
Hagerstown Community College,Hagerstown,MD,"Hagerstown, MD",860,985,922,18,21,20,8200,Public Community College,1-Aug,3.17,61,5.5,1,1104-2112,22,https://www.hagerstowncc.edu/,0
Hair Academy,New Carrollton,MD,"New Carrollton, MD",955,1065,1010,20,23,22,18400,Private University,Rolling,2.52,80,6.5,1,1104-2112,22,https://www.hairacademymd.com/,0
Hair Professionals Career College,Sycamore,IL,"Sycamore, IL",970,1115,1042,20,24,22,19200,Private University,Rolling,2.4,80,6.5,1,1104-2112,22,https://hairpros.edu/,0
Hair Professionals School of Cosmetology,Oswego,IL,"Oswego, IL",960,1075,1017,20,23,22,17200,Private University,Rolling,2.52,80,6.5,1,1104-2112,22,https://hairpros.edu/,0
Hamline University,Saint Paul,MN,"Saint Paul, MN",1130,1390,1260,19,28,24,50000,Private University,1-Jan,3.37,84,6.5,1,2488-5155,16,http://hamline.edu/,3
Hampshire College,Amherst,MA,"Amherst, MA",1150,1290,1210,25,28,26,58900,Private University,1-Jan,3.38,80,6.5,1,5772-17079,32,http://hampshire.edu/,2.75
Hannibal-LaGrange University,Hannibal,MO,"Hannibal, MO",1020,1160,1090,15,24,20,26900,Private University,1-Jan,3.02,79,6.5,1,1104-2112,22,https://www.hlg.edu/,2.75
Hanover College,Hanover,IN,"Hanover, IN",1110,1280,1200,23,29,26,44600,Private University,1-Jan,3.32,80,6.5,1,8705-13587,35,http://hanover.edu/,3
Harding University,Searcy,AR,"Searcy, AR",1050,1290,1170,20,29,24,26300,Private University,1-Jan,3.19,80,6.5,1,5447-11379,18,http://harding.edu/,3
Harford Community College,Bel Air,MD,"Bel Air, MD",845,970,907,17,20,18,8800,Public Community College,Rolling,3.17,61,5.5,1,1197-2119,10,http://harford.edu/,0
Harris-Stowe State University,Saint Louis,MO,"Saint Louis, MO",1060,1230,1150,23,27,25,11600,Public University,15-Jan,3.25,79,6.5,1,2834-8848,20,http://hssu.edu/,2.75
Hartford International University for Religion and Peace,Hartford,CT,"Hartford, CT",1100,1260,1170,24,28,26,37500,Private University,15-Jan,3.27,80,6.5,1,1104-2112,22,https://www.hartfordinternational.edu/,2.75
Hartnell College,Salinas,CA,"Salinas, CA",845,955,900,17,20,18,10400,Public Community College,1-Aug,3.17,61,5.5,1,7495-16023,37,http://hartnell.edu/,0
Harvey Mudd College,Claremont,CA,"Claremont, CA",1500,1570,1540,34,36,35,68600,Private University,15-Jan,4.02,100,7,1,8038-18650,36,http://hmc.edu/,3.5
Haskell Indian Nations University,Lawrence,KS,"Lawrence, KS",1020,1160,1100,22,25,24,600,Public University,1-Feb,3.14,79,6.5,1,1104-2112,22,https://www.haskell.edu/,2.75
Hastings College,Hastings,NE,"Hastings, NE",1250,1390,1320,26,30,28,37800,Private University,1-Jan,3.52,84,6.5,1,1104-2112,22,https://www.hastings.edu/,3.3
Hatfield's Mississippi College of Beauty Culture,Laurel,MS,"Laurel, MS",975,1080,1027,20,23,22,16900,Private University,Rolling,2.77,80,6.5,1,1104-2112,22,https://hatfieldsinc.com/,0
Haven University,Garden Grove,CA,"Garden Grove, CA",1080,1260,1170,23,28,26,7000,Private University,1-Jan,3.24,80,6.5,1,1104-2112,22,https://www.haven.edu/,2.75
Hawaii Institute of Hair Design,Honolulu,HI,"Honolulu, HI",845,955,900,17,20,18,9700,Public Community College,Rolling,3.17,61,5.5,1,1104-2112,22,https://www.hihd.edu/,0
Hawaii Pacific University,Honolulu,HI,"Honolulu, HI",1000,1200,1100,19,27,23,34400,Private University,1-Jan,3.14,79,6.5,1,1104-2112,22,https://www.hpu.edu/,2.75
Hawkeye Community College,Waterloo,IA,"Waterloo, IA",825,955,890,17,20,18,6600,Public Community College,Rolling,3.17,61,5.5,1,1795-2434,13,http://hawkeyecollege.edu/,0
Hays Academy of Hair Design,Hays,KS,"Hays, KS",965,1080,1022,20,23,22,19300,Private University,Rolling,2.49,80,6.5,1,1104-2112,22,https://www.haysacademy.edu/,0
Hazard Community and Technical College,Hazard,KY,"Hazard, KY",840,970,905,17,20,18,6400,Public Community College,1-Aug,3.17,61,5.5,1,1104-2112,22,https://hazard.kctcs.edu/,0
Hazelden Betty Ford Graduate School,Center City,MN,"Center City, MN",1110,1240,1170,24,27,26,36000,Private University,1-Jan,3.24,80,6.5,1,1104-2112,22,https://www.hazeldenbettyford.org/education/graduate-school-addiction-studies,2.75
Hebrew College,Newton,MA,"Newton, MA",1100,1250,1160,24,27,26,34400,Private University,15-Jan,3.19,80,6.5,1,1104-2112,22,https://www.hebrewcollege.edu/,2.75
Hebrew Theological College,Skokie,IL,"Skokie, IL",1120,1260,1180,24,28,26,15200,Private University,1-Feb,3.22,80,6.5,1,1104-2112,22,https://www.htc.edu/,3
Helena College University of Montana,Helena,MT,"Helena, MT",810,930,870,16,19,18,11300,Public Community College,1-Aug,3.17,61,5.5,1,1104-2112,22,https://www.helenacollege.edu/,0
Hellenic College-Holy Cross Greek Orthodox School of Theology,Brookline,MA,"Brookline, MA",1040,1180,1120,22,26,24,22500,Private University,1-Jan,3.14,80,6.5,1,1104-2112,22,https://www.hchc.edu/,2.75
Henderson Community College,Henderson,KY,"Henderson, KY",835,940,887,17,20,18,6400,Public Community College,Rolling,3.17,61,5.5,1,1104-2112,22,https://henderson.kctcs.edu/,0
Henderson State University,Arkadelphia,AR,"Arkadelphia, AR",1060,1200,1130,23,26,24,10600,Public University,1-Feb,3.12,79,6.5,1,2224-4254,19,http://hsu.edu/,2.75
Hendrix College,Conway,AR,"Conway, AR",1120,1350,1240,23,31,27,38200,Private University,15-Jan,3.4,80,6.5,1,5421-10729,40,http://hendrix.edu/,3
Hennepin Technical College,Brooklyn Park,MN,"Brooklyn Park, MN",815,955,885,16,20,18,5900,Public Community College,1-Aug,3.17,61,5.5,1,1104-2112,22,https://www.hennepintech.edu/,0
Henry Ford College,Dearborn,MI,"Dearborn, MI",1050,1200,1130,22,26,24,7800,Public University,1-Feb,3.12,79,6.5,1,8778-17924,29,http://hfcc.edu/,2.75
Heritage Christian University,Florence,AL,"Florence, AL",950,1090,1020,18,19,18,12000,Private University,1-Feb,2.94,71,6,1,1104-2112,22,https://www.hcu.edu/,2.75
Herzing University-Atlanta,Atlanta,GA,"Atlanta, GA",980,1130,1060,21,24,22,13400,Private University,1-Jan,3,80,6.5,1,1104-2112,22,https://www.herzing.edu/,2.75
Herzing University-Birmingham,Birmingham,AL,"Birmingham, AL",990,1140,1060,21,25,23,13400,Private University,1-Jan,3,80,6.5,1,1104-2112,22,https://www.herzing.edu/,2.75
Herzing University-Minneapolis,St. Louis Park,MN,"St. Louis Park, MN",1000,1170,1080,21,25,23,13400,Private University,1-Jan,3.07,80,6.5,1,1104-2112,22,https://www.herzing.edu/,2.75
Hesston College,Hesston,KS,"Hesston, KS",1100,1250,1170,24,27,26,32900,Private University,1-Jan,3.28,80,6.5,1,6271-10468,39,http://hesston.edu/,2.75
"Highland Community College (Freeport, IL)",Freeport,IL,"Freeport, IL",830,985,907,17,21,19,7400,Public Community College,Rolling,3.17,61,5.5,1,1104-2112,22,https://www.highland.edu/,0
"Highland Community College (Highland, KS)",Highland,KS,"Highland, KS",845,970,907,17,20,18,4100,Public Community College,Rolling,3.17,61,5.5,1,1104-2112,22,https://www.highlandcc.edu/,0
Highlands College of Montana Tech,Butte,MT,"Butte, MT",835,970,902,17,20,18,11000,Public Community College,1-Aug,3.17,61,5.5,1,1104-2112,22,https://www.mtech.edu/,0
Hillsborough Community College,Tampa,FL,"Tampa, FL",1060,1210,1140,23,26,24,9100,Public University,Rolling,3.16,79,6.5,1,1399-2674,16,http://hccfl.edu/,2.75
Hillsdale Beauty College,Hillsdale,MI,"Hillsdale, MI",955,1085,1020,20,23,22,18100,Private University,Rolling,2.52,80,6.5,1,1104-2112,22,https://www.hillsdalebeautycollege.com/,0
Hillsdale College,Hillsdale,MI,"Hillsdale, MI",1320,1490,1400,30,33,32,33200,Private University,15-Jan,3.75,90,7,1,6494-14281,30,http://hillsdale.edu/,3.3
Hilltop Beauty School,Daly City,CA,"Daly City, CA",960,1105,1032,20,24,22,17400,Private University,Rolling,2.5,80,6.5,1,1104-2112,22,https://www.hilltopbeautyschool.com/,0
Hinds Community College,Raymond,MS,"Raymond, MS",830,940,885,17,20,18,7300,Public Community College,1-Aug,3.17,61,5.5,1,1104-2112,22,https://www.hindscc.edu/,0
Hobe Sound Bible College,Hobe Sound,FL,"Hobe Sound, FL",1080,1260,1170,23,28,26,9100,Private University,1-Jan,3.24,80,6.5,1,1104-2112,22,https://hsbc.edu/,2.75
Hohokus School of Trade and Technical Sciences,Paterson,NJ,"Paterson, NJ",965,1100,1032,20,24,22,19400,Private University,Rolling,2.54,80,6.5,1,1104-2112,22,https://www.hohokus.edu/,0
Hollywood Institute of Beauty Careers,Hollywood,FL,"Hollywood, FL",965,1080,1022,20,23,22,18200,Private University,Rolling,2.43,80,6.5,1,1104-2112,22,https://www.hi.edu/,0
Holmes Community College,Goodman,MS,"Goodman, MS",860,980,920,18,21,20,6600,Public Community College,Rolling,3.17,61,5.5,1,1104-2112,22,https://www.holmescc.edu/,0
Holy Apostles College and Seminary,Cromwell,CT,"Cromwell, CT",1080,1230,1170,23,27,25,9600,Private University,15-Jan,3.23,80,6.5,1,1104-2112,22,https://www.holyapostles.edu/,2.75
Holy Cross College,Notre Dame,IN,"Notre Dame, IN",1070,1210,1130,23,26,24,36600,Private University,1-Jan,3.15,80,6.5,1,7762-16726,40,http://hcc-nd.edu/,2.75
Holy Name Medical Center-Sister Claire Tynan School of Nursing,Englewood Cliffs,NJ,"Englewood Cliffs, NJ",860,990,925,18,21,20,23900,Public Community College,Rolling,3.17,61,5.5,1,1104-2112,22,https://holyname.org/SchoolofNursing,0
Holyoke Community College,Holyoke,MA,"Holyoke, MA",840,945,892,17,20,18,10900,Public Community College,1-Aug,3.17,61,5.5,1,1104-2112,22,https://www.hcc.edu/,0
Honolulu Community College,Honolulu,HI,"Honolulu, HI",830,965,897,17,20,18,8300,Public Community College,1-Aug,3.17,61,5.5,1,1104-2112,22,https://www.honolulu.hawaii.edu/,0
Hood College,Frederick,MD,"Frederick, MD",1060,1220,1130,23,27,25,47700,Private University,1-Jan,3.17,80,6.5,1,5378-15255,36,http://hood.edu/,2.75
Hope College,Holland,MI,"Holland, MI",1100,1340,1220,25,31,28,42000,Private University,1-Jan,3.35,80,6.5,1,7968-18912,38,http://hope.edu/,3
Hope International University,Fullerton,CA,"Fullerton, CA",840,1220,1030,13,19,16,38000,Private University,1-Jan,2.91,71,6,1,1104-2112,22,https://www.hiu.edu/,2.75
Hopkinsville Community College,Hopkinsville,KY,"Hopkinsville, KY",820,965,892,17,20,18,6400,Public Community College,Rolling,3.17,61,5.5,1,1104-2112,22,https://hopkinsville.kctcs.edu/index.aspx,0
Hot Springs Beauty College,Hot Springs,AR,"Hot Springs, AR",955,1080,1017,20,23,22,19100,Private University,Rolling,2.63,80,6.5,1,1104-2112,22,https://hotspringsbeautycollege.com/,0
House of Heavilin Beauty College-Blue Springs,Blue Springs,MO,"Blue Springs, MO",950,1095,1022,20,23,22,18600,Private University,Rolling,2.4,80,6.5,1,1104-2112,22,https://kc-hair.com/,0
House of Heavilin Beauty College-Kansas City,Kansas City,MO,"Kansas City, MO",950,1075,1012,20,23,22,18600,Private University,Rolling,2.47,80,6.5,1,1104-2112,22,https://kc-hair.com/,0
Howard Community College,Columbia,MD,"Columbia, MD",835,970,902,17,20,18,9600,Public Community College,Rolling,3.17,61,5.5,1,907-2332,14,http://howardcc.edu/,0
Howard University,Washington,DC,"Washington, DC",1090,1320,1200,22,28,25,35800,Private University,1-Jan,3.28,80,6.5,1,2369-9220,23,http://howard.edu/,3
Hudson County Community College,Jersey City,NJ,"Jersey City, NJ",840,990,915,17,21,19,9200,Public Community College,1-Aug,3.17,61,5.5,1,1104-2112,22,https://www.hccc.edu/,0
Hult International Business School,Cambridge,MA,"Cambridge, MA",1170,1300,1240,25,29,27,57200,Private University,1-Jan,3.41,80,6.5,1,1104-2112,22,https://www.hult.edu/,2.75
Humphreys University-Stockton and Modesto Campuses,Stockton,CA,"Stockton, CA",1110,1240,1170,24,27,26,13500,Private University,1-Jan,3.23,80,6.5,1,1104-2112,22,https://www.humphreys.edu/,2.75
Huntingdon College,Montgomery,AL,"Montgomery, AL",1010,1220,1110,20,25,22,29100,Private University,1-Feb,3.16,79,6.5,1,6201-15430,31,http://huntingdon.edu/,2.75
Huntington University,Huntington,IN,"Huntington, IN",930,1150,1040,18,26,22,31900,Private University,1-Jan,2.92,71,6,1,1104-2112,22,https://www.huntington.edu/,2.75
Hutchinson Community College,Hutchinson,KS,"Hutchinson, KS",855,1000,927,17,21,19,4800,Public Community College,Rolling,3.17,61,5.5,1,1104-2112,22,https://www.hutchcc.edu/,0
ITI Technical College,Baton Rouge,LA,"Baton Rouge, LA",835,985,910,17,21,19,11700,Public Community College,Rolling,3.17,61,5.5,1,1104-2112,22,https://www.iticollege.edu/,0
Idaho State University,Pocatello,ID,"Pocatello, ID",1070,1210,1150,23,26,24,27700,Public University,30-Nov,3.25,79,6.5,1,3762-8560,24,http://isu.edu/,2.75
Iliff School of Theology,Denver,CO,"Denver, CO",1080,1230,1160,23,27,25,33600,Private University,1-Feb,3.17,80,6.5,1,1104-2112,22,https://www.iliff.edu/,2.75
Illinois Central College,East Peoria,IL,"East Peoria, IL",825,930,877,17,19,18,12200,Public Community College,Rolling,3.17,61,5.5,1,8805-13904,40,http://icc.edu/,0
Illinois College,Jacksonville,IL,"Jacksonville, IL",880,1180,1030,19,26,22,38700,Private University,1-Jan,2.95,71,6,1,1104-2112,22,https://www.ic.edu/,2.75
Illinois College of Optometry,Chicago,IL,"Chicago, IL",1100,1250,1170,24,27,26,35900,Private University,1-Jan,3.24,80,6.5,1,8085-18015,29,http://ico.edu/,2.75
Illinois Eastern Community Colleges,Olney,IL,"Olney, IL",840,975,907,17,20,18,12500,Public Community College,Rolling,3.17,61,5.5,1,1104-2112,22,https://www.iecc.edu/,0
Illinois Institute of Technology,Chicago,IL,"Chicago, IL",1180,1440,1310,26,32,29,52400,Private University,1-Feb,3.55,84,6.5,1,5675-8629,19,http://iit.edu/,3.3
Illinois State University,Normal,IL,"Normal, IL",990,1210,1100,21,27,24,28200,Public University,30-Nov,3.07,79,6.5,1,4647-7194,18,http://illinoisstate.edu/,2.75
Illinois Valley Community College,Oglesby,IL,"Oglesby, IL",840,985,912,17,21,19,16400,Public Community College,Rolling,3.17,61,5.5,1,1535-2324,12,http://ivcc.edu/,0
Illinois Wesleyan University,Bloomington,IL,"Bloomington, IL",1120,1340,1230,25,30,28,57700,Private University,1-Jan,3.42,80,6.5,1,2438-5849,16,http://iwu.edu/,3
Imperial Valley College,Imperial,CA,"Imperial, CA",850,965,907,17,20,18,8900,Public Community College,1-Aug,3.17,61,5.5,1,5008-10975,30,http://imperial.edu/,0
Independence Community College,Independence,KS,"Independence, KS",850,960,905,17,20,18,5000,Public Community College,1-Aug,3.17,61,5.5,1,1104-2112,22,https://www.indycc.edu/,0
Indian Hills Community College,Ottumwa,IA,"Ottumwa, IA",815,955,885,16,20,18,6100,Public Community College,1-Aug,3.17,61,5.5,1,1104-2112,22,https://www.indianhills.edu/,0
Indian River State College,Fort Pierce,FL,"Fort Pierce, FL",1070,1220,1140,23,27,25,10200,Public University,30-Nov,3.15,79,6.5,1,1104-2112,22,https://www.irsc.edu/,2.75
Indiana Institute of Technology,Fort Wayne,IN,"Fort Wayne, IN",1080,1230,1160,23,27,25,31400,Private University,15-Jan,3.23,80,6.5,1,1104-2112,22,https://www.indianatech.edu/,2.75
Indiana State University,Terre Haute,IN,"Terre Haute, IN",1030,1170,1110,22,25,24,22300,Public University,15-Jan,3.1,79,6.5,1,5076-9971,15,http://indstate.edu/,2.75
Indiana University-Bloomington,Bloomington,IN,"Bloomington, IN",1170,1400,1280,27,33,30,41900,Public University,15-Jan,3.43,84,6.5,1,1104-2112,22,https://bloomington.iu.edu/,3
Indiana University-East,Richmond,IN,"Richmond, IN",960,1170,1060,19,24,22,22800,Public University,15-Jan,3,79,6.5,1,1104-2112,22,https://east.iu.edu/,2.75
Indiana University-Indianapolis,Indianapolis,IN,"Indianapolis, IN",1030,1240,1140,21,29,25,34900,Public University,15-Jan,3.15,79,6.5,1,1104-2112,22,https://indianapolis.iu.edu/,2.75
Indiana University-Kokomo,Kokomo,IN,"Kokomo, IN",960,1150,1060,21,27,24,22800,Public University,15-Jan,2.99,79,6.5,1,1104-2112,22,https://kokomo.iu.edu/,2.75
Indiana University-Northwest,Gary,IN,"Gary, IN",910,1180,1040,18,26,22,22800,Public University,15-Jan,2.98,71,6,1,1104-2112,22,https://northwest.iu.edu/,2.75
Indiana University-South Bend,South Bend,IN,"South Bend, IN",950,1190,1070,21,23,22,22800,Public University,15-Jan,3.04,79,6.5,1,1104-2112,22,https://southbend.iu.edu/,2.75
Indiana University-Southeast,New Albany,IN,"New Albany, IN",970,1180,1080,20,25,22,22800,Public University,15-Jan,3.05,79,6.5,1,1104-2112,22,https://southeast.iu.edu/,2.75
Indiana Wesleyan University-Marion,Marion,IN,"Marion, IN",960,1180,1070,19,28,24,32400,Private University,15-Jan,3.09,79,6.5,1,1104-2112,22,https://www.indwes.edu/,2.75
Institute for Business and Technology,San Jose,CA,"San Jose, CA",815,970,892,16,20,18,10000,Public Community College,Rolling,3.17,61,5.5,1,1104-2112,22,https://ibt.edu/,0
Institute for Clinical Social Work,Chicago,IL,"Chicago, IL",1100,1220,1160,24,27,26,33900,Private University,1-Feb,3.18,80,6.5,1,1104-2112,22,https://www.icsw.edu/,2.75
Institute of American Indian and Alaska Native Culture and Arts Development,Santa Fe,NM,"Santa Fe, NM",1000,1180,1090,21,26,24,5900,Public University,15-Jan,3.14,79,6.5,1,1104-2112,22,https://iaia.edu/,2.75
Intellitec College-Colorado Springs,Colorado Springs,CO,"Colorado Springs, CO",810,940,875,16,20,18,10500,Public Community College,1-Aug,3.17,61,5.5,1,1104-2112,22,https://intellitec.edu/,0
Intellitec College-Grand Junction,Grand Junction,CO,"Grand Junction, CO",850,975,912,17,20,18,10600,Public Community College,1-Aug,3.17,61,5.5,1,1104-2112,22,https://intellitec.edu/,0
Interactive College of Technology-Chamblee,Chamblee,GA,"Chamblee, GA",830,955,892,17,20,18,11300,Public Community College,Rolling,3.17,61,5.5,1,1104-2112,22,https://www.ict.edu/,0
Interactive College of Technology-Morrow,Morrow,GA,"Morrow, GA",840,955,897,17,20,18,11200,Public Community College,Rolling,3.17,61,5.5,1,1104-2112,22,https://ict.edu/,0
Interdenominational Theological Center,Atlanta,GA,"Atlanta, GA",1090,1260,1170,23,28,26,38500,Private University,1-Jan,3.29,80,6.5,1,1104-2112,22,https://www.itc.edu/,2.75
Interior Designers Institute,Newport Beach,CA,"Newport Beach, CA",940,1040,990,20,22,21,20200,Private University,Rolling,2.69,80,6.5,1,1104-2112,22,https://www.idi.edu/,2.75
International Academy,South Daytona,FL,"South Daytona, FL",945,1050,997,20,22,21,17300,Private University,Rolling,2.58,80,6.5,1,1104-2112,22,https://www.intl-academy.com/,0
International Business College-Indianapolis,Indianapolis,IN,"Indianapolis, IN",840,990,915,17,21,19,17200,Public Community College,Rolling,3.17,61,5.5,1,1104-2112,22,https://www.ibcindianapolis.edu/,0
International Salon and Spa Academy,Colorado Springs,CO,"Colorado Springs, CO",930,1065,997,19,23,21,18100,Private University,Rolling,2.43,80,6.5,1,1104-2112,22,https://www.csbeautyschools.com/,0
International School of Beauty Inc,Palm Desert,CA,"Palm Desert, CA",980,1090,1035,21,23,22,16600,Private University,Rolling,2.59,80,6.5,1,1104-2112,22,https://btyschool.com/,0
Inver Hills Community College,Inver Grove Heights,MN,"Inver Grove Heights, MN",810,965,887,16,20,18,6100,Public Community College,1-Aug,3.17,61,5.5,1,1504-2468,16,http://inverhills.edu/,0
Iowa Central Community College,Fort Dodge,IA,"Fort Dodge, IA",820,975,897,17,20,18,7800,Public Community College,Rolling,3.17,61,5.5,1,1748-3318,15,http://iowacentral.edu/,0
Iowa Lakes Community College,Estherville,IA,"Estherville, IA",830,970,900,17,20,18,7900,Public Community College,1-Aug,3.17,61,5.5,1,1104-2112,22,https://www.iowalakes.edu/,0
Iowa School of Beauty-Des Moines,Des Moines,IA,"Des Moines, IA",850,980,915,17,21,19,9800,Public Community College,Rolling,3.17,61,5.5,1,1104-2112,22,https://iowaschoolofbeauty.com/,0
Iowa School of Beauty-Sioux City,Sioux City,IA,"Sioux City, IA",855,985,920,17,21,19,9800,Public Community College,Rolling,3.17,61,5.5,1,1104-2112,22,https://iowaschoolofbeauty.com/,0
Iowa State University,Ames,IA,"Ames, IA",1120,1360,1240,21,28,24,28900,Public University,1-Feb,3.36,80,6.5,1,4233-10284,24,http://iastate.edu/,3
Iowa Western Community College,Council Bluffs,IA,"Council Bluffs, IA",850,1005,927,17,21,19,7100,Public Community College,Rolling,3.17,61,5.5,1,1224-2375,16,http://iwcc.edu/,0
Irvine Valley College,Irvine,CA,"Irvine, CA",820,965,892,17,20,18,11900,Public Community College,1-Aug,3.17,61,5.5,1,8782-17198,30,http://ivc.edu/,0
Itawamba Community College,Fulton,MS,"Fulton, MS",860,970,915,18,20,19,5800,Public Community College,Rolling,3.17,61,5.5,1,1189-2440,16,http://iccms.edu/,0
Ivy Tech Community College,Indianapolis,IN,"Indianapolis, IN",830,955,892,17,20,18,9900,Public Community College,Rolling,3.17,61,5.5,1,1244-1897,15,http://ivytech.edu/,0
J F Ingram State Technical College,Deatsville,AL,"Deatsville, AL",1080,1220,1140,23,27,25,6100,Public University,Rolling,3.19,79,6.5,1,1104-2112,22,https://www.istc.edu/,0
J Michael Harrold Beauty Academy,Terre Haute,IN,"Terre Haute, IN",950,1065,1007,20,23,22,18500,Private University,Rolling,2.72,80,6.5,1,1104-2112,22,https://harroldbeautyacademy.com/,0
J. F. Drake State Community and Technical College,Huntsville,AL,"Huntsville, AL",855,970,912,17,20,18,9100,Public Community College,Rolling,3.17,61,5.5,1,1104-2112,22,https://drakestate.edu/,0
JFK Muhlenberg Harold B. and Dorothy A. Snyder Schools,Plainfield,NJ,"Plainfield, NJ",855,1005,930,17,21,19,31300,Public Community College,Rolling,3.17,61,5.5,1,1104-2112,22,https://www.jfkmuhlenbergschools.org/,0
Jackson College,Jackson,MI,"Jackson, MI",1090,1240,1150,23,27,25,10200,Public University,1-Feb,3.23,79,6.5,1,7609-15633,36,http://jccmi.edu/,2.75
Jackson State University,Jackson,MS,"Jackson, MS",820,1070,940,15,20,18,12000,Public University,1-Feb,2.79,74,6,1,5493-10901,23,http://jsums.edu/,2.75
Jacksonville State University,Jacksonville,AL,"Jacksonville, AL",1000,1290,1140,17,24,20,23300,Public University,1-Feb,3.17,79,6.5,1,3227-9063,23,http://jsu.edu/,2.75
Jacksonville University,Jacksonville,FL,"Jacksonville, FL",1100,1280,1190,22,27,24,47800,Private University,15-Jan,3.29,80,6.5,1,2109-5650,20,http://ju.edu/,3
Jefferson College,Hillsboro,MO,"Hillsboro, MO",855,975,915,17,20,18,8800,Public Community College,1-Aug,3.17,61,5.5,1,5705-10186,33,http://jeffco.edu/,0
Jefferson Community and Technical College,Louisville,KY,"Louisville, KY",850,965,907,17,20,18,6500,Public Community College,Rolling,3.17,61,5.5,1,1104-2112,22,https://jefferson.kctcs.edu/,0
Jefferson Regional School of Nursing,Pine Bluff,AR,"Pine Bluff, AR",840,960,900,17,20,18,9900,Public Community College,1-Aug,3.17,61,5.5,1,1104-2112,22,https://www.jrmc.org/,0
Jefferson State Community College,Birmingham,AL,"Birmingham, AL",810,920,865,16,19,18,9000,Public Community College,Rolling,3.17,61,5.5,1,1104-2112,22,https://www.jeffersonstate.edu/,0
John A Logan College,Carterville,IL,"Carterville, IL",850,955,902,17,20,18,7500,Public Community College,Rolling,3.17,61,5.5,1,1104-2112,22,https://www.jalc.edu/,0
John Brown University,Siloam Springs,AR,"Siloam Springs, AR",1070,1340,1200,21,28,24,31800,Private University,15-Jan,3.3,80,6.5,1,8468-19432,31,http://jbu.edu/,3
John C Calhoun State Community College,Tanner,AL,"Tanner, AL",825,935,880,17,19,18,9000,Public Community College,Rolling,3.17,61,5.5,1,1104-2112,22,https://calhoun.edu/,0
John Jay Beauty College,Kenner,LA,"Kenner, LA",940,1050,995,20,22,21,17500,Private University,Rolling,2.63,80,6.5,1,1104-2112,22,https://www.johnjaybeautycollege.com/,0
John Wood Community College,Quincy,IL,"Quincy, IL",815,950,882,16,20,18,9300,Public Community College,1-Aug,3.17,61,5.5,1,1104-2112,22,https://www.jwcc.edu/,0
Johnson County Community College,Overland Park,KS,"Overland Park, KS",835,980,907,17,21,19,5700,Public Community College,Rolling,3.17,61,5.5,1,868-2190,10,http://jccc.edu/,0
Joliet Junior College,Joliet,IL,"Joliet, IL",830,945,887,17,20,18,13800,Public Community College,Rolling,3.17,61,5.5,1,5763-12108,39,http://jjc.edu/,0
Jones County Junior College,Ellisville,MS,"Ellisville, MS",835,970,902,17,20,18,6800,Public Community College,1-Aug,3.17,61,5.5,1,1104-2112,22,https://www.jcjc.edu/,0
Joseph's College Cosmetology,Lincoln,NE,"Lincoln, NE",865,1015,940,18,21,20,9400,Public Community College,Rolling,3.17,61,5.5,1,1104-2112,22,https://josephscollege.edu/,0
Judson University,Elgin,IL,"Elgin, IL",820,1120,970,16,24,20,31400,Private University,1-Feb,2.81,71,6,1,3434-9074,18,http://judsonu.edu/,2.75
Kalamazoo College,Kalamazoo,MI,"Kalamazoo, MI",1170,1380,1280,20,29,24,61000,Private University,15-Jan,3.39,84,6.5,1,5912-12660,34,http://kzoo.edu/,3
Kalamazoo Valley Community College,Kalamazoo,MI,"Kalamazoo, MI",830,945,887,17,20,18,9100,Public Community College,1-Aug,3.17,61,5.5,1,1694-3290,10,http://kvcc.edu/,0
Kankakee Community College,Kankakee,IL,"Kankakee, IL",860,975,917,18,20,19,25800,Public Community College,Rolling,3.17,61,5.5,1,1533-3025,10,http://kcc.edu/,0
Kansas Christian College,Overland Park,KS,"Overland Park, KS",1100,1250,1170,24,27,26,11700,Private University,1-Feb,3.28,80,6.5,1,1104-2112,22,https://www.kansaschristian.edu/,2.75
Kansas City Art Institute,Kansas City,MO,"Kansas City, MO",1110,1250,1190,24,27,26,44600,Private University,1-Jan,3.25,80,6.5,1,1104-2112,22,https://www.kcai.edu/,3
Kansas City Kansas Community College,Kansas City,KS,"Kansas City, KS",810,950,880,16,20,18,6900,Public Community College,Rolling,3.17,61,5.5,1,1350-2779,16,http://kckcc.edu/,0
Kansas City University,Kansas City,MO,"Kansas City, MO",1110,1240,1180,24,27,26,38900,Private University,1-Jan,3.32,80,6.5,1,1104-2112,22,https://www.kansascity.edu/,2.75
Kansas State University,Manhattan,KS,"Manhattan, KS",1060,1260,1160,20,27,24,28600,Public University,1-Mar,3.26,80,6.5,1,5897-11302,19,http://k-state.edu/,3
Kansas Wesleyan University,Salina,KS,"Salina, KS",1090,1220,1150,23,27,25,34600,Private University,1-Feb,3.2,80,6.5,1,1104-2112,22,https://www.kwu.edu/,2.75
Kapiolani Community College,Honolulu,HI,"Honolulu, HI",840,965,902,17,20,18,8400,Public Community College,Rolling,3.17,61,5.5,1,1104-2112,22,https://www.kapiolani.hawaii.edu/,0
Kaskaskia College,Centralia,IL,"Centralia, IL",830,955,892,17,20,18,12600,Public Community College,Rolling,3.17,61,5.5,1,7610-14563,28,http://kaskaskia.edu/,0
Kauai Community College,Lihue,HI,"Lihue, HI",860,985,922,18,21,20,8400,Public Community College,Rolling,3.17,61,5.5,1,1104-2112,22,https://www.kauai.hawaii.edu/,0
Kean University,Union,NJ,"Union, NJ",930,1150,1040,13,19,16,22400,Public University,1-Feb,3.02,71,6,1,3241-7437,21,http://kean.edu/,2.75
Keene Beauty Academy,Keene,NH,"Keene, NH",950,1060,1005,20,23,22,16900,Private University,Rolling,2.58,80,6.5,1,1104-2112,22,https://www.keenebeautyacademy.edu/,0
Keene State College,Keene,NH,"Keene, NH",980,1140,1050,21,25,23,26800,Public University,Rolling,2.94,79,6.5,1,4535-10476,19,http://keene.edu/,2.75
Keiser University-Ft Lauderdale,Fort Lauderdale,FL,"Fort Lauderdale, FL",980,1160,1070,21,25,23,25100,Private University,1-Feb,3.07,80,6.5,1,1104-2112,22,https://www.keiseruniversity.edu/,2.75
Kellogg Community College,Battle Creek,MI,"Battle Creek, MI",840,965,902,17,20,18,8300,Public Community College,Rolling,3.17,61,5.5,1,1104-2112,22,https://www.kellogg.edu/,0
Kennebec Valley Community College,Fairfield,ME,"Fairfield, ME",835,945,890,17,20,18,7000,Public Community College,Rolling,3.17,61,5.5,1,1104-2112,22,https://www.kvcc.me.edu/,0
Kenrick Glennon Seminary,Saint Louis,MO,"Saint Louis, MO",1080,1230,1170,23,27,25,38300,Private University,15-Jan,3.29,80,6.5,1,1104-2112,22,https://www.kenrick.edu/,2.75
Kentucky Christian University,Grayson,KY,"Grayson, KY",1020,1160,1090,18,24,21,26600,Private University,1-Feb,3.11,79,6.5,1,6537-18517,33,http://kcu.edu/,2.75
Kentucky Mountain Bible College,Jackson,KY,"Jackson, KY",950,1130,1040,17,25,21,10400,Private University,1-Jan,2.99,71,6,1,1104-2112,22,https://www.kmbc.edu/,2.75
Kentucky State University,Frankfort,KY,"Frankfort, KY",800,940,870,14,17,16,13700,Public University,15-Jan,2.62,72,6,1,2881-9836,21,http://kysu.edu/,2.75
Kentucky Wesleyan College,Owensboro,KY,"Owensboro, KY",890,1130,1010,16,23,20,34700,Private University,1-Jan,2.95,71,6,1,1104-2112,22,https://kwc.edu/,2.75
Kettering University,Flint,MI,"Flint, MI",1160,1330,1240,26,30,28,48500,Private University,15-Jan,3.36,80,6.5,1,4624-6944,19,http://kettering.edu/,3
Kirkwood Community College,Cedar Rapids,IA,"Cedar Rapids, IA",810,955,882,16,20,18,8200,Public Community College,Rolling,3.17,61,5.5,1,945-2409,10,http://kirkwood.edu/,0
Kirtland Community College,Grayling,MI,"Grayling, MI",855,965,910,17,20,18,9900,Public Community College,Rolling,3.17,61,5.5,1,1104-2112,22,https://www.kirtland.edu/,0
Kishwaukee College,Malta,IL,"Malta, IL",840,955,897,17,20,18,13700,Public Community College,Rolling,3.17,61,5.5,1,8174-18025,35,http://kishwaukeecollege.edu/,0
Knox College,Galesburg,IL,"Galesburg, IL",1180,1440,1310,21,32,26,57900,Private University,1-Jan,3.54,84,6.5,1,7970-18789,28,http://knox.edu/,3.3
Kuyper College,Grand Rapids,MI,"Grand Rapids, MI",1060,1220,1150,23,27,25,27700,Private University,15-Jan,3.18,80,6.5,1,1104-2112,22,https://www.kuyper.edu/,2.75
La Belle Beauty School,Hialeah,FL,"Hialeah, FL",935,1060,997,19,23,21,17800,Private University,Rolling,2.53,80,6.5,1,1104-2112,22,https://labellebeauty.net/,0
La James College of Hairstyling and Cosmetology,Mason City,IA,"Mason City, IA",820,960,890,17,20,18,9400,Public Community College,1-Aug,3.17,61,5.5,1,1104-2112,22,https://www.lajames.edu/,0
La James International College-Cedar Falls,Cedar Falls,IA,"Cedar Falls, IA",950,1070,1010,20,23,22,17500,Private University,Rolling,2.71,80,6.5,1,1104-2112,22,https://ljic.edu/,0
La James International College-Davenport,Davenport,IA,"Davenport, IA",960,1065,1012,20,23,22,17500,Private University,Rolling,2.69,80,6.5,1,1104-2112,22,https://ljic.edu/,0
La James International College-Ft Dodge,Fort Dodge,IA,"Fort Dodge, IA",830,940,885,17,20,18,9800,Public Community College,Rolling,3.17,61,5.5,1,1104-2112,22,https://ljic.edu/,0
La James International College-Johnston,Johnston,IA,"Johnston, IA",860,1010,935,18,21,20,9800,Public Community College,Rolling,3.17,61,5.5,1,1104-2112,22,https://ljic.edu/,0
La Sierra University,Riverside,CA,"Riverside, CA",1030,1180,1100,22,26,24,37700,Private University,15-Jan,3.14,80,6.5,1,2380-6454,15,http://lasierra.edu/,2.75
LaGrange College,Lagrange,GA,"Lagrange, GA",1090,1240,1160,23,27,25,35400,Private University,1-Jan,3.17,80,6.5,1,1104-2112,22,https://www.lagrange.edu/,2.75
LaSalle Tech,Houma,LA,"Houma, LA",975,1080,1027,20,23,22,17000,Private University,Rolling,2.56,80,6.5,1,1104-2112,22,https://lasalletech.edu/,0
Labette Community College,Parsons,KS,"Parsons, KS",845,990,917,17,21,19,4900,Public Community College,Rolling,3.17,61,5.5,1,1104-2112,22,https://www.labette.edu/,0
Laboure College of Healthcare,Milton,MA,"Milton, MA",1190,1320,1250,26,29,28,30600,Private University,15-Jan,3.46,80,6.5,1,1104-2112,22,https://www.laboure.edu/,3
Laguna College of Art and Design,Laguna Beach,CA,"Laguna Beach, CA",980,1140,1060,21,25,23,37500,Private University,15-Jan,2.99,80,6.5,1,1104-2112,22,https://www.lcad.edu/,2.75
Lake Forest College,Lake Forest,IL,"Lake Forest, IL",1190,1390,1290,28,32,30,56400,Private University,1-Jan,3.45,84,6.5,1,8865-17148,28,http://lakeforest.edu/,3
Lake Forest Graduate School of Management,Lake Forest,IL,"Lake Forest, IL",1080,1260,1170,23,28,26,36100,Private University,15-Jan,3.24,80,6.5,1,1104-2112,22,https://lfgsm.edu/,2.75
Lake Land College,Mattoon,IL,"Mattoon, IL",855,975,915,17,20,18,14300,Public Community College,1-Aug,3.17,61,5.5,1,1104-2112,22,https://www.lakelandcollege.edu/,0
Lake Michigan College,Benton Harbor,MI,"Benton Harbor, MI",810,935,872,16,19,18,7800,Public Community College,1-Aug,3.17,61,5.5,1,6022-11271,27,http://lakemichigancollege.edu/,0
Lake Superior College,Duluth,MN,"Duluth, MN",860,1000,930,18,21,20,5800,Public Community College,Rolling,3.17,61,5.5,1,1104-2112,22,https://www.lsc.edu/,0
Lake Superior State University,Sault Ste Marie,MI,"Sault Ste Marie, MI",1070,1220,1140,23,27,25,14900,Public University,1-Feb,3.15,79,6.5,1,4078-9841,24,http://lssu.edu/,2.75
Lake Tahoe Community College,South Lake Tahoe,CA,"South Lake Tahoe, CA",850,990,920,17,21,19,11100,Public Community College,Rolling,3.17,61,5.5,1,1585-2839,13,http://ltcc.edu/,0
Lake Technical College,Eustis,FL,"Eustis, FL",1070,1210,1150,23,26,24,22800,Public University,1-Mar,3.23,79,6.5,1,1104-2112,22,https://www.laketech.org/,0
Lake-Sumter State College,Leesburg,FL,"Leesburg, FL",1060,1240,1150,23,27,25,13300,Public University,1-Feb,3.25,79,6.5,1,1104-2112,22,https://www.lssc.edu/,2.75
Lakes Region Community College,Laconia,NH,"Laconia, NH",825,970,897,17,20,18,15000,Public Community College,Rolling,3.17,61,5.5,1,1104-2112,22,https://www.lrcc.edu/,0
Lakeview College of Nursing,Danville,IL,"Danville, IL",1100,1260,1170,24,28,26,35700,Private University,1-Jan,3.23,80,6.5,1,6062-17166,39,http://lakeviewcol.edu/,2.75
Lamar Community College,Lamar,CO,"Lamar, CO",840,950,895,17,20,18,7300,Public Community College,1-Aug,3.17,61,5.5,1,1104-2112,22,https://www.lamarcc.edu/,0
Lancaster Beauty School,Lancaster,CA,"Lancaster, CA",940,1065,1002,20,23,22,18400,Private University,Rolling,2.43,80,6.5,1,1104-2112,22,https://www.lancasterbeautyschool.com/,0
Laney College,Oakland,CA,"Oakland, CA",850,995,922,17,21,19,9900,Public Community College,1-Aug,3.17,61,5.5,1,1104-2112,22,https://laney.edu/,0
Lanier Technical College,Gainesville,GA,"Gainesville, GA",840,960,900,17,20,18,7200,Public Community College,1-Aug,3.17,61,5.5,1,4296-10659,18,http://laniertech.edu/,0
Lansing Community College,Lansing,MI,"Lansing, MI",855,1005,930,17,21,19,11300,Public Community College,1-Aug,3.17,61,5.5,1,929-1800,15,http://lcc.edu/,0
Las Vegas College,Las Vegas,NV,"Las Vegas, NV",970,1100,1035,20,24,22,17500,Private University,Rolling,2.74,80,6.5,1,1104-2112,22,https://lvcollege.edu/,2.75
Lasell University,Newton,MA,"Newton, MA",1030,1160,1090,15,21,18,27000,Private University,1-Jan,3.06,79,6.5,1,1104-2112,22,https://www.lasell.edu/,2.75
Lassen Community College,Susanville,CA,"Susanville, CA",815,955,885,16,20,18,9300,Public Community College,Rolling,3.17,61,5.5,1,1104-2112,22,https://www.lassencollege.edu/,0
Latin American Bible Institute,La Puente,CA,"La Puente, CA",1140,1300,1210,25,29,27,14000,Private University,1-Jan,3.31,80,6.5,1,1104-2112,22,https://labi.edu/,3
Lawrence Memorial Hospital School of Nursing,Medford,MA,"Medford, MA",850,995,922,17,21,19,31000,Public Community College,Rolling,3.17,61,5.5,1,1104-2112,22,https://www.lmregis.org/,0
Lawrence Technological University,Southfield,MI,"Southfield, MI",1100,1240,1180,24,27,26,44800,Private University,1-Jan,3.22,80,6.5,1,2517-9114,15,http://ltu.edu/,3
Lawson State Community College,Birmingham,AL,"Birmingham, AL",850,965,907,17,20,18,8900,Public Community College,Rolling,3.17,61,5.5,1,1104-2112,22,https://www.lawsonstate.edu/,0
Leeward Community College,Pearl City,HI,"Pearl City, HI",830,955,892,17,20,18,8400,Public Community College,1-Aug,3.17,61,5.5,1,1104-2112,22,https://www.leeward.hawaii.edu/,0
Lesley University,Cambridge,MA,"Cambridge, MA",960,1120,1050,20,24,22,34300,Private University,15-Jan,2.98,80,6.5,1,3683-9917,18,http://lesley.edu/,2.75
Lewis University,Romeoville,IL,"Romeoville, IL",960,1210,1080,20,27,24,39200,Private University,1-Jan,3.08,79,6.5,1,3939-10225,23,http://lewisu.edu/,2.75
Lewis and Clark Community College,Godfrey,IL,"Godfrey, IL",840,965,902,17,20,18,7800,Public Community College,Rolling,3.17,61,5.5,1,1396-2916,13,http://lc.edu/,0
Lewis-Clark State College,Lewiston,ID,"Lewiston, ID",1040,1160,1100,22,25,24,22000,Public University,1-Feb,3.11,79,6.5,1,1104-2112,22,https://www.lcsc.edu/,2.75
Lex La-Ray Technical Center,Lexington,MO,"Lexington, MO",1100,1270,1180,24,28,26,22700,Public University,1-Feb,3.29,79,6.5,1,1104-2112,22,https://www.lexlaray.com/,0
Lexington Theological Seminary,Lexington,KY,"Lexington, KY",1090,1240,1160,23,27,25,33800,Private University,1-Jan,3.18,80,6.5,1,1104-2112,22,https://www.lextheo.edu/,2.75
Life Chiropractic College West,Hayward,CA,"Hayward, CA",1080,1240,1170,23,27,25,37100,Private University,1-Jan,3.26,80,6.5,1,8460-19560,36,http://lifewest.edu/,2.75
Life Pacific University,San Dimas,CA,"San Dimas, CA",980,1150,1070,21,25,23,22100,Private University,1-Jan,3.06,80,6.5,1,1104-2112,22,https://lifepacific.edu/,2.75
Life University,Marietta,GA,"Marietta, GA",920,1130,1020,17,20,18,15000,Private University,1-Jan,2.98,71,6,1,2057-7681,23,http://life.edu/,2.75
Lincoln College of Technology-Columbia,Columbia,MD,"Columbia, MD",835,950,892,17,20,18,9700,Public Community College,Rolling,3.17,61,5.5,1,1104-2112,22,https://www.lincolntech.edu/campus/columbia-md,0
Lincoln College of Technology-Denver,Denver,CO,"Denver, CO",840,955,897,17,20,18,9700,Public Community College,Rolling,3.17,61,5.5,1,1104-2112,22,https://www.lincolntech.edu/campus/denver-co,0
Lincoln College of Technology-Indianapolis,Indianapolis,IN,"Indianapolis, IN",830,935,882,17,19,18,9700,Public Community College,Rolling,3.17,61,5.5,1,1104-2112,22,https://www.lincolntech.edu/campus/indianapolis-in,0
Lincoln College of Technology-Melrose Park,Melrose Park,IL,"Melrose Park, IL",835,970,902,17,20,18,9700,Public Community College,Rolling,3.17,61,5.5,1,1104-2112,22,https://www.lincolntech.edu/campus/melrose-park-il,0
Lincoln Land Community College,Springfield,IL,"Springfield, IL",860,995,927,18,21,20,10500,Public Community College,Rolling,3.17,61,5.5,1,1042-2286,16,http://llcc.edu/,0
Lincoln Technical Institute-East Windsor,East Windsor,CT,"East Windsor, CT",945,1070,1007,20,23,22,17300,Private University,Rolling,2.49,80,6.5,1,1104-2112,22,https://www.lincolntech.edu/campus/east-windsor-ct,0
Lincoln Technical Institute-Iselin,Iselin,NJ,"Iselin, NJ",945,1065,1005,20,23,22,17300,Private University,Rolling,2.62,80,6.5,1,1104-2112,22,https://www.lincolntech.edu/campus/edison-nj,0
Lincoln Technical Institute-New Britain,New Britain,CT,"New Britain, CT",955,1090,1022,20,23,22,17300,Private University,Rolling,2.52,80,6.5,1,1104-2112,22,https://www.lincolntech.edu/campus/new-britain-ct,0
Lincoln Technical Institute-South Plainfield,South Plainfield,NJ,"South Plainfield, NJ",830,955,892,17,20,18,9700,Public Community College,Rolling,3.17,61,5.5,1,1104-2112,22,https://www.lincolntech.edu/campus/south-plainfield-nj,0
Lincoln Technical Institute-Union,Union,NJ,"Union, NJ",930,1040,985,19,22,20,17300,Private University,Rolling,2.52,80,6.5,1,1104-2112,22,https://www.lincolntech.edu/campus/union-nj,0
"Lincoln University (Jefferson City, MO)",Jefferson City,MO,"Jefferson City, MO",1050,1220,1140,22,27,24,17700,Public University,Rolling,3.19,79,6.5,1,1104-2112,22,https://www.lincolnu.edu/,2.75
"Lincoln University (Oakland, CA)",Oakland,CA,"Oakland, CA",1080,1240,1170,23,27,25,13200,Private University,15-Jan,3.25,80,6.5,1,1104-2112,22,https://lincolnuca.edu/,2.75
Lindenwood University,Saint Charles,MO,"Saint Charles, MO",1120,1260,1190,22,28,25,21600,Private University,1-Jan,3.33,80,6.5,1,4997-7451,25,http://lindenwood.edu/,3
Lindsey Hopkins Technical College,Miami,FL,"Miami, FL",825,955,890,17,20,18,10500,Public Community College,Rolling,3.17,61,5.5,1,1104-2112,22,https://www.lindseyhopkins.edu/,0
Lindsey Wilson College,Columbia,KY,"Columbia, KY",1090,1220,1160,23,27,25,27800,Private University,1-Jan,3.18,80,6.5,1,5544-14268,40,http://lindsey.edu/,2.75
Little Big Horn College,Crow Agency,MT,"Crow Agency, MT",845,985,915,17,21,19,3200,Public Community College,Rolling,3.17,61,5.5,1,1104-2112,22,https://www.lbhc.edu/,0
Lively Technical College,Tallahassee,FL,"Tallahassee, FL",1060,1220,1140,23,27,25,22100,Public University,1-Feb,3.18,79,6.5,1,1104-2112,22,https://www.livelytech.com/,0
Logan University,Chesterfield,MO,"Chesterfield, MO",1110,1240,1170,24,27,26,9000,Private University,15-Jan,3.23,80,6.5,1,1104-2112,22,https://www.logan.edu/,2.75
Loma Linda University,Loma Linda,CA,"Loma Linda, CA",1070,1220,1160,23,27,25,33600,Private University,1-Feb,3.17,80,6.5,1,3966-6062,19,http://llu.edu/,2.75
Long Beach City College,Long Beach,CA,"Long Beach, CA",820,960,890,17,20,18,12500,Public Community College,1-Aug,3.17,61,5.5,1,8540-17912,25,http://lbcc.edu/,0
Longy School of Music of Bard College,Cambridge,MA,"Cambridge, MA",1120,1280,1210,24,28,26,55300,Private University,15-Jan,3.32,80,6.5,1,1104-2112,22,https://longy.edu/,2.75
Loraines Academy & Spa,Saint Petersburg,FL,"Saint Petersburg, FL",965,1090,1027,20,23,22,18900,Private University,Rolling,2.64,80,6.5,1,1104-2112,22,https://www.genesiscareer.edu/loraines-academy-spa-st-petersburg-fl/,0
Loras College,Dubuque,IA,"Dubuque, IA",1000,1140,1070,21,25,23,39800,Private University,1-Feb,3.08,80,6.5,1,5587-14694,26,http://loras.edu/,2.75
Lorenzo Walker Technical College,Naples,FL,"Naples, FL",1060,1240,1150,23,27,25,23500,Public University,Rolling,3.26,79,6.5,1,1104-2112,22,https://lwtc.edu/,0
Los Angeles City College,Los Angeles,CA,"Los Angeles, CA",855,965,910,17,20,18,10600,Public Community College,Rolling,3.17,61,5.5,1,7292-13569,33,http://lacitycollege.edu/,0
Los Angeles County College of Nursing and Allied Health,Los Angeles,CA,"Los Angeles, CA",820,950,885,17,20,18,10500,Public Community College,Rolling,3.17,61,5.5,1,1104-2112,22,https://dhs.lacounty.gov/college-of-nursing-and-allied-health/,0
Los Angeles Harbor College,Wilmington,CA,"Wilmington, CA",815,940,877,16,20,18,10600,Public Community College,Rolling,3.17,61,5.5,1,5399-12950,29,http://lahc.edu/,0
Los Angeles Mission College,Sylmar,CA,"Sylmar, CA",1070,1210,1140,23,26,24,10600,Public University,1-Feb,3.18,79,6.5,1,5455-12345,27,http://lamission.edu/,2.75
Los Angeles Pierce College,Woodland Hills,CA,"Woodland Hills, CA",865,990,927,18,21,20,10600,Public Community College,Rolling,3.17,61,5.5,1,1104-2112,22,https://www.lapc.edu/,0
Los Angeles Southwest College,Los Angeles,CA,"Los Angeles, CA",840,965,902,17,20,18,10600,Public Community College,Rolling,3.17,61,5.5,1,6526-11356,33,http://lasc.edu/,0
Los Angeles Trade Technical College,Los Angeles,CA,"Los Angeles, CA",815,945,880,16,20,18,10600,Public Community College,Rolling,3.17,61,5.5,1,1104-2112,22,https://www.lattc.edu/,0
Los Angeles Valley College,Valley Glen,CA,"Valley Glen, CA",1070,1230,1140,23,27,25,10600,Public University,1-Mar,3.19,79,6.5,1,7465-11560,33,http://lavc.edu/,2.75
Los Medanos College,Pittsburg,CA,"Pittsburg, CA",835,980,907,17,21,19,10300,Public Community College,Rolling,3.17,61,5.5,1,5850-14721,28,http://losmedanos.edu/,0
Louisiana Academy of Beauty,Eunice,LA,"Eunice, LA",960,1085,1022,20,23,22,18400,Private University,Rolling,2.59,80,6.5,1,1104-2112,22,https://www.louisianaacademyofbeauty.com/,0
Louisiana Christian University,Pineville,LA,"Pineville, LA",1060,1240,1150,23,27,25,20300,Private University,1-Jan,3.24,80,6.5,1,1104-2112,22,https://www.lcuniversity.edu/,2.75
Louisiana State University Health Sciences Center-New Orleans,New Orleans,LA,"New Orleans, LA",1060,1200,1130,23,26,24,20600,Public University,15-Jan,3.1,79,6.5,1,1104-2112,22,https://www.lsuhsc.edu/,2.75
Louisiana State University and Agricultural & Mechanical College,Baton Rouge,LA,"Baton Rouge, LA",1180,1340,1260,24,30,27,28600,Public University,15-Jan,3.36,84,6.5,1,1104-2112,22,https://www.lsu.edu/,3
Louisiana State University-Alexandria,Alexandria,LA,"Alexandria, LA",970,1220,1100,17,22,20,14600,Public University,15-Jan,3.03,79,6.5,1,1104-2112,22,https://www.lsua.edu/,2.75
Louisiana State University-Eunice,Eunice,LA,"Eunice, LA",845,980,912,17,21,19,10100,Public Community College,Rolling,3.17,61,5.5,1,1104-2112,22,https://www.lsue.edu/,0
Louisiana State University-Shreveport,Shreveport,LA,"Shreveport, LA",1000,1200,1100,18,24,21,7500,Public University,15-Jan,3.04,79,6.5,1,1104-2112,22,https://www.lsus.edu/,2.75
Louisiana Tech University,Ruston,LA,"Ruston, LA",1100,1310,1200,21,27,24,16900,Public University,Rolling,3.34,80,6.5,1,4974-10334,18,http://latech.edu/,3
Louisville Presbyterian Theological Seminary,Louisville,KY,"Louisville, KY",1110,1250,1170,24,27,26,37700,Private University,1-Jan,3.27,80,6.5,1,1104-2112,22,https://www.lpts.edu/,2.75
Lowell Academy Hairstyling Institute,Lowell,MA,"Lowell, MA",950,1050,1000,20,22,21,19200,Private University,Rolling,2.68,80,6.5,1,1104-2112,22,https://www.lowellacademy.com/,0
Loyola Marymount University,Los Angeles,CA,"Los Angeles, CA",1260,1430,1340,28,32,30,62400,Private University,1-Jan,3.6,84,6.5,1,6308-17466,31,http://lmu.edu/,3.3
Loyola University Chicago,Chicago,IL,"Chicago, IL",1170,1360,1260,27,32,30,53700,Private University,1-Jan,3.39,84,6.5,1,4539-10852,16,http://luc.edu/,3
Loyola University Maryland,Baltimore,MD,"Baltimore, MD",1200,1370,1280,28,32,30,57200,Private University,1-Jan,3.44,84,6.5,1,2035-7532,25,http://loyola.edu/,3
Loyola University New Orleans,New Orleans,LA,"New Orleans, LA",990,1130,1060,21,24,22,49400,Private University,1-Jan,3,80,6.5,1,2494-4895,19,http://loyno.edu/,2.75
Lu Ross Academy,Ventura,CA,"Ventura, CA",930,1065,997,19,23,21,18100,Private University,Rolling,2.67,80,6.5,1,1104-2112,22,https://www.lurossacademy.com/,0
Lurleen B Wallace Community College,Andalusia,AL,"Andalusia, AL",855,1000,927,17,21,19,9100,Public Community College,Rolling,3.17,61,5.5,1,1104-2112,22,https://www.lbwcc.edu/,0
Luther College,Decorah,IA,"Decorah, IA",1080,1410,1240,22,29,26,52100,Private University,15-Jan,3.35,80,6.5,1,5800-15037,37,http://luther.edu/,3
Luther Rice College & Seminary,Lithonia,GA,"Lithonia, GA",1010,1150,1080,21,25,23,11300,Private University,1-Jan,3.06,80,6.5,1,1104-2112,22,https://www.lutherrice.edu/,2.75
Luther Seminary,Saint Paul,MN,"Saint Paul, MN",1070,1220,1160,23,27,25,34800,Private University,1-Jan,3.2,80,6.5,1,3755-7501,17,http://luthersem.edu/,2.75
Lutheran School of Theology at Chicago,Chicago,IL,"Chicago, IL",1080,1250,1170,23,27,25,35500,Private University,1-Feb,3.23,80,6.5,1,1104-2112,22,https://www.lstc.edu/,2.75
Lyle's College of  Beauty,Fresno,CA,"Fresno, CA",940,1065,1002,20,23,22,17800,Private University,Rolling,2.43,80,6.5,1,1104-2112,22,https://lylescolleges.com/,0
Lyle's College of Beauty,Bakersfield,CA,"Bakersfield, CA",940,1050,995,20,22,21,18800,Private University,Rolling,2.53,80,6.5,1,1104-2112,22,https://lylescolleges.com/,0
Lynn University,Boca Raton,FL,"Boca Raton, FL",1040,1200,1120,21,26,24,44500,Private University,1-Feb,3.19,79,6.5,1,4951-8125,22,http://lynn.edu/,2.75
Lyon College,Batesville,AR,"Batesville, AR",1120,1260,1190,24,28,26,31000,Private University,15-Jan,3.29,80,6.5,1,7150-15253,32,http://lyon.edu/,2.75
Lytles Redwood Empire Beauty College,Santa Rosa,CA,"Santa Rosa, CA",950,1070,1010,20,23,22,17400,Private University,Rolling,2.63,80,6.5,1,1104-2112,22,https://www.lytlesrebc.edu/,0
M J Murphy Beauty College of Mount Pleasant,Mount Pleasant,MI,"Mount Pleasant, MI",975,1095,1035,20,23,22,19400,Private University,Rolling,2.56,80,6.5,1,1104-2112,22,https://mjmbc.net/,0
MCPHS University,Boston,MA,"Boston, MA",1160,1420,1290,26,30,28,40500,Private University,1-Jan,3.42,84,6.5,1,1104-2112,22,https://www.mcphs.edu/,3
MGH Institute of Health Professions,Boston,MA,"Boston, MA",1090,1250,1170,23,27,25,38200,Private University,15-Jan,3.28,80,6.5,1,3342-7875,24,http://mghihp.edu/,2.75
MTI College,Sacramento,CA,"Sacramento, CA",865,980,922,18,21,20,9700,Public Community College,Rolling,3.17,61,5.5,1,1104-2112,22,https://campus.edu/,0
Macalester College,Saint Paul,MN,"Saint Paul, MN",1350,1510,1430,30,34,32,68100,Private University,15-Jan,3.8,90,7,1,7644-16237,30,http://macalester.edu/,3.3
Macomb Community College,Warren,MI,"Warren, MI",860,1000,930,18,21,20,8400,Public Community College,Rolling,3.17,61,5.5,1,1078-2232,10,http://macomb.edu/,0
Madisonville Community College,Madisonville,KY,"Madisonville, KY",835,960,897,17,20,18,6400,Public Community College,1-Aug,3.17,61,5.5,1,1104-2112,22,https://madisonville.kctcs.edu/,0
Madonna University,Livonia,MI,"Livonia, MI",880,1080,980,12,18,15,28400,Private University,1-Feb,2.81,71,6,1,1104-2112,22,https://www.madonna.edu/,2.75
Maharishi International University,Fairfield,IA,"Fairfield, IA",1000,1150,1070,21,25,23,16500,Private University,1-Feb,3.04,80,6.5,1,1104-2112,22,https://www.miu.edu/,2.75
Maine College of Art & Design,Portland,ME,"Portland, ME",1060,1230,1150,23,27,25,42900,Private University,1-Jan,3.23,80,6.5,1,1104-2112,22,https://www.meca.edu/,2.75
Maine College of Health Professions,Lewiston,ME,"Lewiston, ME",1060,1220,1130,23,27,25,21000,Private University,1-Jan,3.13,80,6.5,1,1104-2112,22,https://www.mchp.edu/,2.75
Maine Maritime Academy,Castine,ME,"Castine, ME",1100,1260,1180,21,26,24,31100,Public University,Rolling,3.24,80,6.5,1,2718-8211,16,http://mainemaritime.edu/,3
Manatee Technical College,Bradenton,FL,"Bradenton, FL",815,940,877,16,20,18,9500,Public Community College,1-Aug,3.17,61,5.5,1,1104-2112,22,https://www.manateetech.edu/,0
Manchester Community College,Manchester,NH,"Manchester, NH",840,990,915,17,21,19,15300,Public Community College,Rolling,3.17,61,5.5,1,1332-2432,12,http://mccnh.edu/,0
Manchester University,North Manchester,IN,"North Manchester, IN",1110,1230,1170,24,27,26,37100,Private University,15-Jan,3.29,80,6.5,1,3126-9127,23,http://manchester.edu/,2.75
Manhattan Area Technical College,Manhattan,KS,"Manhattan, KS",835,970,902,17,20,18,9800,Public Community College,1-Aug,3.17,61,5.5,1,1104-2112,22,https://manhattantech.edu/,0
Manhattan Christian College,Manhattan,KS,"Manhattan, KS",950,1090,1020,18,24,21,19100,Private University,1-Jan,2.98,71,6,1,1104-2112,22,https://www.mccks.edu/,2.75
Margaret H Rollins School of Nursing at Beebe Medical Center,Lewes,DE,"Lewes, DE",1080,1240,1170,23,27,25,36800,Private University,1-Feb,3.26,80,6.5,1,1104-2112,22,https://www.beebehealthcare.org/school-nursing,0
Marian University,Indianapolis,IN,"Indianapolis, IN",980,1130,1050,21,24,22,40700,Private University,15-Jan,2.97,80,6.5,1,1104-2112,22,https://www.marian.edu/,2.75
Marion Military Institute,Marion,AL,"Marion, AL",810,930,870,16,19,18,15500,Public Community College,Rolling,3.17,61,5.5,1,1104-2112,22,https://www.marionmilitary.edu/,0
Marshall B Ketchum University,Fullerton,CA,"Fullerton, CA",1070,1230,1160,23,27,25,35000,Private University,15-Jan,3.2,80,6.5,1,1104-2112,22,https://www.ketchum.edu/,2.75
Marshalltown Community College,Marshalltown,IA,"Marshalltown, IA",815,965,890,16,20,18,6500,Public Community College,Rolling,3.17,61,5.5,1,1104-2112,22,https://mcc.iavalley.edu/,0
Martin Luther College,New Ulm,MN,"New Ulm, MN",1020,1160,1090,21,28,24,18100,Private University,1-Feb,3.04,79,6.5,1,1104-2112,22,https://www.mlc-wels.edu/,2.75
Martin University,Indianapolis,IN,"Indianapolis, IN",1100,1220,1160,24,27,26,13200,Private University,15-Jan,3.2,80,6.5,1,1104-2112,22,https://www.martin.edu/,2.75
Maryland Beauty Academy of Essex,Baltimore,MD,"Baltimore, MD",965,1075,1020,20,23,22,17100,Private University,Rolling,2.46,80,6.5,1,1104-2112,22,https://www.baltimorestudio.com/,0
Maryland Institute College of Art,Baltimore,MD,"Baltimore, MD",1080,1300,1190,25,33,29,56800,Private University,15-Jan,3.31,80,6.5,1,7449-14371,29,http://mica.edu/,3
Maryland University of Integrative Health,Laurel,MD,"Laurel, MD",1090,1240,1170,23,27,25,37200,Private University,15-Jan,3.26,80,6.5,1,3464-8481,22,http://muih.edu/,2.75
Maryville University of Saint Louis,Saint Louis,MO,"Saint Louis, MO",980,1130,1050,21,24,22,27200,Private University,15-Jan,2.97,80,6.5,1,1104-2112,22,https://www.maryville.edu/,2.75
Massachusetts Bay Community College,Wellesley Hills,MA,"Wellesley Hills, MA",820,930,875,17,19,18,10800,Public Community College,Rolling,3.17,61,5.5,1,1104-2112,22,https://www.massbay.edu/,0
Massachusetts College of Art and Design,Boston,MA,"Boston, MA",1020,1170,1100,22,25,24,43400,Public University,1-Mar,3.04,79,6.5,1,7780-16537,38,http://massart.edu/,2.75
Massachusetts College of Liberal Arts,North Adams,MA,"North Adams, MA",990,1140,1060,21,25,23,21400,Public University,1-Mar,2.96,79,6.5,1,1104-2112,22,https://www.mcla.edu/,2.75
Massachusetts Institute of Technology,Cambridge,MA,"Cambridge, MA",1520,1580,1550,34,36,35,62400,Private University,1-Feb,4.02,90,6.5,1,4235-7690,23,http://mit.edu/,3.5
Massachusetts Maritime Academy,Buzzards Bay,MA,"Buzzards Bay, MA",980,1120,1060,21,24,22,23700,Public University,1-Mar,3,79,6.5,1,5992-12690,20,http://maritime.edu/,2.75
Massachusetts School of Barbering,Quincy,MA,"Quincy, MA",930,1065,997,19,23,21,17500,Private University,Rolling,2.76,80,6.5,1,1104-2112,22,https://massschoolofbarbering.com/,0
Massasoit Community College,Brockton,MA,"Brockton, MA",845,955,900,17,20,18,10300,Public Community College,Rolling,3.17,61,5.5,1,1104-2112,22,https://www.massasoit.edu/,0
Mayo Clinic College of Medicine and Science,Rochester,MN,"Rochester, MN",1200,1360,1270,26,30,28,3300,Private University,1-Jan,3.46,80,6.5,1,1104-2112,22,https://college.mayo.edu/,3
Maysville Community and Technical College,Maysville,KY,"Maysville, KY",845,1000,922,17,21,19,6400,Public Community College,1-Aug,3.17,61,5.5,1,1104-2112,22,https://maysville.kctcs.edu/,0
McCormick Theological Seminary,Chicago,IL,"Chicago, IL",1090,1240,1170,23,27,25,38100,Private University,1-Jan,3.28,80,6.5,1,1104-2112,22,https://www.mccormick.edu/,2.75
McDaniel College,Westminster,MD,"Westminster, MD",1070,1200,1140,23,26,24,52100,Private University,1-Feb,3.13,80,6.5,1,8978-16034,40,http://mcdaniel.edu/,2.75
McHenry County College,Crystal Lake,IL,"Crystal Lake, IL",820,940,880,17,20,18,14400,Public Community College,1-Aug,3.17,61,5.5,1,8912-19638,33,http://mchenry.edu/,0
McKendree University,Lebanon,IL,"Lebanon, IL",1100,1250,1180,24,27,26,34700,Private University,1-Jan,3.32,80,6.5,1,5121-16879,29,http://mckendree.edu/,2.75
McNeese State University,Lake Charles,LA,"Lake Charles, LA",940,1200,1070,18,23,20,10000,Public University,1-Feb,3.02,79,6.5,1,1104-2112,22,https://www.mcneese.edu/,2.75
McPherson College,McPherson,KS,"McPherson, KS",960,1200,1080,18,23,20,37300,Private University,15-Jan,3.12,79,6.5,1,8476-19484,40,http://mcpherson.edu/,2.75
Meadville Theological School of Lombard College,Chicago,IL,"Chicago, IL",1120,1260,1180,24,28,26,38600,Private University,1-Jan,3.31,80,6.5,1,1104-2112,22,https://www.meadville.edu/,2.75
Mendocino College,Ukiah,CA,"Ukiah, CA",850,980,915,17,21,19,10000,Public Community College,Rolling,3.17,61,5.5,1,1104-2112,22,https://www.mendocino.edu/,0
Menlo College,Atherton,CA,"Atherton, CA",1130,1300,1220,24,29,26,53600,Private University,15-Jan,3.38,80,6.5,1,1104-2112,22,https://www.menlo.edu/,2.75
Merced College,Merced,CA,"Merced, CA",860,1010,935,18,21,20,8500,Public Community College,1-Aug,3.17,61,5.5,1,1104-2112,22,https://www.mccd.edu/,0
Mercer County Community College,West Windsor,NJ,"West Windsor, NJ",830,955,892,17,20,18,9200,Public Community College,Rolling,3.17,61,5.5,1,1104-2112,22,https://www.mccc.edu/,0
Mercer University,Macon,GA,"Macon, GA",1160,1350,1260,25,31,28,42300,Private University,1-Jan,3.38,84,6.5,1,3316-9146,17,http://mercer.edu/,3
Mercy College of Health Sciences,Des Moines,IA,"Des Moines, IA",910,1050,980,16,21,18,17700,Private University,1-Jan,2.84,71,6,1,1104-2112,22,https://www.mchs.edu/,2.75
Meridian Community College,Meridian,MS,"Meridian, MS",855,990,922,17,21,19,6500,Public Community College,1-Aug,3.17,61,5.5,1,1104-2112,22,https://www.meridiancc.edu/,0
Merrimack College,North Andover,MA,"North Andover, MA",1140,1300,1220,25,29,27,54000,Private University,1-Feb,3.38,80,6.5,1,8968-16602,37,http://merrimack.edu/,2.75
Merritt College,Oakland,CA,"Oakland, CA",840,995,917,17,21,19,9900,Public Community College,Rolling,3.17,61,5.5,1,1104-2112,22,https://www.merritt.edu/,0
Merryfield Academy,Oakland Park,FL,"Oakland Park, FL",945,1050,997,20,22,21,18700,Private University,Rolling,2.55,80,6.5,1,1104-2112,22,https://www.merryfield.edu/,0
Mesa Community College,Mesa,AZ,"Mesa, AZ",1060,1230,1140,23,27,25,9000,Public University,1-Feb,3.18,79,6.5,1,1532-2979,16,http://mesacc.edu/,2.75
Mesalands Community College,Tucumcari,NM,"Tucumcari, NM",845,980,912,17,21,19,3400,Public Community College,1-Aug,3.17,61,5.5,1,1104-2112,22,https://www.mesalands.edu/,0
Methodist College,Peoria,IL,"Peoria, IL",1160,1320,1240,25,29,27,18000,Private University,15-Jan,3.33,80,6.5,1,1104-2112,22,https://www.methodistcol.edu/,3
Metropolitan College of New York,New York,NY,"New York, NY",1020,1170,1100,22,25,24,20200,Private University,1-Feb,3.14,80,6.5,1,5303-14553,36,http://mcny.edu/,2.75
Metropolitan Community College Area,Omaha,NE,"Omaha, NE",815,940,877,16,20,18,5000,Public Community College,1-Aug,3.17,61,5.5,1,1104-2112,22,https://www.mccneb.edu/,0
Metropolitan Community College-Kansas City,Kansas City,MO,"Kansas City, MO",845,965,905,17,20,18,9600,Public Community College,1-Aug,3.17,61,5.5,1,1104-2112,22,https://www.mcckc.edu/,0
Metropolitan State University,Saint Paul,MN,"Saint Paul, MN",950,1090,1020,16,21,18,9800,Public University,15-Jan,2.93,71,6,1,3703-9411,19,http://metrostate.edu/,2.75
Metropolitan State University of Denver,Denver,CO,"Denver, CO",880,1130,1000,17,26,22,30700,Public University,15-Jan,2.9,71,6,1,4891-7205,17,http://msudenver.edu/,2.75
Miami Ad School-Atlanta,Atlanta,GA,"Atlanta, GA",830,975,902,17,20,18,19400,Public Community College,1-Aug,3.17,61,5.5,1,1104-2112,22,https://miamiadschool.com/locations/atlanta/,0
Miami Dade College,Miami,FL,"Miami, FL",1080,1220,1150,23,27,25,9700,Public University,30-Nov,3.24,79,6.5,1,6516-16471,38,http://mdc.edu/,2.75
Miami Lakes Educational Center and Technical College,Miami Lakes,FL,"Miami Lakes, FL",835,970,902,17,20,18,9700,Public Community College,Rolling,3.17,61,5.5,1,1104-2112,22,https://miamilakes.edu/,0
Michigan Career and Technical Institute,Plainwell,MI,"Plainwell, MI",1070,1220,1130,23,27,25,12400,Public University,1-Feb,3.13,79,6.5,1,1104-2112,22,https://www.michigan.gov/MCTI,0
Michigan College of Beauty-Monroe,Monroe,MI,"Monroe, MI",965,1095,1030,20,23,22,17300,Private University,Rolling,2.57,80,6.5,1,1104-2112,22,https://michigancollegebeauty.com/,0
Michigan School of Psychology,Farmington Hills,MI,"Farmington Hills, MI",1080,1250,1160,23,27,25,34300,Private University,1-Feb,3.19,80,6.5,1,1104-2112,22,https://msp.edu/,2.75
Michigan State University,East Lansing,MI,"East Lansing, MI",1180,1360,1270,25,31,28,43800,Public University,1-Feb,3.39,84,6.5,1,3654-5977,19,http://msu.edu/,3
Michigan Technological University,Houghton,MI,"Houghton, MI",1130,1350,1240,25,31,28,43000,Public University,30-Nov,3.34,80,6.5,1,5554-7702,16,http://mtu.edu/,3
Mid Michigan College,Harrison,MI,"Harrison, MI",820,930,875,17,19,18,10900,Public Community College,Rolling,3.17,61,5.5,1,1104-2112,22,https://www.midmich.edu/,0
Mid-America College of Funeral Service,Jeffersonville,IN,"Jeffersonville, IN",1100,1250,1170,24,27,26,19000,Private University,1-Feb,3.26,80,6.5,1,1104-2112,22,https://www.mid-america.edu/,2.75
Mid-Plains Community College,North Platte,NE,"North Platte, NE",850,985,917,17,21,19,4500,Public Community College,1-Aug,3.17,61,5.5,1,1088-1912,13,http://mpcc.edu/,0
MidAmerica Nazarene University,Olathe,KS,"Olathe, KS",950,1090,1020,17,23,20,37200,Private University,15-Jan,2.91,71,6,1,1104-2112,22,https://www.mnu.edu/,2.75
Middlebury Institute of International Studies at Monterey,Monterey,CA,"Monterey, CA",1110,1260,1180,24,28,26,38900,Private University,15-Jan,3.32,80,6.5,1,1104-2112,22,https://www.middlebury.edu/institute/,2.75
Middlesex College,Edison,NJ,"Edison, NJ",820,930,875,17,19,18,7400,Public Community College,1-Aug,3.17,61,5.5,1,1104-2112,22,https://www.middlesexcollege.edu/,0
Middlesex Community College,Bedford,MA,"Bedford, MA",820,950,885,17,20,18,12100,Public Community College,Rolling,3.17,61,5.5,1,1771-3386,10,http://mxcc.edu/,0
Midland University,Fremont,NE,"Fremont, NE",960,1170,1070,17,23,20,42000,Private University,1-Jan,2.97,79,6.5,1,1104-2112,22,https://www.midlandu.edu/,2.75
Midway University,Midway,KY,"Midway, KY",1100,1170,1140,20,25,22,27200,Private University,15-Jan,3.15,79,6.5,1,1104-2112,22,https://www.midway.edu/,2.75
Midwest Institute,Earth City,MO,"Earth City, MO",825,965,895,17,20,18,9500,Public Community College,Rolling,3.17,61,5.5,1,1104-2112,22,https://midwestinstitute.com/,0
Midwestern Baptist Theological Seminary,Kansas City,MO,"Kansas City, MO",990,1140,1080,21,25,23,10100,Private University,15-Jan,3.09,80,6.5,1,1104-2112,22,https://www.mbts.edu/,2.75
Midwestern University-Downers Grove,Downers Grove,IL,"Downers Grove, IL",1100,1270,1180,24,28,26,38900,Private University,1-Jan,3.32,80,6.5,1,1104-2112,22,https://www.midwestern.edu/,2.75
Milan Institute-Visalia,Visalia,CA,"Visalia, CA",940,1040,990,20,22,21,18700,Private University,Rolling,2.6,80,6.5,1,1104-2112,22,https://www.milaninstitute.edu/,0
Miles College,Fairfield,AL,"Fairfield, AL",1100,1250,1170,24,27,26,13300,Private University,15-Jan,3.28,80,6.5,1,1104-2112,22,https://www.miles.edu/,2.75
Miles Community College,Miles City,MT,"Miles City, MT",835,975,905,17,20,18,10600,Public Community College,Rolling,3.17,61,5.5,1,1315-2179,16,http://milescc.edu/,0
Miller-Motte College-Arizona Automotive Institute,Glendale,AZ,"Glendale, AZ",855,965,910,17,20,18,9600,Public Community College,Rolling,3.17,61,5.5,1,1104-2112,22,https://www.aai.edu/,0
Millikin University,Decatur,IL,"Decatur, IL",860,1130,1000,18,25,22,26900,Private University,15-Jan,2.84,71,6,1,1104-2112,22,https://millikin.edu/,2.75
Millsaps College,Jackson,MS,"Jackson, MS",1020,1150,1090,21,28,24,44700,Private University,1-Jan,3.06,79,6.5,1,1104-2112,22,https://www.millsaps.edu/,2.75
Mineral Area College,Park Hills,MO,"Park Hills, MO",825,955,890,17,20,18,8600,Public Community College,Rolling,3.17,61,5.5,1,8240-19263,38,http://mineralarea.edu/,0
Minneapolis College of Art and Design,Minneapolis,MN,"Minneapolis, MN",1130,1340,1240,21,29,25,45500,Private University,1-Jan,3.36,80,6.5,1,1104-2112,22,https://mcad.edu/,3
Minneapolis Community and Technical College,Minneapolis,MN,"Minneapolis, MN",840,965,902,17,20,18,6200,Public Community College,Rolling,3.17,61,5.5,1,1104-2112,22,https://www.minneapolis.edu/,0
Minnesota North College,Hibbing,MN,"Hibbing, MN",850,970,910,17,20,18,6000,Public Community College,1-Aug,3.17,61,5.5,1,1104-2112,22,https://minnesotanorth.edu/,0
Minnesota State College Southeast,Winona,MN,"Winona, MN",845,970,907,17,20,18,6400,Public Community College,Rolling,3.17,61,5.5,1,1104-2112,22,https://www.southeastmn.edu/,0
Minnesota State Community and Technical College,Fergus Falls,MN,"Fergus Falls, MN",850,1000,925,17,21,19,5900,Public Community College,Rolling,3.17,61,5.5,1,1104-2112,22,https://www.minnesota.edu/,0
Minnesota State University Moorhead,Moorhead,MN,"Moorhead, MN",1020,1160,1090,18,25,22,10400,Public University,Rolling,3.04,79,6.5,1,4411-11272,16,http://mnstate.edu/,2.75
Minnesota State University-Mankato,Mankato,MN,"Mankato, MN",1080,1220,1150,21,25,23,18900,Public University,Rolling,3.16,80,6.5,1,1104-2112,22,https://mnsu.edu/,3
Minnesota West Community and Technical College,Granite Falls,MN,"Granite Falls, MN",850,1000,925,17,21,19,6500,Public Community College,1-Aug,3.17,61,5.5,1,1104-2112,22,https://www.mnwest.edu/,0
MiraCosta College,Oceanside,CA,"Oceanside, CA",1080,1230,1150,23,27,25,9800,Public University,1-Mar,3.24,79,6.5,1,8011-17227,34,http://miracosta.edu/,2.75
Mission College,Santa Clara,CA,"Santa Clara, CA",810,955,882,16,20,18,12500,Public Community College,Rolling,3.17,61,5.5,1,1104-2112,22,https://www.missioncollege.edu/,0
Mission University,Springfield,MO,"Springfield, MO",1090,1230,1160,23,27,25,17000,Private University,15-Jan,3.19,80,6.5,1,1104-2112,22,https://www.mission.edu/,2.75
Mississippi College,Clinton,MS,"Clinton, MS",1020,1160,1090,19,25,22,23500,Private University,1-Jan,3.13,79,6.5,1,1104-2112,22,https://www.mc.edu/,2.75
Mississippi Delta Community College,Moorhead,MS,"Moorhead, MS",830,980,905,17,21,19,3500,Public Community College,Rolling,3.17,61,5.5,1,1104-2112,22,https://www.msdelta.edu/,0
Mississippi Gulf Coast Community College,Perkinston,MS,"Perkinston, MS",835,945,890,17,20,18,7800,Public Community College,Rolling,3.17,61,5.5,1,1674-3375,11,http://mgccc.edu/,0
Mississippi State University,Mississippi State,MS,"Mississippi State, MS",1100,1350,1220,21,29,25,27600,Public University,Rolling,3.38,80,6.5,1,4653-6787,15,http://mssstate.edu/,3
Mississippi University for Women,Columbus,MS,"Columbus, MS",1020,1160,1090,17,24,20,8500,Public University,15-Jan,3.11,79,6.5,1,1104-2112,22,https://www.muw.edu/,2.75
Mississippi Valley State University,Itta Bena,MS,"Itta Bena, MS",800,940,870,13,17,15,7700,Public University,1-Feb,2.65,73,6,1,1104-2112,22,https://www.mvsu.edu/,2.75
Missouri Baptist University,Saint Louis,MO,"Saint Louis, MO",840,980,910,12,18,15,34600,Private University,15-Jan,2.68,78,6,1,1104-2112,22,https://www.mobap.edu/,2.75
Missouri College of Cosmetology and Esthetics,Jefferson City,MO,"Jefferson City, MO",930,1050,990,19,22,20,18200,Private University,Rolling,2.71,80,6.5,1,1104-2112,22,https://merrelluniversity.edu/,0
Missouri Southern State University,Joplin,MO,"Joplin, MO",1150,1420,1280,17,24,20,17100,Public University,Rolling,3.46,84,6.5,1,1104-2112,22,https://www.mssu.edu/,3
Missouri State University-Springfield,Springfield,MO,"Springfield, MO",1020,1270,1140,19,26,22,18800,Public University,1-Feb,3.17,79,6.5,1,1104-2112,22,https://www.missouristate.edu/,2.75
Missouri State University-West Plains,West Plains,MO,"West Plains, MO",840,965,902,17,20,18,8100,Public Community College,Rolling,3.17,61,5.5,1,1104-2112,22,https://wp.missouristate.edu/,0
Missouri University of Science and Technology,Rolla,MO,"Rolla, MO",1190,1420,1300,25,31,28,33200,Public University,15-Jan,3.56,84,6.5,1,2602-4853,20,http://mst.edu/,3.3
Missouri Valley College,Marshall,MO,"Marshall, MO",900,1120,1000,16,20,18,23700,Private University,15-Jan,2.97,71,6,1,8160-18476,28,http://moval.edu/,2.75
Missouri Western State University,Saint Joseph,MO,"Saint Joseph, MO",1060,1210,1130,23,26,24,20900,Public University,30-Nov,3.13,79,6.5,1,1104-2112,22,https://www.missouriwestern.edu/,2.75
Mitchell College,New London,CT,"New London, CT",980,1130,1050,21,24,22,40500,Private University,15-Jan,2.97,80,6.5,1,1104-2112,22,https://www.mitchell.edu/,2.75
Mitchell Hamline School of Law,Saint Paul,MN,"Saint Paul, MN",1100,1230,1160,24,27,26,34800,Private University,1-Feb,3.2,80,6.5,1,1104-2112,22,https://www.mitchellhamline.edu/,2.75
Moberly Area Community College,Moberly,MO,"Moberly, MO",820,970,895,17,20,18,8600,Public Community College,Rolling,3.17,61,5.5,1,1104-2112,22,https://www.macc.edu/,0
Model College of Hair Design,Saint Cloud,MN,"Saint Cloud, MN",945,1055,1000,20,22,21,17500,Private University,Rolling,2.47,80,6.5,1,1104-2112,22,https://www.modelcollegeofhairdesign.com/,0
Modern Beauty Academy,Oxnard,CA,"Oxnard, CA",945,1070,1007,20,23,22,18500,Private University,Rolling,2.59,80,6.5,1,1104-2112,22,https://www.modernbeautyacademy.org/,0
Modesto Junior College,Modesto,CA,"Modesto, CA",1060,1210,1130,23,26,24,9300,Public University,1-Mar,3.11,79,6.5,1,8092-12130,30,http://mjc.edu/,2.75
Mohave Community College,Kingman,AZ,"Kingman, AZ",860,980,920,18,21,20,8000,Public Community College,Rolling,3.17,61,5.5,1,1104-2112,22,https://www.mohave.edu/,0
Moler Barber College,Oakland,CA,"Oakland, CA",940,1040,990,20,22,21,19200,Private University,Rolling,2.75,80,6.5,1,1104-2112,22,https://moler.org/,0
Monmouth College,Monmouth,IL,"Monmouth, IL",1000,1210,1100,20,27,24,44900,Private University,1-Feb,3.1,79,6.5,1,8156-20015,31,http://monmouthcollege.edu/,2.75
Monmouth University,West Long Branch,NJ,"West Long Branch, NJ",1140,1310,1220,24,29,26,46600,Private University,1-Jan,3.32,80,6.5,1,8909-20184,34,http://monmouth.edu/,3
Monroe County Community College,Monroe,MI,"Monroe, MI",850,955,902,17,20,18,8300,Public Community College,Rolling,3.17,61,5.5,1,1524-3077,15,http://monroeccc.edu/,0
Montana State University,Bozeman,MT,"Bozeman, MT",1060,1280,1180,21,27,24,33300,Public University,1-Feb,3.24,80,6.5,1,3872-10164,15,http://montana.edu/,3
Montana State University Billings,Billings,MT,"Billings, MT",1050,1210,1140,22,26,24,22900,Public University,1-Feb,3.17,79,6.5,1,2092-7785,19,http://msubillings.edu/,2.75
Montana State University-Northern,Havre,MT,"Havre, MT",1060,1220,1140,23,27,25,21900,Public University,1-Feb,3.17,79,6.5,1,1104-2112,22,https://www.msun.edu/,2.75
Montana Technological University,Butte,MT,"Butte, MT",1040,1260,1150,19,25,22,26200,Public University,1-Feb,3.15,80,6.5,1,1104-2112,22,https://www.mtech.edu/,3
Montcalm Community College,Sidney,MI,"Sidney, MI",845,955,900,17,20,18,10400,Public Community College,1-Aug,3.17,61,5.5,1,1104-2112,22,https://www.montcalm.edu/,0
Montclair State University,Montclair,NJ,"Montclair, NJ",910,1210,1060,14,20,17,26000,Public University,30-Nov,2.97,79,6.5,1,2829-6210,23,http://montclair.edu/,2.75
Monterey Peninsula College,Monterey,CA,"Monterey, CA",855,995,925,17,21,19,10600,Public Community College,1-Aug,3.17,61,5.5,1,1104-2112,22,https://www.mpc.edu/,0
Montessori Education Center of the Rockies,Denver,CO,"Denver, CO",950,1100,1040,20,24,22,35300,Private University,1-Feb,2.97,80,6.5,1,1104-2112,22,https://www.mecr.edu/,2.75
Montgomery Beauty School,Silver Spring,MD,"Silver Spring, MD",935,1070,1002,19,23,21,18600,Private University,Rolling,2.64,80,6.5,1,1104-2112,22,https://www.montgomerybeautyschool.com/,0
Montgomery College,Rockville,MD,"Rockville, MD",810,935,872,16,19,18,14200,Public Community College,Rolling,3.17,61,5.5,1,6847-18570,34,http://montgomerycollege.edu/,0
Montserrat College of Art,Beverly,MA,"Beverly, MA",1090,1250,1170,23,27,25,40700,Private University,1-Jan,3.27,80,6.5,1,8310-12538,27,http://montserrat.edu/,2.75
Moody Bible Institute,Chicago,IL,"Chicago, IL",1010,1150,1080,21,25,23,15800,Private University,1-Feb,3.01,80,6.5,1,1104-2112,22,https://www.moody.edu/,2.75
Moorpark College,Moorpark,CA,"Moorpark, CA",1060,1230,1140,23,27,25,9600,Public University,30-Nov,3.16,79,6.5,1,1104-2112,22,https://www.moorparkcollege.edu/index.shtml,2.75
Moraine Valley Community College,Palos Hills,IL,"Palos Hills, IL",850,980,915,17,21,19,9800,Public Community College,Rolling,3.17,61,5.5,1,1621-3121,14,http://morainevalley.edu/,0
Morehead State University,Morehead,KY,"Morehead, KY",1100,1230,1160,24,27,26,15000,Public University,1-Mar,3.28,79,6.5,1,3677-9290,22,http://moreheadstate.edu/,2.75
Morehouse College,Atlanta,GA,"Atlanta, GA",1020,1160,1090,18,25,22,32900,Private University,15-Jan,3.03,79,6.5,1,8519-19399,30,http://morehouse.edu/,2.75
Morehouse School of Medicine,Atlanta,GA,"Atlanta, GA",1100,1240,1170,24,27,26,37300,Private University,1-Jan,3.27,80,6.5,1,5267-10489,21,http://msm.edu/,2.75
Morgan Community College,Fort  Morgan,CO,"Fort  Morgan, CO",1070,1220,1140,23,27,25,16900,Public University,1-Mar,3.15,79,6.5,1,1104-2112,22,https://www.morgancc.edu/,2.75
Morgan State University,Baltimore,MD,"Baltimore, MD",840,1070,960,16,21,18,19100,Public University,1-Mar,2.85,71,6,1,1104-2112,22,https://www.morgan.edu/,2.75
Morningside University,Sioux City,IA,"Sioux City, IA",1070,1230,1150,23,27,25,39700,Private University,15-Jan,3.2,80,6.5,1,1104-2112,22,https://www.morningside.edu/,2.75
Morris Brown College,Atlanta,GA,"Atlanta, GA",1080,1230,1160,23,27,25,9600,Private University,1-Jan,3.18,80,6.5,1,1104-2112,22,https://www.morrisbrown.edu/,2.75
Morrison Institute of Technology,Morrison,IL,"Morrison, IL",855,970,912,17,20,18,20400,Public Community College,Rolling,3.17,61,5.5,1,1104-2112,22,https://www.morrisontech.edu/,0
Morton College,Cicero,IL,"Cicero, IL",860,975,917,18,20,19,12400,Public Community College,Rolling,3.17,61,5.5,1,6820-17045,27,http://morton.edu/,0
Mott Community College,Flint,MI,"Flint, MI",835,965,900,17,20,18,11500,Public Community College,Rolling,3.17,61,5.5,1,1104-2112,22,https://www.mcc.edu/,0
Mount Holyoke College,South Hadley,MA,"South Hadley, MA",1380,1530,1460,32,35,34,67000,Private University,1-Jan,3.78,100,7,1,6233-15668,29,http://mtholyoke.edu/,3.5
Mount Mercy University,Cedar Rapids,IA,"Cedar Rapids, IA",1020,1160,1090,22,25,24,40900,Private University,1-Jan,3.03,80,6.5,1,1104-2112,22,https://www.mtmercy.edu/,2.75
Mount Saint Mary's University,Los Angeles,CA,"Los Angeles, CA",1100,1250,1170,24,27,26,49600,Private University,15-Jan,3.3,80,6.5,1,1104-2112,22,https://www.msmu.edu/,2.75
Mount Sinai Phillips School of Nursing,New York,NY,"New York, NY",1100,1250,1170,24,27,26,37400,Private University,15-Jan,3.27,80,6.5,1,1104-2112,22,https://www.pson.edu/,2.75
Mount St. Mary's University,Emmitsburg,MD,"Emmitsburg, MD",1050,1280,1160,19,27,23,48600,Private University,15-Jan,3.28,80,6.5,1,1104-2112,22,https://msmary.edu/,3
Mount Wachusett Community College,Gardner,MA,"Gardner, MA",820,930,875,17,19,18,11100,Public Community College,1-Aug,3.17,61,5.5,1,1104-2112,22,https://mwcc.edu/,0
Mt San Antonio College,Walnut,CA,"Walnut, CA",820,945,882,17,20,18,10500,Public Community College,Rolling,3.17,61,5.5,1,1104-2112,22,https://www.mtsac.edu/,0
Mt San Jacinto Community College District,San Jacinto,CA,"San Jacinto, CA",840,970,905,17,20,18,12700,Public Community College,1-Aug,3.17,61,5.5,1,1104-2112,22,https://www.msjc.edu/,0
Murray State University,Murray,KY,"Murray, KY",940,1170,1060,19,26,22,19800,Public University,30-Nov,3.06,79,6.5,1,5581-11208,22,http://murraystate.edu/,2.75
Musicians Institute,Hollywood,CA,"Hollywood, CA",975,1100,1037,20,24,22,34300,Private University,Rolling,2.74,80,6.5,1,1104-2112,22,https://www.mi.edu/,2.75
Muskegon Community College,Muskegon,MI,"Muskegon, MI",830,975,902,17,20,18,16000,Public Community College,Rolling,3.17,61,5.5,1,1104-2112,22,https://www.muskegoncc.edu/,0
NHTI-Concord's Community College,Concord,NH,"Concord, NH",860,985,922,18,21,20,15400,Public Community College,1-Aug,3.17,61,5.5,1,1104-2112,22,https://www.nhti.edu/,0
Napa Valley College,Napa,CA,"Napa, CA",815,925,870,16,19,18,11900,Public Community College,Rolling,3.17,61,5.5,1,6082-11414,37,http://napavalley.edu/,0
Naropa University,Boulder,CO,"Boulder, CO",960,1120,1030,20,24,22,36600,Private University,1-Jan,2.93,80,6.5,1,2400-5521,20,http://naropa.edu/,2.75
Nashua Community College,Nashua,NH,"Nashua, NH",860,1015,937,18,21,20,15400,Public Community College,Rolling,3.17,61,5.5,1,1768-2891,14,http://nashuacc.edu/,0
Nathan Layne Institute of Cosmetology,Chubbuck,ID,"Chubbuck, ID",945,1060,1002,20,23,22,19100,Private University,Rolling,2.67,80,6.5,1,1104-2112,22,https://www.nathanlayneinstitute.com/,0
National Aviation Academy of New England,Concord,MA,"Concord, MA",850,1005,927,17,21,19,9600,Public Community College,1-Aug,3.17,61,5.5,1,1104-2112,22,https://www.naa.edu/,0
National Conservatory of Dramatic Arts,Washington,DC,"Washington, DC",840,965,902,17,20,18,11600,Public Community College,Rolling,3.17,61,5.5,1,1104-2112,22,https://www.theconservatory.org/,0
National Holistic Institute,Emeryville,CA,"Emeryville, CA",965,1105,1035,20,24,22,18200,Private University,Rolling,2.73,80,6.5,1,1104-2112,22,https://www.nhi.edu/,0
National Louis University,Chicago,IL,"Chicago, IL",970,1150,1060,20,25,22,12700,Private University,1-Jan,3,80,6.5,1,3938-10076,19,http://nl.edu/,2.75
National Park College,Hot Springs,AR,"Hot Springs, AR",855,970,912,17,20,18,7300,Public Community College,Rolling,3.17,61,5.5,1,1104-2112,22,https://www.np.edu/,0
National University,San Diego,CA,"San Diego, CA",1080,1240,1160,23,27,25,13300,Private University,1-Jan,3.17,80,6.5,1,1104-2112,22,https://www.nu.edu/,2.75
National University of Health Sciences,Lombard,IL,"Lombard, IL",1100,1250,1170,24,27,26,37300,Private University,1-Jan,3.27,80,6.5,1,3372-9261,16,http://nuhs.edu/,2.75
Navajo Technical University,Crownpoint,NM,"Crownpoint, NM",1090,1220,1150,23,27,25,4300,Public University,Rolling,3.22,79,6.5,1,1104-2112,22,https://www.navajotech.edu/,2.75
Naval Postgraduate School,Monterey,CA,"Monterey, CA",1070,1230,1150,23,27,25,23200,Public University,1-Feb,3.25,79,6.5,1,3213-6859,18,http://nps.edu/,2.75
Nazarene Bible College,Colorado Springs,CO,"Colorado Springs, CO",1080,1240,1160,23,27,25,10500,Private University,15-Jan,3.2,80,6.5,1,1104-2112,22,https://www.nbc.edu/,2.75
Nazarene Theological Seminary,Kansas City,MO,"Kansas City, MO",1090,1220,1160,23,27,25,33600,Private University,1-Jan,3.17,80,6.5,1,4357-9132,19,http://nts.edu/,2.75
Nebraska College of Technical Agriculture,Curtis,NE,"Curtis, NE",835,990,912,17,21,19,5900,Public Community College,Rolling,3.17,61,5.5,1,1104-2112,22,https://ncta.unl.edu/,0
Nebraska Indian Community College,Macy,NE,"Macy, NE",1050,1230,1140,22,27,24,4100,Public University,Rolling,3.17,79,6.5,1,1104-2112,22,https://www.thenicc.edu/,2.75
Nebraska Methodist College of Nursing & Allied Health,Omaha,NE,"Omaha, NE",1060,1210,1140,23,26,24,17900,Private University,1-Jan,3.16,80,6.5,1,1104-2112,22,https://www.methodistcollege.edu/,2.75
Nebraska Wesleyan University,Lincoln,NE,"Lincoln, NE",1020,1290,1160,22,27,24,43600,Private University,1-Jan,3.25,80,6.5,1,1104-2112,22,https://www.nebrwesleyan.edu/,3
Neosho Beauty College,Neosho,MO,"Neosho, MO",935,1065,1000,19,23,21,16900,Private University,Rolling,2.43,80,6.5,1,1104-2112,22,https://neoshobeautycollege.com/,0
Neosho County Community College,Chanute,KS,"Chanute, KS",825,980,902,17,21,19,5800,Public Community College,Rolling,3.17,61,5.5,1,853-1530,16,http://neosho.edu/,0
Ner Israel Rabbinical College,Baltimore,MD,"Baltimore, MD",1060,1210,1140,23,26,24,10600,Private University,15-Jan,3.13,80,6.5,1,1104-2112,22,https://nirc.edu/,2.75
New Beginning College of Cosmetology,Albertville,AL,"Albertville, AL",965,1070,1017,20,23,22,17000,Private University,Rolling,2.63,80,6.5,1,1104-2112,22,https://www.nbccosmetology.com/,0
New Brunswick Theological Seminary,New Brunswick,NJ,"New Brunswick, NJ",1100,1260,1170,24,28,26,37800,Private University,1-Jan,3.28,80,6.5,1,1104-2112,22,https://www.nbts.edu/,2.75
New England College,Henniker,NH,"Henniker, NH",980,1110,1050,21,24,22,41900,Private University,1-Jan,2.95,80,6.5,1,8308-13846,38,http://nec.edu/,2.75
New England College of Optometry,Boston,MA,"Boston, MA",1110,1230,1170,24,27,26,37300,Private University,1-Jan,3.27,80,6.5,1,1104-2112,22,https://www.neco.edu/,2.75
New England Law-Boston,Boston,MA,"Boston, MA",1090,1240,1160,23,27,25,34700,Private University,15-Jan,3.19,80,6.5,1,1104-2112,22,https://www.nesl.edu/,2.75
New England Tractor Trailer Training School of Connecticut,Somers,CT,"Somers, CT",960,1075,1017,20,23,22,17400,Private University,Rolling,2.48,80,6.5,1,1104-2112,22,https://www.nettts.com/,0
New Jersey City University,Jersey City,NJ,"Jersey City, NJ",1000,1170,1080,21,25,23,14500,Public University,1-Feb,3.1,79,6.5,1,5493-9025,21,http://njcu.edu/,2.75
New Jersey Institute of Technology,Newark,NJ,"Newark, NJ",1210,1460,1340,27,34,30,37700,Public University,1-Feb,3.58,84,6.5,1,3386-7603,25,http://njit.edu/,3.3
New Mexico Highlands University,Las Vegas,NM,"Las Vegas, NM",1060,1200,1140,23,26,24,12300,Public University,30-Nov,3.19,79,6.5,1,3554-5887,25,http://nmhu.edu/,2.75
New Mexico Institute of Mining and Technology,Socorro,NM,"Socorro, NM",1080,1310,1200,20,29,24,27200,Public University,1-Feb,3.28,80,6.5,1,5265-9898,22,http://nmt.edu/,3
New Mexico Junior College,Hobbs,NM,"Hobbs, NM",840,980,910,17,21,19,2300,Public Community College,Rolling,3.17,61,5.5,1,1104-2112,22,https://www.nmjc.edu/,0
New Mexico Military Institute,Roswell,NM,"Roswell, NM",875,1010,942,18,21,20,14200,Public Community College,Rolling,3.17,61,5.5,1,1104-2112,22,https://www.nmmi.edu/,0
New Mexico State University-Alamogordo,Alamogordo,NM,"Alamogordo, NM",850,960,905,17,20,18,6100,Public Community College,Rolling,3.17,61,5.5,1,1104-2112,22,https://alamogordo.nmsu.edu/,0
New Mexico State University-Dona Ana,Las Cruces,NM,"Las Cruces, NM",860,980,920,18,21,20,6400,Public Community College,Rolling,3.17,61,5.5,1,1104-2112,22,https://dacc.nmsu.edu/,0
New Mexico State University-Grants,Grants,NM,"Grants, NM",840,995,917,17,21,19,4300,Public Community College,Rolling,3.17,61,5.5,1,1104-2112,22,https://grants.nmsu.edu/,0
New Mexico State University-Main Campus,Las Cruces,NM,"Las Cruces, NM",870,1110,990,17,24,20,25300,Public University,1-Feb,2.85,71,6,1,1104-2112,22,https://www.nmsu.edu/,2.75
New Orleans Baptist Theological Seminary,New Orleans,LA,"New Orleans, LA",1100,1240,1170,24,27,26,12500,Private University,1-Jan,3.24,80,6.5,1,5901-9383,18,http://nobts.edu/,2.75
New Tyler Barber College Inc,North Little Rock,AR,"North Little Rock, AR",935,1040,987,19,22,20,19300,Private University,Rolling,2.71,80,6.5,1,1104-2112,22,https://newtylerbarbercollege.edu/,0
Newman University,Wichita,KS,"Wichita, KS",1040,1210,1130,22,26,24,35500,Private University,1-Jan,3.13,80,6.5,1,4083-9939,15,http://newmanu.edu/,2.75
Newschool of Architecture and Design,San Diego,CA,"San Diego, CA",965,1100,1032,20,24,22,30300,Private University,Rolling,2.35,80,6.5,1,5797-9014,24,http://newschoolarch.edu/,2.75
Nicholls State University,Thibodaux,LA,"Thibodaux, LA",930,1200,1060,19,24,22,9200,Public University,30-Nov,3,79,6.5,1,5922-9224,16,http://nicholls.edu/,2.75
Nichols College,Dudley,MA,"Dudley, MA",1030,1240,1130,16,22,19,42700,Private University,1-Feb,3.19,79,6.5,1,1104-2112,22,https://www.nichols.edu/,2.75
Normandale Community College,Bloomington,MN,"Bloomington, MN",835,950,892,17,20,18,6300,Public Community College,Rolling,3.17,61,5.5,1,1603-2699,10,http://normandale.edu/,0
North Adrian's College of Beauty Inc,Modesto,CA,"Modesto, CA",930,1065,997,19,23,21,16800,Private University,Rolling,2.53,80,6.5,1,1104-2112,22,https://www.adrians.edu/,0
North American Trade Schools,Baltimore,MD,"Baltimore, MD",970,1090,1030,20,23,22,18800,Private University,Rolling,2.44,80,6.5,1,1104-2112,22,https://natradeschools.edu/,0
North Arkansas College,Harrison,AR,"Harrison, AR",860,1010,935,18,21,20,5600,Public Community College,Rolling,3.17,61,5.5,1,6897-11439,37,http://northark.edu/,0
North Bennet Street School,Boston,MA,"Boston, MA",815,945,880,16,20,18,9600,Public Community College,Rolling,3.17,61,5.5,1,3410-8218,21,http://nbss.edu/,0
North Central College,Naperville,IL,"Naperville, IL",1060,1310,1180,24,29,26,45700,Private University,1-Feb,3.21,80,6.5,1,1104-2112,22,https://northcentralcollege.edu/,3
North Central Michigan College,Petoskey,MI,"Petoskey, MI",810,960,885,16,20,18,10600,Public Community College,1-Aug,3.17,61,5.5,1,1104-2112,22,https://www.ncmich.edu/,0
North Central Missouri College,Trenton,MO,"Trenton, MO",840,970,905,17,20,18,8800,Public Community College,1-Aug,3.17,61,5.5,1,7166-16114,27,http://ncmissouri.edu/,0
North Central University,Minneapolis,MN,"Minneapolis, MN",980,1130,1060,21,24,22,32200,Private University,1-Feb,3.04,80,6.5,1,1104-2112,22,https://www.northcentral.edu/,2.75
North Florida College,Madison,FL,"Madison, FL",1070,1230,1150,23,27,25,11400,Public University,1-Feb,3.25,79,6.5,1,1104-2112,22,https://www.nfc.edu/,2.75
North Florida Technical College,Starke,FL,"Starke, FL",1080,1220,1150,23,27,25,23500,Public University,1-Feb,3.26,79,6.5,1,1104-2112,22,https://www.nftc.edu/,0
North Georgia Technical College,Clarkesville,GA,"Clarkesville, GA",840,990,915,17,21,19,5900,Public Community College,Rolling,3.17,61,5.5,1,2235-8781,18,http://northgatech.edu/,0
North Hennepin Community College,Brooklyn Park,MN,"Brooklyn Park, MN",860,1010,935,18,21,20,5100,Public Community College,Rolling,3.17,61,5.5,1,1046-2788,13,http://nhcc.edu/,0
North Idaho College,Coeur d'Alene,ID,"Coeur d'Alene, ID",825,965,895,17,20,18,8700,Public Community College,Rolling,3.17,61,5.5,1,1104-2112,22,https://www.nic.edu/,0
North Iowa Area Community College,Mason City,IA,"Mason City, IA",840,995,917,17,21,19,9600,Public Community College,Rolling,3.17,61,5.5,1,1104-2112,22,https://www.niacc.edu/,0
North Park University,Chicago,IL,"Chicago, IL",1070,1210,1140,23,26,24,36700,Private University,1-Jan,3.15,80,6.5,1,4895-8634,21,http://northpark.edu/,2.75
North Shore Community College,Danvers,MA,"Danvers, MA",855,965,910,17,20,18,10900,Public Community College,Rolling,3.17,61,5.5,1,1104-2112,22,https://www.northshore.edu/,0
North-West College-Pomona,Pomona,CA,"Pomona, CA",940,1040,990,20,22,21,19100,Private University,Rolling,2.7,80,6.5,1,1104-2112,22,https://www.north-westcollege.edu/,0
North-West College-Van Nuys,Van Nuys,CA,"Van Nuys, CA",960,1090,1025,20,23,22,19500,Private University,Rolling,2.44,80,6.5,1,1104-2112,22,https://www.north-westcollege.edu/,0
North-West College-West Covina,West Covina,CA,"West Covina, CA",855,975,915,17,20,18,9400,Public Community College,Rolling,3.17,61,5.5,1,1104-2112,22,https://www.nw.edu/locations/west-covina-campus/,0
Northeast Alabama Community College,Rainsville,AL,"Rainsville, AL",845,995,920,17,21,19,8900,Public Community College,1-Aug,3.17,61,5.5,1,1094-2413,12,http://nacc.edu/,0
Northeast Community College,Norfolk,NE,"Norfolk, NE",850,990,920,17,21,19,5100,Public Community College,1-Aug,3.17,61,5.5,1,1450-2868,11,http://northeast.edu/,0
Northeast Iowa Community College,Calmar,IA,"Calmar, IA",820,965,892,17,20,18,7800,Public Community College,Rolling,3.17,61,5.5,1,1104-2112,22,https://www.nicc.edu/,0
Northeast Mississippi Community College,Booneville,MS,"Booneville, MS",855,1010,932,17,21,19,7700,Public Community College,1-Aug,3.17,61,5.5,1,1731-3125,12,http://nemcc.edu/,0
Northeastern Illinois University,Chicago,IL,"Chicago, IL",1060,1200,1120,23,26,24,22700,Public University,1-Feb,3.11,79,6.5,1,5276-11380,20,http://neiu.edu/,2.75
Northeastern Junior College,Sterling,CO,"Sterling, CO",835,990,912,17,21,19,8300,Public Community College,1-Aug,3.17,61,5.5,1,1104-2112,22,https://www.njc.edu/,0
Northeastern University Oakland,Oakland,CA,"Oakland, CA",1420,1520,1470,32,33,32,67800,Private University,1-Jan,3.86,100,7,1,1104-2112,22,https://oakland.northeastern.edu/,3.5
Northern Arizona University,Flagstaff,AZ,"Flagstaff, AZ",1030,1170,1110,22,25,24,29900,Public University,1-Mar,3.18,79,6.5,1,5057-10092,20,http://nau.edu/,2.75
Northern Baptist Theological Seminary,Lisle,IL,"Lisle, IL",1080,1250,1170,23,27,25,38300,Private University,1-Feb,3.29,80,6.5,1,1104-2112,22,https://www.seminary.edu/,2.75
Northern Essex Community College,Haverhill,MA,"Haverhill, MA",830,970,900,17,20,18,12500,Public Community College,1-Aug,3.17,61,5.5,1,1104-2112,22,https://www.necc.mass.edu/,0
Northern Illinois University,Dekalb,IL,"Dekalb, IL",1040,1210,1130,22,26,24,13200,Public University,1-Feb,3.1,79,6.5,1,4324-10832,22,http://niu.edu/,2.75
Northern Kentucky University,Highland Heights,KY,"Highland Heights, KY",950,1150,1050,18,25,22,21900,Public University,30-Nov,2.96,79,6.5,1,2964-8290,19,http://nku.edu/,2.75
Northern Maine Community College,Presque Isle,ME,"Presque Isle, ME",855,990,922,17,21,19,7000,Public Community College,Rolling,3.17,61,5.5,1,1210-2345,16,http://nmcc.edu/,0
Northern Michigan University,Marquette,MI,"Marquette, MI",1020,1170,1110,22,25,24,19800,Public University,1-Mar,3.12,79,6.5,1,5914-9036,17,http://nmu.edu/,2.75
Northern New Mexico College,Espanola,NM,"Espanola, NM",1070,1220,1150,23,27,25,14300,Public University,1-Mar,3.23,79,6.5,1,6585-15008,33,http://nnmc.edu/,2.75
Northland Community and Technical College,Thief River Falls,MN,"Thief River Falls, MN",845,950,897,17,20,18,6300,Public Community College,Rolling,3.17,61,5.5,1,1104-2112,22,https://www.northlandcollege.edu/,0
Northland Pioneer College,Holbrook,AZ,"Holbrook, AZ",1070,1200,1140,23,26,24,10300,Public University,1-Feb,3.16,79,6.5,1,1104-2112,22,https://www.npc.edu/,2.75
Northshore Technical Community College,Lacombe,LA,"Lacombe, LA",840,970,905,17,20,18,4300,Public Community College,Rolling,3.17,61,5.5,1,1104-2112,22,https://northshorecollege.edu/,0
Northwest Florida State College,Niceville,FL,"Niceville, FL",1060,1240,1150,23,27,25,10600,Public University,Rolling,3.23,79,6.5,1,5662-9358,23,http://nwfsc.edu/,2.75
Northwest Iowa Community College,Sheldon,IA,"Sheldon, IA",855,990,922,17,21,19,7600,Public Community College,Rolling,3.17,61,5.5,1,1104-2112,22,https://www.nwicc.edu/,0
Northwest Louisiana Technical Community College,Minden,LA,"Minden, LA",830,970,900,17,20,18,4100,Public Community College,Rolling,3.17,61,5.5,1,1104-2112,22,https://www.nltcc.edu/,0
Northwest Mississippi Community College,Senatobia,MS,"Senatobia, MS",840,990,915,17,21,19,3700,Public Community College,1-Aug,3.17,61,5.5,1,1104-2112,22,https://www.northwestms.edu/,0
Northwest Missouri State University,Maryville,MO,"Maryville, MO",980,1190,1080,19,24,22,17300,Public University,30-Nov,3.03,79,6.5,1,5153-10627,20,http://nwmissouri.edu/,2.75
Northwest Nazarene University,Nampa,ID,"Nampa, ID",1000,1240,1120,22,27,24,40800,Private University,15-Jan,3.16,79,6.5,1,1104-2112,22,https://www.nnu.edu/,2.75
Northwest Shoals Community College,Muscle Shoals,AL,"Muscle Shoals, AL",830,980,905,17,21,19,9000,Public Community College,Rolling,3.17,61,5.5,1,1104-2112,22,https://www.nwscc.edu/,0
Northwest Technical College,Bemidji,MN,"Bemidji, MN",830,980,905,17,21,19,6300,Public Community College,Rolling,3.17,61,5.5,1,1104-2112,22,https://www.ntcmn.edu/,0
Northwest Technical Institute,Springdale,AR,"Springdale, AR",1070,1230,1150,23,27,25,6300,Public University,30-Nov,3.22,79,6.5,1,3747-8424,23,http://nwti.edu/,0
Northwestern College,Orange City,IA,"Orange City, IA",1080,1210,1150,23,26,24,36700,Private University,1-Jan,3.26,80,6.5,1,1104-2112,22,https://www.nwciowa.edu/,2.75
Northwestern Health Sciences University,Bloomington,MN,"Bloomington, MN",1090,1240,1170,23,27,25,12000,Private University,1-Feb,3.26,80,6.5,1,1104-2112,22,https://www.nwhealth.edu/,2.75
Northwestern Michigan College,Traverse City,MI,"Traverse City, MI",1060,1240,1150,23,27,25,13500,Public University,1-Feb,3.24,79,6.5,1,5472-14369,26,http://nmc.edu/,2.75
Northwestern State University of Louisiana,Natchitoches,LA,"Natchitoches, LA",870,1160,1010,18,24,21,19700,Public University,1-Feb,2.94,71,6,1,1104-2112,22,https://www.nsula.edu/,2.75
Northwestern Technological Institute,Southfield,MI,"Southfield, MI",960,1105,1032,20,24,22,17400,Private University,Rolling,2.69,80,6.5,1,1104-2112,22,https://www.northwesterntech.edu/,0
Northwood University,Midland,MI,"Midland, MI",1100,1230,1160,24,27,26,34400,Private University,1-Jan,3.2,80,6.5,1,1104-2112,22,https://www.northwood.edu/,2.75
Notre Dame de Namur University,Belmont,CA,"Belmont, CA",1110,1260,1170,24,28,26,38100,Private University,15-Jan,3.28,80,6.5,1,4634-6829,17,http://ndnu.edu/,2.75
Notre Dame of Maryland University,Baltimore,MD,"Baltimore, MD",1030,1180,1100,22,26,24,43400,Private University,1-Jan,3.08,80,6.5,1,1104-2112,22,https://www.ndm.edu/,2.75
Nova Academy of Cosmetology Woodbury,WOODBURY,MN,"WOODBURY, MN",980,1105,1042,21,24,22,16900,Private University,Rolling,2.53,80,6.5,1,1104-2112,22,https://novaacademy.edu/,0
Nova Southeastern University,Fort Lauderdale,FL,"Fort Lauderdale, FL",1030,1300,1160,19,28,24,38700,Private University,1-Jan,3.23,80,6.5,1,3880-7025,23,http://nova.edu/,3
Nunez Community College,Chalmette,LA,"Chalmette, LA",835,980,907,17,21,19,4300,Public Community College,Rolling,3.17,61,5.5,1,893-1649,14,http://nunez.edu/,0
Oak Hills Christian College,Bemidji,MN,"Bemidji, MN",1090,1250,1170,23,27,25,19400,Private University,1-Jan,3.24,80,6.5,1,1104-2112,22,https://www.oakhills.edu/,2.75
Oakland City University,Oakland City,IN,"Oakland City, IN",1050,1200,1130,22,26,24,27900,Private University,1-Jan,3.19,80,6.5,1,2610-8875,15,http://oak.edu/,2.75
Oakland Community College,Auburn Hills,MI,"Auburn Hills, MI",815,935,875,16,19,18,5600,Public Community College,Rolling,3.17,61,5.5,1,1736-2804,10,http://oaklandcc.edu/,0
Oakland University,Rochester Hills,MI,"Rochester Hills, MI",1030,1230,1130,16,22,19,23200,Public University,Rolling,3.1,79,6.5,1,1104-2112,22,https://www.oakland.edu/,2.75
Oakton College,Des Plaines,IL,"Des Plaines, IL",835,985,910,17,21,19,12500,Public Community College,Rolling,3.17,61,5.5,1,1104-2112,22,https://www.oakton.edu/,0
Oakwood University,Huntsville,AL,"Huntsville, AL",1130,1300,1220,24,29,26,22500,Private University,15-Jan,3.3,80,6.5,1,2393-7061,23,http://oakwood.edu/,3
Occidental College,Los Angeles,CA,"Los Angeles, CA",1380,1520,1450,31,34,32,66300,Private University,1-Jan,3.82,100,7,1,5263-9944,35,http://oxy.edu/,3.5
Ocean County College,Toms River,NJ,"Toms River, NJ",825,930,877,17,19,18,7000,Public Community College,Rolling,3.17,61,5.5,1,6742-16486,36,http://ocean.edu/,0
Oehrlein School of Cosmetology,East Peoria,IL,"East Peoria, IL",970,1115,1042,20,24,22,16700,Private University,Rolling,2.47,80,6.5,1,1104-2112,22,https://oehrleinschool.com/,0
Oglethorpe University,Atlanta,GA,"Atlanta, GA",1090,1310,1200,22,31,26,47600,Private University,1-Feb,3.35,80,6.5,1,3909-10847,18,http://oglethorpe.edu/,3
Ohlone College,Fremont,CA,"Fremont, CA",815,945,880,16,20,18,8700,Public Community College,Rolling,3.17,61,5.5,1,8575-15343,34,http://ohlone.edu/,0
Old Town Barber College,Wichita,KS,"Wichita, KS",950,1095,1022,20,23,22,17000,Private University,Rolling,2.53,80,6.5,1,1104-2112,22,https://www.otbcollege.com/,0
Olivet Nazarene University,Bourbonnais,IL,"Bourbonnais, IL",950,1220,1080,19,26,22,38900,Private University,1-Jan,3.05,79,6.5,1,2646-5175,20,http://olivet.edu/,2.75
Olympian Academy of Cosmetology,LAS CRUCES,NM,"LAS CRUCES, NM",965,1105,1035,20,24,22,17800,Private University,Rolling,2.72,80,6.5,1,1104-2112,22,https://olympianacademy.edu/,0
Opelousas School of Cosmetology,Opelousas,LA,"Opelousas, LA",955,1070,1012,20,23,22,18800,Private University,Rolling,2.44,80,6.5,1,1104-2112,22,https://www.opelousascosmetology.com/,0
Orange Coast College,Costa Mesa,CA,"Costa Mesa, CA",860,1000,930,18,21,20,11600,Public Community College,Rolling,3.17,61,5.5,1,6948-17329,29,http://orangecoastcollege.edu/,0
Orange Technical College,Orlando,FL,"Orlando, FL",820,940,880,17,20,18,9800,Public Community College,Rolling,3.17,61,5.5,1,1104-2112,22,https://www.orangetechcollege.net/,0
Orange Technical College-East Campus,Winter Park,FL,"Winter Park, FL",845,980,912,17,21,19,9800,Public Community College,Rolling,3.17,61,5.5,1,1104-2112,22,https://www.orangetechcollege.net/campuses/east_campus,0
Orange Technical College-South Campus,Orlando,FL,"Orlando, FL",840,960,900,17,20,18,9800,Public Community College,Rolling,3.17,61,5.5,1,1104-2112,22,https://www.orangetechcollege.net/,0
Orange Technical College-West Campus,Ocoee,FL,"Ocoee, FL",860,970,915,18,20,19,9800,Public Community College,Rolling,3.17,61,5.5,1,1104-2112,22,https://www.orangetechcollege.net/campuses/west_campus,0
Orion Technical College,Davenport,IA,"Davenport, IA",945,1080,1012,20,23,22,15600,Private University,Rolling,2.4,80,6.5,1,1104-2112,22,https://orion.edu/,2.75
Otero College,La Junta,CO,"La Junta, CO",845,975,910,17,20,18,7300,Public Community College,1-Aug,3.17,61,5.5,1,1104-2112,22,https://www.otero.edu/,0
Otis College of Art and Design,Los Angeles,CA,"Los Angeles, CA",1260,1400,1330,21,27,24,56500,Private University,1-Jan,3.58,84,6.5,1,8932-16138,37,http://otis.edu/,3.3
Ottawa University-Kansas City,Overland Park,KS,"Overland Park, KS",1080,1240,1170,23,27,25,35600,Private University,1-Jan,3.23,80,6.5,1,1104-2112,22,https://www.ottawa.edu/,2.75
Ottawa University-Ottawa,Ottawa,KS,"Ottawa, KS",870,1020,940,18,22,20,35900,Private University,1-Jan,2.7,73,6,1,1104-2112,22,https://www.ottawa.edu/,2.75
Ouachita Baptist University,Arkadelphia,AR,"Arkadelphia, AR",1070,1280,1180,22,28,25,34500,Private University,1-Jan,3.3,80,6.5,1,6351-18145,36,http://obu.edu/,3
Oxnard College,Oxnard,CA,"Oxnard, CA",825,940,882,17,20,18,9600,Public Community College,Rolling,3.17,61,5.5,1,1104-2112,22,https://www.oxnardcollege.edu/,0
Ozark Christian College,Joplin,MO,"Joplin, MO",970,1140,1050,20,25,22,16000,Private University,1-Jan,2.95,80,6.5,1,1104-2112,22,https://www.occ.edu/,2.75
Ozarka College,Melbourne,AR,"Melbourne, AR",820,960,890,17,20,18,6800,Public Community College,Rolling,3.17,61,5.5,1,1104-2112,22,https://www.ozarka.edu/,0
Ozarks Technical Community College,Springfield,MO,"Springfield, MO",1060,1230,1140,23,27,25,7200,Public University,1-Feb,3.18,79,6.5,1,1280-2107,16,http://otc.edu/,2.75
P B Cosmetology Education Center,Gloucester,NJ,"Gloucester, NJ",950,1080,1015,20,23,22,16900,Private University,Rolling,2.61,80,6.5,1,1104-2112,22,https://www.pbbeautyschool.com/,0
PCI Academy-Ames,Ames,IA,"Ames, IA",835,945,890,17,20,18,10100,Public Community College,Rolling,3.17,61,5.5,1,1104-2112,22,https://www.pci-academy.com/,0
PJ's College of Cosmetology-Bowling Green,Bowling Green,KY,"Bowling Green, KY",950,1090,1020,20,23,22,19000,Private University,Rolling,2.64,80,6.5,1,1104-2112,22,https://www.gotopjs.com/,0
PJ's College of Cosmetology-Clarksville,Clarksville,IN,"Clarksville, IN",945,1055,1000,20,22,21,19000,Private University,Rolling,2.71,80,6.5,1,1104-2112,22,https://www.gotopjs.com/,0
PJ's College of Cosmetology-Glasgow,Glasgow,KY,"Glasgow, KY",950,1085,1017,20,23,22,19000,Private University,Rolling,2.57,80,6.5,1,1104-2112,22,https://www.gotopjs.com/,0
PJ's College of Cosmetology-Richmond,Richmond,IN,"Richmond, IN",975,1085,1030,20,23,22,19000,Private University,Rolling,2.4,80,6.5,1,1104-2112,22,https://www.gotopjs.com/,0
Pacific Oaks College,Pasadena,CA,"Pasadena, CA",1210,1360,1290,26,30,28,32500,Private University,15-Jan,3.5,80,6.5,1,1104-2112,22,https://www.pacificoaks.edu/,3
Pacific School of Religion,Berkeley,CA,"Berkeley, CA",1080,1260,1170,23,28,26,35400,Private University,1-Jan,3.23,80,6.5,1,4735-11404,23,http://psr.edu/,2.75
Pacific States University,Los Angeles,CA,"Los Angeles, CA",1080,1230,1160,23,27,25,10200,Private University,15-Jan,3.19,80,6.5,1,1104-2112,22,https://www.psuca.edu/,2.75
Pacific Union College,Angwin,CA,"Angwin, CA",1170,1320,1260,25,29,27,37200,Private University,15-Jan,3.46,80,6.5,1,1104-2112,22,https://www.puc.edu/,3
Pacifica Graduate Institute,Carpinteria,CA,"Carpinteria, CA",955,1075,1015,20,23,22,16900,Private University,Rolling,2.7,80,6.5,1,1104-2112,22,https://www.pacifica.edu/,2.75
Paine College,Augusta,GA,"Augusta, GA",1000,1170,1080,21,25,23,14600,Private University,15-Jan,3.1,80,6.5,1,8563-16928,30,http://paine.edu/,2.75
Palm Beach Atlantic University,West Palm Beach,FL,"West Palm Beach, FL",950,1220,1080,18,26,22,40600,Private University,1-Jan,3.1,79,6.5,1,5024-11410,17,http://pba.edu/,2.75
Palm Beach State College,Lake Worth,FL,"Lake Worth, FL",1060,1210,1140,23,26,24,10900,Public University,1-Mar,3.19,79,6.5,1,2075-6606,25,http://palmbeachstate.edu/,2.75
Palmer College of Chiropractic,Davenport,IA,"Davenport, IA",1090,1240,1160,23,27,25,33800,Private University,1-Jan,3.18,80,6.5,1,6439-13473,35,http://palmer.edu/,2.75
Palo Alto University,Palo Alto,CA,"Palo Alto, CA",1100,1260,1170,24,28,26,37000,Private University,1-Jan,3.26,80,6.5,1,1104-2112,22,https://www.paloaltou.edu/,2.75
Palo Verde College,Blythe,CA,"Blythe, CA",860,1005,932,18,21,20,12900,Public Community College,1-Aug,3.17,61,5.5,1,1104-2112,22,https://www.paloverde.edu/,0
Palomar College,San Marcos,CA,"San Marcos, CA",855,990,922,17,21,19,10600,Public Community College,1-Aug,3.17,61,5.5,1,7446-16744,39,http://palomar.edu/,0
Parisian Beauty School,Hackensack,NJ,"Hackensack, NJ",925,1030,977,19,22,20,19200,Private University,Rolling,2.72,80,6.5,1,1104-2112,22,https://paulmitchell.edu/hackensack,0
Park University,Parkville,MO,"Parkville, MO",1090,1240,1170,23,27,25,17500,Private University,1-Jan,3.28,80,6.5,1,5278-9846,24,http://park.edu/,2.75
Parkland College,Champaign,IL,"Champaign, IL",835,950,892,17,20,18,13300,Public Community College,1-Aug,3.17,61,5.5,1,5356-16813,25,http://parkland.edu/,0
Pasadena City College,Pasadena,CA,"Pasadena, CA",825,945,885,17,20,18,9800,Public Community College,1-Aug,3.17,61,5.5,1,8980-16203,32,http://pasadena.edu/,0
Pasco-Hernando State College,New Port Richey,FL,"New Port Richey, FL",1060,1220,1140,23,27,25,12000,Public University,15-Jan,3.15,79,6.5,1,3512-8221,25,http://phsc.edu/,2.75
Passaic County Community College,Paterson,NJ,"Paterson, NJ",835,955,895,17,20,18,10600,Public Community College,Rolling,3.17,61,5.5,1,852-2192,15,http://pccc.edu/,0
Paul Mitchell the School-Arkansas,Fayetteville,AR,"Fayetteville, AR",955,1085,1020,20,23,22,18900,Private University,Rolling,2.45,80,6.5,1,1104-2112,22,https://paulmitchell.edu/arkansas/,0
Paul Mitchell the School-Grand Rapids,Kentwood,MI,"Kentwood, MI",950,1095,1022,20,23,22,18900,Private University,Rolling,2.44,80,6.5,1,1104-2112,22,https://paulmitchell.edu/grandrapids,0
Paul Mitchell the School-Jacksonville,Jacksonville,FL,"Jacksonville, FL",930,1030,980,19,22,20,18900,Private University,Rolling,2.5,80,6.5,1,1104-2112,22,https://paulmitchell.edu/jacksonville,0
Paul Mitchell the School-Lexington,Lexington,KY,"Lexington, KY",945,1085,1015,20,23,22,18900,Private University,Rolling,2.64,80,6.5,1,1104-2112,22,https://paulmitchell.edu/lexington,0
Paul Mitchell the School-Little Rock,North Little Rock,AR,"North Little Rock, AR",950,1050,1000,20,22,21,18900,Private University,Rolling,2.46,80,6.5,1,1104-2112,22,https://paulmitchell.edu/littlerock,0
Paul Mitchell the School-Louisville,Louisville,KY,"Louisville, KY",955,1080,1017,20,23,22,18900,Private University,Rolling,2.49,80,6.5,1,1104-2112,22,https://paulmitchell.edu/louisville,0
Paul Mitchell the School-Missouri Columbia,Columbia,MO,"Columbia, MO",965,1085,1025,20,23,22,18900,Private University,Rolling,2.7,80,6.5,1,1104-2112,22,https://missouricolumbia.paulmitchell.edu/,0
Paul Mitchell the School-North Haven,North Haven,CT,"North Haven, CT",955,1075,1015,20,23,22,18900,Private University,Rolling,2.57,80,6.5,1,1104-2112,22,https://paulmitchell.edu/northhaven,0
Paul Mitchell the School-Portsmouth,Portsmouth,NH,"Portsmouth, NH",965,1065,1015,20,23,22,18900,Private University,Rolling,2.48,80,6.5,1,1104-2112,22,https://paulmitchell.edu/portsmouth,0
Paul Mitchell the School-Tinley Park,Tinley Park,IL,"Tinley Park, IL",970,1090,1030,20,23,22,18900,Private University,Rolling,2.58,80,6.5,1,1104-2112,22,https://paulmitchell.edu/bradley,0
Pearl River Community College,Poplarville,MS,"Poplarville, MS",845,965,905,17,20,18,6100,Public Community College,Rolling,3.17,61,5.5,1,1776-3288,15,http://prcc.edu/,0
Pennco Tech-Blackwood,Blackwood,NJ,"Blackwood, NJ",825,955,890,17,20,18,9900,Public Community College,Rolling,3.17,61,5.5,1,1104-2112,22,https://www.penncotech.edu/,0
Pensacola State College,Pensacola,FL,"Pensacola, FL",1060,1220,1140,23,27,25,9500,Public University,1-Mar,3.19,79,6.5,1,3406-8025,19,http://pensacolastate.edu/,2.75
Pepperdine University,Malibu,CA,"Malibu, CA",1290,1450,1370,29,32,30,69900,Private University,15-Jan,3.67,90,7,1,2361-7926,15,http://pepperdine.edu/,3.3
Peru State College,Peru,NE,"Peru, NE",1060,1210,1140,23,26,24,8600,Public University,Rolling,3.16,79,6.5,1,1104-2112,22,https://www.peru.edu/,2.75
Philander Smith University,Little Rock,AR,"Little Rock, AR",1090,1230,1160,23,27,25,13000,Private University,1-Feb,3.17,80,6.5,1,1104-2112,22,https://www.philander.edu/,2.75
Phillips Community College of the University of Arkansas,Helena,AR,"Helena, AR",860,970,915,18,20,19,4600,Public Community College,Rolling,3.17,61,5.5,1,1104-2112,22,https://www.pccua.edu/,0
Phoenix College,Phoenix,AZ,"Phoenix, AZ",1090,1230,1150,23,27,25,9000,Public University,1-Mar,3.23,79,6.5,1,6610-16018,32,http://phoenixcollege.edu/,2.75
Pickens Technical College,Aurora,CO,"Aurora, CO",855,985,920,17,21,19,9200,Public Community College,Rolling,3.17,61,5.5,1,1104-2112,22,https://www.pickenstech.org/,0
Piedmont University,Demorest,GA,"Demorest, GA",1040,1240,1140,18,25,22,31700,Private University,1-Jan,3.15,79,6.5,1,1104-2112,22,https://www.piedmont.edu/,2.75
Pikes Peak State College,Colorado Springs,CO,"Colorado Springs, CO",1080,1220,1150,23,27,25,17100,Public University,15-Jan,3.22,79,6.5,1,1104-2112,22,https://www.pikespeak.edu/,2.75
Pima Community College,Tucson,AZ,"Tucson, AZ",845,995,920,17,21,19,7800,Public Community College,Rolling,3.17,61,5.5,1,1650-2739,15,http://pima.edu/,0
Pima Medical Institute-Albuquerque,Albuquerque,NM,"Albuquerque, NM",855,985,920,17,21,19,10300,Public Community College,Rolling,3.17,61,5.5,1,1104-2112,22,https://pmi.edu/,0
Pima Medical Institute-Tucson,Tucson,AZ,"Tucson, AZ",950,1080,1015,20,23,22,18800,Private University,Rolling,2.75,80,6.5,1,1104-2112,22,https://pmi.edu/,2.75
Pine Technical & Community College,Pine City,MN,"Pine City, MN",835,955,895,17,20,18,4700,Public Community College,Rolling,3.17,61,5.5,1,1104-2112,22,https://www.pine.edu/,0
Pinellas Technical College-Clearwater,Clearwater,FL,"Clearwater, FL",1080,1220,1150,23,27,25,23000,Public University,Rolling,3.24,79,6.5,1,1104-2112,22,https://www.myptc.edu/,0
Pinellas Technical College-St. Petersburg,Saint Petersburg,FL,"Saint Petersburg, FL",1080,1240,1150,23,27,25,23000,Public University,Rolling,3.24,79,6.5,1,1104-2112,22,https://www.myptc.edu/,0
Pineville Beauty School,Pineville,LA,"Pineville, LA",955,1075,1015,20,23,22,18300,Private University,Rolling,2.44,80,6.5,1,1104-2112,22,https://www.pinevillebeauty.com/,0
Pinnacle Career Institute,Kansas City,MO,"Kansas City, MO",845,990,917,17,21,19,10300,Public Community College,Rolling,3.17,61,5.5,1,1104-2112,22,https://pcitraining.edu/,0
Pittsburg State University,Pittsburg,KS,"Pittsburg, KS",980,1120,1050,17,24,20,19700,Public University,1-Mar,2.97,79,6.5,1,3628-7596,21,http://pittstate.edu/,2.75
Pitzer College,Claremont,CA,"Claremont, CA",1260,1400,1340,28,31,30,65200,Private University,15-Jan,3.56,80,6.5,1,5043-10193,35,http://pitzer.edu/,3.5
Plymouth State University,Plymouth,NH,"Plymouth, NH",1020,1140,1080,22,25,24,25600,Public University,1-Feb,3.04,79,6.5,1,2056-7766,18,http://plymouth.edu/,2.75
Point Loma Nazarene University,San Diego,CA,"San Diego, CA",1180,1360,1270,25,32,28,46200,Private University,1-Jan,3.5,84,6.5,1,5685-11418,16,http://pointloma.edu/,3
Point University,West Point,GA,"West Point, GA",1180,1320,1250,26,29,28,24000,Private University,15-Jan,3.41,80,6.5,1,1104-2112,22,https://point.edu/,3
Polk State College,Winter Haven,FL,"Winter Haven, FL",1060,1200,1140,23,26,24,9800,Public University,1-Feb,3.15,79,6.5,1,1104-2112,22,https://www.polk.edu/,2.75
Pomeroy College of Nursing at Crouse Hospital,East Syracuse,NY,"East Syracuse, NY",820,935,877,17,19,18,21200,Public Community College,Rolling,3.17,61,5.5,1,1104-2112,22,https://www.crouse.org/nursing,0
Pomona College,Claremont,CA,"Claremont, CA",1490,1560,1520,33,35,34,65400,Private University,1-Jan,3.91,100,7,1,5512-10438,36,http://pomona.edu/,3.5
Pontifical Faculty of the Immaculate Conception at the Dominican House of Studies,Washington,DC,"Washington, DC",1080,1230,1160,23,27,25,33100,Private University,1-Jan,3.16,80,6.5,1,1104-2112,22,https://www.dhs.edu/,2.75
Port Huron Cosmetology College,Waterford,MI,"Waterford, MI",955,1100,1027,20,24,22,17200,Private University,Rolling,2.49,80,6.5,1,1104-2112,22,https://www.michigancollegeofbeauty.com/,0
Porter & Chester Institute,Bridgeport,CT,"Bridgeport, CT",945,1060,1002,20,23,22,14300,Private University,Rolling,2.39,80,6.5,1,1104-2112,22,https://www.porterchester.edu/,0
Porter & Chester Institute of Hamden,Hamden,CT,"Hamden, CT",955,1090,1022,20,23,22,14300,Private University,Rolling,2.4,80,6.5,1,1104-2112,22,https://www.porterchester.edu/,0
Porterville College,Porterville,CA,"Porterville, CA",845,955,900,17,20,18,11300,Public Community College,Rolling,3.17,61,5.5,1,7694-14752,33,http://portervillecollege.edu/,0
Post University,Waterbury,CT,"Waterbury, CT",965,1075,1020,20,23,22,16300,Private University,Rolling,2.55,80,6.5,1,1104-2112,22,https://www.post.edu/,2.75
Prairie State College,Chicago Heights,IL,"Chicago Heights, IL",825,940,882,17,20,18,11100,Public Community College,1-Aug,3.17,61,5.5,1,3630-6297,21,http://prairiestate.edu/,0
Pratt Community College,Pratt,KS,"Pratt, KS",835,955,895,17,20,18,4900,Public Community College,1-Aug,3.17,61,5.5,1,1104-2112,22,https://www.prattcc.edu/,0
Prescott College,Prescott,AZ,"Prescott, AZ",1000,1130,1060,21,24,22,35700,Private University,1-Feb,3.01,80,6.5,1,7229-18807,35,http://prescott.edu/,2.75
Prince George's Community College,Largo,MD,"Largo, MD",850,980,915,17,21,19,8800,Public Community College,Rolling,3.17,61,5.5,1,1104-2112,22,https://www.pgcc.edu/,0
Princeton Theological Seminary,Princeton,NJ,"Princeton, NJ",1090,1230,1160,23,27,25,33400,Private University,15-Jan,3.17,80,6.5,1,2118-8090,19,http://ptsem.edu/,2.75
Principia College,Elsah,IL,"Elsah, IL",1090,1240,1170,23,27,25,34700,Private University,1-Jan,3.28,80,6.5,1,5671-15470,25,http://principiacollege.edu/,2.75
Pro Way Hair School,Stone Mountain,GA,"Stone Mountain, GA",925,1065,995,19,23,21,18600,Private University,Rolling,2.5,80,6.5,1,1104-2112,22,https://www.prowayhairschool.com/,0
Professional Institute of Beauty,El Monte,CA,"El Monte, CA",930,1060,995,19,23,21,18600,Private University,Rolling,2.57,80,6.5,1,1104-2112,22,https://www.pib.edu/,0
Professional's Choice Hair Design Academy,Joliet,IL,"Joliet, IL",965,1075,1020,20,23,22,18800,Private University,Rolling,2.72,80,6.5,1,1104-2112,22,https://www.pchairdesign.com/,0
Pueblo Community College,Pueblo,CO,"Pueblo, CO",1070,1200,1140,23,26,24,17600,Public University,15-Jan,3.15,79,6.5,1,1355-2441,14,http://pueblocc.edu/,2.75
Purdue University Fort Wayne,Fort Wayne,IN,"Fort Wayne, IN",970,1220,1100,22,29,26,22900,Public University,1-Mar,3.08,79,6.5,1,1104-2112,22,https://www.pfw.edu/,2.75
Quincy College,Quincy,MA,"Quincy, MA",1070,1230,1140,23,27,25,8900,Public University,Rolling,3.15,79,6.5,1,1104-2112,22,https://www.quincycollege.edu/,2.75
Quincy University,Quincy,IL,"Quincy, IL",1000,1200,1100,20,25,22,37100,Private University,1-Jan,3.08,79,6.5,1,1104-2112,22,https://www.quincy.edu/,2.75
Quinnipiac University,Hamden,CT,"Hamden, CT",1150,1320,1240,25,30,28,55500,Private University,15-Jan,3.4,80,6.5,1,1104-2112,22,https://www.qu.edu/,3
Quinsigamond Community College,Worcester,MA,"Worcester, MA",850,975,912,17,20,18,11200,Public Community College,Rolling,3.17,61,5.5,1,1104-2112,22,https://www.qcc.edu/,0
RAND School of Public Policy,Santa Monica,CA,"Santa Monica, CA",1090,1230,1160,23,27,25,33700,Private University,1-Jan,3.17,80,6.5,1,1104-2112,22,https://www.pardeerand.edu/,2.75
Rabbinical College of America,Morristown,NJ,"Morristown, NJ",970,1140,1060,20,25,22,10600,Private University,1-Jan,3,80,6.5,1,1104-2112,22,https://www.rca.edu/,2.75
Radford M Locklin Technical College,Milton,FL,"Milton, FL",820,965,892,17,20,18,10000,Public Community College,Rolling,3.17,61,5.5,1,1104-2112,22,https://www.locklintech.com/,0
Ramapo College of New Jersey,Mahwah,NJ,"Mahwah, NJ",1130,1300,1220,22,30,26,27700,Public University,1-Feb,3.3,80,6.5,1,7858-18384,30,http://ramapo.edu/,3
Ranken Technical College,Saint Louis,MO,"Saint Louis, MO",1090,1260,1170,23,28,26,18000,Private University,1-Jan,3.23,80,6.5,1,1104-2112,22,https://www.ranken.edu/,2.75
Raritan Valley Community College,Branchburg,NJ,"Branchburg, NJ",815,935,875,16,19,18,7600,Public Community College,Rolling,3.17,61,5.5,1,1746-3420,13,http://raritanval.edu/,0
Rasmussen University-Florida,Ocala,FL,"Ocala, FL",965,1085,1025,20,23,22,15300,Private University,Rolling,2.72,80,6.5,1,1104-2112,22,https://rasmussen.edu/,2.75
Rasmussen University-Minnesota,St. Cloud,MN,"St. Cloud, MN",930,1075,1002,19,23,21,11500,Private University,Rolling,2.48,80,6.5,1,1104-2112,22,https://rasmussen.edu/,2.75
Ravenscroft Beauty College,Fort Wayne,IN,"Fort Wayne, IN",970,1080,1025,20,23,22,17300,Private University,Rolling,2.59,80,6.5,1,1104-2112,22,https://ravenscroftcollege.com/,0
Red Rocks Community College,Lakewood,CO,"Lakewood, CO",1050,1190,1130,22,26,24,17500,Public University,Rolling,3.1,79,6.5,1,930-2247,16,http://rrcc.edu/,2.75
Redondo Beach Beauty College,Torrance,CA,"Torrance, CA",975,1090,1032,20,23,22,19100,Private University,Rolling,2.41,80,6.5,1,1104-2112,22,https://rbbeautycollege.com/,0
Reedley College,Reedley,CA,"Reedley, CA",820,930,875,17,19,18,10200,Public Community College,Rolling,3.17,61,5.5,1,1104-2112,22,https://www.reedleycollege.edu/,0
Refrigeration School Inc,Phoenix,AZ,"Phoenix, AZ",855,980,917,17,21,19,9500,Public Community College,Rolling,3.17,61,5.5,1,1104-2112,22,https://www.rsi.edu/,0
Regis College,Weston,MA,"Weston, MA",1090,1270,1180,23,28,26,49700,Private University,15-Jan,3.3,80,6.5,1,1104-2112,22,https://www.regiscollege.edu/,2.75
Regis University,Denver,CO,"Denver, CO",1150,1290,1220,22,29,26,46300,Private University,1-Jan,3.34,80,6.5,1,5298-8707,22,http://regis.edu/,3
Reid State Technical College,Evergreen,AL,"Evergreen, AL",860,980,920,18,21,20,9300,Public Community College,1-Aug,3.17,61,5.5,1,1104-2112,22,https://www.rstc.edu/,0
Reinhardt University,Waleska,GA,"Waleska, GA",1090,1250,1170,23,27,25,30100,Private University,1-Jan,3.2,80,6.5,1,3349-9860,16,http://reinhardt.edu/,2.75
Remington College-Lafayette Campus,Lafayette,LA,"Lafayette, LA",815,945,880,16,20,18,16300,Public Community College,Rolling,3.17,61,5.5,1,1104-2112,22,https://www.remingtoncollege.edu/locations/lafayette/,0
Rend Lake College,Ina,IL,"Ina, IL",845,950,897,17,20,18,7800,Public Community College,1-Aug,3.17,61,5.5,1,1104-2112,22,https://www.rlc.edu/,0
Research College of Nursing,Kansas City,MO,"Kansas City, MO",950,1090,1020,20,23,22,17400,Private University,Rolling,2.65,80,6.5,1,1104-2112,22,https://researchcollege.edu/,2.75
Richland Community College,Decatur,IL,"Decatur, IL",825,945,885,17,20,18,17100,Public Community College,Rolling,3.17,61,5.5,1,1104-2112,22,https://www.richland.edu/,0
Rider University,Lawrenceville,NJ,"Lawrenceville, NJ",1100,1320,1210,27,31,29,41100,Private University,1-Feb,3.32,80,6.5,1,7623-12445,36,http://rider.edu/,3
Ridge Technical College,Winter Haven,FL,"Winter Haven, FL",1070,1220,1140,23,27,25,10500,Public University,1-Feb,3.19,79,6.5,1,1104-2112,22,https://www.ridge.edu/,0
Ridgewater College,Willmar,MN,"Willmar, MN",850,975,912,17,20,18,6100,Public Community College,1-Aug,3.17,61,5.5,1,7976-15313,40,http://ridgewater.edu/,0
Ringling College of Art and Design,Sarasota,FL,"Sarasota, FL",1130,1280,1190,24,28,26,57900,Private University,1-Feb,3.26,80,6.5,1,5601-17582,35,http://ringling.edu/,2.75
Rio Hondo College,Whittier,CA,"Whittier, CA",1070,1210,1140,23,26,24,9900,Public University,1-Mar,3.18,79,6.5,1,5469-13792,29,http://riohondo.edu/,2.75
Rio Salado College,Tempe,AZ,"Tempe, AZ",1060,1210,1140,23,26,24,9000,Public University,15-Jan,3.14,79,6.5,1,5361-15595,28,http://riosalado.edu/,2.75
River Valley Community College,Claremont,NH,"Claremont, NH",860,985,922,18,21,20,15200,Public Community College,Rolling,3.17,61,5.5,1,1104-2112,22,https://www.rivervalley.edu/,0
Riverland Community College,Austin,MN,"Austin, MN",830,935,882,17,19,18,6300,Public Community College,1-Aug,3.17,61,5.5,1,1104-2112,22,https://www.riverland.edu/,0
Riveroak Technical College,Live Oak,FL,"Live Oak, FL",830,950,890,17,20,18,10400,Public Community College,Rolling,3.17,61,5.5,1,1104-2112,22,https://rtc.suwannee.k12.fl.us/o/rtc,0
Riverside City College,Riverside,CA,"Riverside, CA",835,960,897,17,20,18,12500,Public Community College,Rolling,3.17,61,5.5,1,7609-15480,33,http://rcc.edu/,0
Rivier University,Nashua,NH,"Nashua, NH",1060,1180,1120,15,21,18,39500,Private University,1-Jan,3.1,79,6.5,1,6636-10707,36,http://rivier.edu/,2.75
Rizzieri Aveda School for Beauty and Wellness,Voorhees,NJ,"Voorhees, NJ",975,1110,1042,20,24,22,18600,Private University,Rolling,2.7,80,6.5,1,1104-2112,22,https://www.rizzierischools.com/,0
Rob Roy Academy-Fall River,Fall River,MA,"Fall River, MA",930,1050,990,19,22,20,17300,Private University,Rolling,2.51,80,6.5,1,1104-2112,22,https://www.rob-roy.com/,0
Rob Roy Academy-New Bedford,New Bedford,MA,"New Bedford, MA",950,1075,1012,20,23,22,17000,Private University,Rolling,2.46,80,6.5,1,1104-2112,22,https://www.rob-roy.com/,0
Rob Roy Academy-Taunton,Taunton,MA,"Taunton, MA",955,1065,1010,20,23,22,18700,Private University,Rolling,2.44,80,6.5,1,1104-2112,22,https://www.rob-roy.com/,0
Robert Fiance Beauty Schools,Boynton Beach,FL,"Boynton Beach, FL",945,1075,1010,20,23,22,16800,Private University,Rolling,2.45,80,6.5,1,1104-2112,22,https://www.robertfiance.edu/,0
Robert Fiance Beauty Schools-West New York,West New York,NJ,"West New York, NJ",970,1095,1032,20,23,22,16800,Private University,Rolling,2.68,80,6.5,1,1104-2112,22,https://www.robertfiance.edu/,0
Robert Morgan Educational Center and Technical College,Miami,FL,"Miami, FL",825,955,890,17,20,18,10600,Public Community College,Rolling,3.17,61,5.5,1,1104-2112,22,https://www.robertmorgantech.net/,0
Roberto-Venn School of Luthiery,Phoenix,AZ,"Phoenix, AZ",965,1105,1035,20,24,22,16600,Private University,Rolling,2.56,80,6.5,1,1104-2112,22,https://www.roberto-venn.com/,0
Rochester Community and Technical College,Rochester,MN,"Rochester, MN",845,990,917,17,21,19,6400,Public Community College,Rolling,3.17,61,5.5,1,1104-2112,22,https://www.rctc.edu/,0
Rochester University,Rochester Hills,MI,"Rochester Hills, MI",950,1130,1040,20,24,22,29200,Private University,15-Jan,2.95,80,6.5,1,1104-2112,22,https://rcu.edu/,2.75
Rock Valley College,Rockford,IL,"Rockford, IL",845,980,912,17,21,19,7400,Public Community College,1-Aug,3.17,61,5.5,1,8667-13850,30,http://rockvalleycollege.edu/,0
Rockford University,Rockford,IL,"Rockford, IL",850,1070,960,17,23,20,37800,Private University,1-Jan,2.77,71,6,1,4066-6991,17,http://rockford.edu/,2.75
Rockhurst University,Kansas City,MO,"Kansas City, MO",1050,1190,1120,19,26,22,45000,Private University,1-Jan,3.13,79,6.5,1,2490-8697,21,http://rockhurst.edu/,2.75
Rocky Mountain College,Billings,MT,"Billings, MT",890,1130,1010,18,24,21,35600,Private University,15-Jan,2.89,71,6,1,6511-10542,25,http://rocky.edu/,2.75
Rocky Mountain College of Art and Design,Lakewood,CO,"Lakewood, CO",950,1065,1007,20,23,22,20200,Private University,Rolling,2.58,80,6.5,1,1104-2112,22,https://www.rmcad.edu/,2.75
Rogers Academy of Hair Design,Evansville,IN,"Evansville, IN",980,1080,1030,21,23,22,17000,Private University,Rolling,2.7,80,6.5,1,1104-2112,22,https://rogershair.com/,0
Rollins College,Winter Park,FL,"Winter Park, FL",1160,1370,1260,25,30,28,60600,Private University,15-Jan,3.46,84,6.5,1,8526-19438,39,http://rollins.edu/,3
Roosevelt University,Chicago,IL,"Chicago, IL",900,1180,1040,18,26,22,21300,Private University,1-Feb,2.95,71,6,1,3924-9651,15,http://roosevelt.edu/,2.75
Rosalind Franklin University of Medicine and Science,North Chicago,IL,"North Chicago, IL",1080,1260,1170,23,28,26,37000,Private University,15-Jan,3.26,80,6.5,1,1104-2112,22,https://www.rosalindfranklin.edu/,2.75
Rose-Hulman Institute of Technology,Terre Haute,IN,"Terre Haute, IN",1320,1500,1410,29,34,32,58600,Private University,1-Jan,3.71,90,7,1,2328-6617,16,http://rose-hulman.edu/,3.3
Ross Medical Education Center-Flint,Flint,MI,"Flint, MI",975,1085,1030,20,23,22,16600,Private University,Rolling,2.72,80,6.5,1,1104-2112,22,https://rosseducation.edu/,0
Ross Medical Education Center-Lansing,Lansing,MI,"Lansing, MI",960,1070,1015,20,23,22,16600,Private University,Rolling,2.54,80,6.5,1,1104-2112,22,https://rosseducation.edu/,0
Ross Medical Education Center-Warren,Warren,MI,"Warren, MI",940,1065,1002,20,23,22,16600,Private University,Rolling,2.75,80,6.5,1,1104-2112,22,https://rosseducation.edu/,0
Rowan College at Burlington County,Mount Laurel,NJ,"Mount Laurel, NJ",840,960,900,17,20,18,9500,Public Community College,Rolling,3.17,61,5.5,1,1104-2112,22,https://www.rcbc.edu/,0
Rowan College of South Jersey-Cumberland Campus,Vineland,NJ,"Vineland, NJ",815,970,892,16,20,18,6000,Public Community College,Rolling,3.17,61,5.5,1,1104-2112,22,https://rcsj.edu/,0
Rowan College of South Jersey-Gloucester Campus,Sewell,NJ,"Sewell, NJ",825,965,895,17,20,18,6000,Public Community College,Rolling,3.17,61,5.5,1,1104-2112,22,https://rcsj.edu/,0
Rowan University,Glassboro,NJ,"Glassboro, NJ",1110,1310,1210,23,29,26,26900,Public University,Rolling,3.32,80,6.5,1,5459-9392,22,http://rowan.edu/,3
Roxbury Community College,Roxbury Crossing,MA,"Roxbury Crossing, MA",850,1000,925,17,21,19,11300,Public Community College,Rolling,3.17,61,5.5,1,1104-2112,22,https://www.rcc.mass.edu/,0
Rush University,Chicago,IL,"Chicago, IL",1100,1250,1170,24,27,26,38200,Private University,1-Jan,3.28,80,6.5,1,1104-2112,22,https://www.rushu.rush.edu/,2.75
Rust College,Holly Springs,MS,"Holly Springs, MS",1160,1320,1240,25,29,27,13300,Private University,15-Jan,3.4,80,6.5,1,1104-2112,22,https://www.rustcollege.edu/,3
Rutgers University-Camden,Camden,NJ,"Camden, NJ",1050,1300,1180,19,25,22,37300,Public University,1-Feb,3.24,80,6.5,1,1104-2112,22,https://camden.rutgers.edu/,3
Rutgers University-New Brunswick,New Brunswick,NJ,"New Brunswick, NJ",1310,1500,1400,28,33,30,37400,Public University,1-Feb,3.73,90,7,1,1104-2112,22,https://newbrunswick.rutgers.edu/,3.3
Rutgers University-Newark,Newark,NJ,"Newark, NJ",1080,1240,1160,23,27,25,36800,Public University,1-Feb,3.24,79,6.5,1,1104-2112,22,https://www.newark.rutgers.edu/,2.75
SOHO Hair Academy,Council Bluffs,IA,"Council Bluffs, IA",840,970,905,17,20,18,9500,Public Community College,Rolling,3.17,61,5.5,1,1104-2112,22,https://www.sohohairacademy.com/,0
SOWELA Technical Community College,Lake Charles,LA,"Lake Charles, LA",820,955,887,17,20,18,4300,Public Community College,Rolling,3.17,61,5.5,1,1104-2112,22,https://www.sowela.edu/,0
SUNY Adirondack,Queensbury,NY,"Queensbury, NY",810,925,867,16,19,18,9600,Public Community College,Rolling,3.17,61,5.5,1,1104-2112,22,https://www.sunyacc.edu/,0
SUNY Broome Community College,Binghamton,NY,"Binghamton, NY",855,980,917,17,21,19,14300,Public Community College,Rolling,3.17,61,5.5,1,1104-2112,22,https://www.sunybroome.edu/,0
SUNY Corning Community College,Corning,NY,"Corning, NY",820,955,887,17,20,18,10300,Public Community College,Rolling,3.17,61,5.5,1,1104-2112,22,https://www.corning-cc.edu/,0
Sacramento City College,Sacramento,CA,"Sacramento, CA",835,960,897,17,20,18,12600,Public Community College,1-Aug,3.17,61,5.5,1,1104-2112,22,https://www.scc.losrios.edu/,0
Sacred Heart Major Seminary,Detroit,MI,"Detroit, MI",960,1130,1040,20,24,22,24100,Private University,15-Jan,2.96,80,6.5,1,1104-2112,22,https://www.shms.edu/,2.75
Sacred Heart University,Fairfield,CT,"Fairfield, CT",1150,1300,1220,25,29,27,50400,Private University,1-Jan,3.36,80,6.5,1,5961-11205,24,http://sacredheart.edu/,2.75
Saddleback College,Mission Viejo,CA,"Mission Viejo, CA",830,955,892,17,20,18,11900,Public Community College,Rolling,3.17,61,5.5,1,7795-18728,39,http://saddleback.edu/,0
Saginaw Valley State University,University Center,MI,"University Center, MI",920,1170,1040,18,26,22,30400,Public University,30-Nov,2.96,71,6,1,4489-8875,22,http://svsu.edu/,2.75
Saint Ambrose University,Davenport,IA,"Davenport, IA",930,1170,1050,20,25,22,36700,Private University,1-Feb,3.02,79,6.5,1,3532-6100,21,http://sau.edu/,2.75
Saint Anselm College,Manchester,NH,"Manchester, NH",1110,1280,1190,24,30,27,48900,Private University,15-Jan,3.23,80,6.5,1,6237-17076,40,http://anselm.edu/,3
Saint Anthony College of Nursing,Rockford,IL,"Rockford, IL",1090,1230,1160,23,27,25,27800,Private University,1-Feb,3.2,80,6.5,1,7861-13959,26,http://sacn.edu/,2.75
Saint Cloud State University,Saint Cloud,MN,"Saint Cloud, MN",1020,1260,1140,17,25,21,10200,Public University,30-Nov,3.23,79,6.5,1,1104-2112,22,https://www.stcloudstate.edu/,2.75
Saint Elizabeth School of Nursing,Lafayette,IN,"Lafayette, IN",860,1005,932,18,21,20,20200,Public Community College,Rolling,3.17,61,5.5,1,1104-2112,22,https://www.steson.org/,0
Saint Elizabeth University,Morristown,NJ,"Morristown, NJ",1070,1220,1140,23,27,25,36700,Private University,1-Feb,3.16,80,6.5,1,1104-2112,22,https://www.steu.edu/,2.75
Saint Francis Medical Center College of Nursing,Peoria,IL,"Peoria, IL",1110,1240,1170,24,27,26,36900,Private University,1-Jan,3.26,80,6.5,1,6741-15102,26,http://sfmccon.edu/,2.75
Saint John's Seminary,Brighton,MA,"Brighton, MA",1100,1250,1170,24,27,26,37700,Private University,1-Feb,3.27,80,6.5,1,1104-2112,22,https://www.sjs.edu/,2.75
Saint Johns River State College,Palatka,FL,"Palatka, FL",1060,1220,1140,23,27,25,9300,Public University,Rolling,3.15,79,6.5,1,1104-2112,22,https://www.sjrstate.edu/,2.75
Saint Johns University,Collegeville,MN,"Collegeville, MN",940,1230,1080,21,27,24,55800,Private University,1-Jan,3.01,79,6.5,1,1104-2112,22,https://csbsju.edu/,2.75
Saint Joseph Seminary College,St. Benedict,LA,"St. Benedict, LA",1100,1250,1170,24,27,26,28000,Private University,1-Jan,3.24,80,6.5,1,1104-2112,22,https://www.sjasc.edu/,2.75
Saint Joseph's College of Maine,Standish,ME,"Standish, ME",960,1150,1060,14,20,17,44400,Private University,1-Jan,2.99,79,6.5,1,1104-2112,22,https://www.sjcme.edu/,2.75
Saint Leo University,Saint Leo,FL,"Saint Leo, FL",1060,1220,1130,23,27,25,30000,Private University,1-Jan,3.17,80,6.5,1,4610-8579,19,http://saintleo.edu/,2.75
Saint Louis Community College,Bridgeton,MO,"Bridgeton, MO",1060,1220,1130,23,27,25,7000,Public University,1-Mar,3.11,79,6.5,1,1130-2230,13,http://stlcc.edu/,2.75
Saint Louis University,Saint Louis,MO,"Saint Louis, MO",1200,1410,1300,25,31,28,55800,Private University,1-Jan,3.47,84,6.5,1,5564-8334,17,http://slu.edu/,3.3
Saint Mary's College,Notre Dame,IN,"Notre Dame, IN",1130,1320,1230,26,30,28,53200,Private University,15-Jan,3.36,80,6.5,1,1104-2112,22,https://www.saintmarys.edu/,3
Saint Mary's College of California,Moraga,CA,"Moraga, CA",1080,1220,1140,23,27,25,57800,Private University,15-Jan,3.19,80,6.5,1,1104-2112,22,https://www.stmarys-ca.edu/,2.75
Saint Mary's University of Minnesota,Winona,MN,"Winona, MN",990,1130,1070,21,24,22,45100,Private University,1-Jan,3.03,80,6.5,1,1104-2112,22,https://www.smumn.edu/,2.75
Saint Mary-of-the-Woods College,Saint Mary of the Woods,IN,"Saint Mary of the Woods, IN",1080,1240,1170,23,27,25,35300,Private University,1-Jan,3.29,80,6.5,1,1104-2112,22,https://www.smwc.edu/,2.75
Saint Meinrad School of Theology,St. Meinrad,IN,"St. Meinrad, IN",1080,1240,1160,23,27,25,34400,Private University,15-Jan,3.19,80,6.5,1,1104-2112,22,https://www.saintmeinrad.edu/,2.75
Saint Paul College,Saint Paul,MN,"Saint Paul, MN",830,985,907,17,21,19,6300,Public Community College,Rolling,3.17,61,5.5,1,1104-2112,22,https://www.saintpaul.edu/,0
Saint Paul School of Theology,Leawood,KS,"Leawood, KS",1080,1220,1160,23,27,25,35200,Private University,15-Jan,3.2,80,6.5,1,1104-2112,22,https://www.spst.edu/,2.75
Saint Peter's University,Jersey City,NJ,"Jersey City, NJ",1000,1140,1060,21,25,23,42600,Private University,1-Feb,2.96,80,6.5,1,1104-2112,22,https://www.saintpeters.edu/,2.75
Saint Vincent de Paul Regional Seminary,Boynton Beach,FL,"Boynton Beach, FL",1100,1230,1170,24,27,26,38400,Private University,15-Jan,3.29,80,6.5,1,4092-6174,20,http://svdp.edu/,2.75
Saint Xavier University,Chicago,IL,"Chicago, IL",990,1150,1080,21,25,23,37900,Private University,1-Jan,3,80,6.5,1,4645-7427,15,http://scu.edu/,2.75
Salem College of Hairstyling,Rolla,MO,"Rolla, MO",960,1075,1017,20,23,22,17500,Private University,Rolling,2.42,80,6.5,1,1104-2112,22,https://www.centralandsalemcolleges.com/,0
Salem Community College,Carneys Point,NJ,"Carneys Point, NJ",850,990,920,17,21,19,10300,Public Community College,Rolling,3.17,61,5.5,1,1104-2112,22,https://www.salemcc.edu/,0
Salem State University,Salem,MA,"Salem, MA",1020,1150,1090,22,25,24,19500,Public University,15-Jan,3.13,79,6.5,1,5141-9669,15,http://salemstate.edu/,2.75
Salina Area Technical College,Salina,KS,"Salina, KS",840,990,915,17,21,19,7100,Public Community College,Rolling,3.17,61,5.5,1,1104-2112,22,https://www.salinatech.edu/,0
Salisbury University,Salisbury,MD,"Salisbury, MD",1180,1320,1250,20,29,24,22200,Public University,1-Feb,3.39,84,6.5,1,5053-11760,22,http://salisbury.edu/,3
Salish Kootenai College,Pablo,MT,"Pablo, MT",1080,1220,1150,23,27,25,11600,Public University,30-Nov,3.24,79,6.5,1,1104-2112,22,https://www.skc.edu/,2.75
Salon Success Academy-Corona,Corona,CA,"Corona, CA",950,1070,1010,20,23,22,18700,Private University,Rolling,2.47,80,6.5,1,1104-2112,22,https://www.salonsuccessacademy.com/,0
Salon Success Academy-Riverside,Riverside,CA,"Riverside, CA",965,1070,1017,20,23,22,18700,Private University,Rolling,2.69,80,6.5,1,1104-2112,22,https://www.salonsuccessacademy.com/,0
Salon Success Academy-Upland,Upland,CA,"Upland, CA",940,1055,997,20,22,21,18700,Private University,Rolling,2.7,80,6.5,1,1104-2112,22,https://www.salonsuccessacademy.com/,0
Samford University,Birmingham,AL,"Birmingham, AL",1070,1250,1160,22,28,25,40200,Private University,15-Jan,3.17,80,6.5,1,7613-18300,28,http://samford.edu/,3
Samuel Merritt University,Oakland,CA,"Oakland, CA",1100,1240,1170,24,27,26,36700,Private University,1-Feb,3.25,80,6.5,1,1104-2112,22,https://www.samuelmerritt.edu/,2.75
San Bernardino Valley College,San Bernardino,CA,"San Bernardino, CA",840,990,915,17,21,19,14400,Public Community College,1-Aug,3.17,61,5.5,1,7320-15764,39,http://valleycollege.edu/,0
San Diego Christian College,Santee,CA,"Santee, CA",1210,1350,1280,26,30,28,28000,Private University,1-Jan,3.44,80,6.5,1,1104-2112,22,https://sdcc.edu/,3
San Diego City College,San Diego,CA,"San Diego, CA",815,950,882,16,20,18,10000,Public Community College,1-Aug,3.17,61,5.5,1,8290-16982,39,http://sdcity.edu/,0
San Diego Mesa College,San Diego,CA,"San Diego, CA",1080,1230,1150,23,27,25,10000,Public University,Rolling,3.25,79,6.5,1,8228-14820,33,http://sdmesa.edu/,2.75
San Diego Miramar College,San Diego,CA,"San Diego, CA",825,955,890,17,20,18,10000,Public Community College,Rolling,3.17,61,5.5,1,1104-2112,22,https://www.sdmiramar.edu/,0
San Diego State University,San Diego,CA,"San Diego, CA",1190,1350,1280,26,30,28,21300,Public University,30-Nov,3.47,79,6.5,1,3833-7841,15,http://sdsu.edu/,3
San Francisco Bay University,Fremont,CA,"Fremont, CA",1000,1150,1070,21,25,23,8800,Private University,15-Jan,3.05,80,6.5,1,1104-2112,22,https://www.sfbu.edu/,2.75
San Francisco Conservatory of Music,San Francisco,CA,"San Francisco, CA",1160,1340,1250,25,30,28,56200,Private University,1-Jan,3.4,80,6.5,1,1104-2112,22,https://sfcm.edu/,3
San Francisco State University,San Francisco,CA,"San Francisco, CA",960,1100,1030,20,24,22,20600,Public University,30-Nov,2.9,79,6.5,1,5430-10311,24,http://sfsu.edu/,2.75
San Joaquin College of Law,Clovis,CA,"Clovis, CA",1090,1240,1180,23,27,25,38700,Private University,1-Feb,3.31,80,6.5,1,1104-2112,22,https://www.sjcl.edu/,2.75
San Joaquin Delta College,Stockton,CA,"Stockton, CA",815,945,880,16,20,18,9800,Public Community College,Rolling,3.17,61,5.5,1,7174-13694,37,http://deltacollege.edu/,0
San Joaquin Valley College-Bakersfield,Bakersfield,CA,"Bakersfield, CA",815,965,890,16,20,18,10300,Public Community College,Rolling,3.17,61,5.5,1,1104-2112,22,https://www.sjvc.edu/,0
San Joaquin Valley College-Visalia,Visalia,CA,"Visalia, CA",950,1080,1015,20,23,22,18700,Private University,Rolling,2.61,80,6.5,1,1104-2112,22,https://www.sjvc.edu/,2.75
San Jose City College,San Jose,CA,"San Jose, CA",860,995,927,18,21,20,11900,Public Community College,Rolling,3.17,61,5.5,1,1104-2112,22,https://www.sjcc.edu/,0
San Jose State University,San Jose,CA,"San Jose, CA",1040,1180,1120,22,26,24,21000,Public University,1-Feb,3.17,79,6.5,1,5886-12047,17,http://sjsu.edu/,2.75
San Juan College,Farmington,NM,"Farmington, NM",845,960,902,17,20,18,5400,Public Community College,Rolling,3.17,61,5.5,1,5791-14837,39,http://sanjuancollege.edu/,0
Santa Ana College,Santa Ana,CA,"Santa Ana, CA",1050,1210,1130,22,26,24,10800,Public University,1-Feb,3.12,79,6.5,1,7274-15420,32,http://sac.edu/,2.75
Santa Barbara City College,Santa Barbara,CA,"Santa Barbara, CA",830,950,890,17,20,18,10400,Public Community College,Rolling,3.17,61,5.5,1,8204-19295,39,http://sbcc.edu/,0
Santa Clara University,Santa Clara,CA,"Santa Clara, CA",1350,1490,1420,31,33,32,61300,Private University,15-Jan,3.76,90,7,1,4463-11049,16,http://scu.edu/,3.3
Santa Fe College,Gainesville,FL,"Gainesville, FL",1080,1230,1140,23,27,25,9200,Public University,1-Feb,3.18,79,6.5,1,6374-13926,35,http://sfcollege.edu/,2.75
Santa Fe Community College,Santa Fe,NM,"Santa Fe, NM",865,1020,942,18,22,20,4100,Public Community College,1-Aug,3.17,61,5.5,1,1104-2112,22,https://www.sfcc.edu/,0
Santa Monica College,Santa Monica,CA,"Santa Monica, CA",1080,1220,1150,23,27,25,10700,Public University,Rolling,3.24,79,6.5,1,6558-14129,30,http://smc.edu/,2.75
Santa Rosa Junior College,Santa Rosa,CA,"Santa Rosa, CA",830,975,902,17,20,18,11300,Public Community College,Rolling,3.17,61,5.5,1,6558-13117,38,http://santarosa.edu/,0
Sauk Valley Community College,Dixon,IL,"Dixon, IL",845,970,907,17,20,18,12900,Public Community College,Rolling,3.17,61,5.5,1,1104-2112,22,https://www.svcc.edu/,0
Savannah College of Art and Design,Savannah,GA,"Savannah, GA",1030,1270,1150,21,28,24,41600,Private University,1-Jan,3.18,80,6.5,1,6511-14945,33,http://scad.edu/,3
Savannah State University,Savannah,GA,"Savannah, GA",1050,1190,1130,22,26,24,19000,Public University,1-Mar,3.11,79,6.5,1,4585-10363,17,http://savannahstate.edu/,2.75
Savannah Technical College,Savannah,GA,"Savannah, GA",855,985,920,17,21,19,5900,Public Community College,1-Aug,3.17,61,5.5,1,1104-2112,22,https://www.savannahtech.edu/,0
Saybrook University,Pasadena,CA,"Pasadena, CA",1080,1250,1160,23,27,25,34100,Private University,15-Jan,3.18,80,6.5,1,1104-2112,22,https://www.saybrook.edu/,2.75
Schilling-Douglas School of Hair Design,Newark,DE,"Newark, DE",970,1105,1037,20,24,22,18000,Private University,Rolling,2.69,80,6.5,1,1104-2112,22,https://schillingdouglas.edu/,0
School of the Art Institute of Chicago,Chicago,IL,"Chicago, IL",1110,1250,1190,24,27,26,56400,Private University,1-Jan,3.32,80,6.5,1,2889-6107,22,http://saic.edu/,2.75
Schoolcraft Community College District,Livonia,MI,"Livonia, MI",1060,1200,1140,23,26,24,8100,Public University,30-Nov,3.18,79,6.5,1,1104-2112,22,https://www.schoolcraft.edu/,2.75
Scottsdale Community College,Scottsdale,AZ,"Scottsdale, AZ",1060,1220,1150,23,27,25,9000,Public University,30-Nov,3.24,79,6.5,1,1104-2112,22,https://www.scottsdalecc.edu/,2.75
Scripps College,Claremont,CA,"Claremont, CA",1440,1540,1490,31,34,32,66000,Private University,15-Jan,3.92,100,7,1,5487-12027,39,http://scrippscollege.edu/,3.5
Searcy Beauty College,Searcy,AR,"Searcy, AR",960,1080,1020,20,23,22,16900,Private University,Rolling,2.57,80,6.5,1,1104-2112,22,https://searcybeautycollege.com/,0
Selma University,Selma,AL,"Selma, AL",1100,1260,1170,24,28,26,4800,Private University,1-Feb,3.23,80,6.5,1,1104-2112,22,https://selmau.edu/,2.75
Seminole State College of Florida,Sanford,FL,"Sanford, FL",1090,1230,1150,23,27,25,11400,Public University,1-Mar,3.23,79,6.5,1,2680-7023,23,http://seminolestate.edu/,2.75
Seton Hall University,South Orange,NJ,"South Orange, NJ",1220,1390,1300,27,32,30,53200,Private University,1-Jan,3.47,84,6.5,1,6339-16127,40,http://shu.edu/,3.3
Seward County Community College,Liberal,KS,"Liberal, KS",835,945,890,17,20,18,5400,Public Community College,Rolling,3.17,61,5.5,1,1104-2112,22,https://sccc.edu/,0
Shasta Bible College and Graduate School,Redding,CA,"Redding, CA",1000,1130,1060,21,24,22,14500,Private University,1-Jan,3.04,80,6.5,1,1104-2112,22,https://www.shasta.edu/,2.75
Shasta College,Redding,CA,"Redding, CA",1070,1200,1130,23,26,24,8900,Public University,1-Mar,3.12,79,6.5,1,8799-13762,38,http://shastacollege.edu/,2.75
Shasta School of Cosmetology,Redding,CA,"Redding, CA",975,1090,1032,20,23,22,19200,Private University,Rolling,2.57,80,6.5,1,1104-2112,22,https://www.shastaschoolofcosmetology.com/,0
Shawnee Community College,Ullin,IL,"Ullin, IL",845,990,917,17,21,19,7500,Public Community College,Rolling,3.17,61,5.5,1,1079-1909,11,http://shawneecc.edu/,0
Shelton State Community College,Tuscaloosa,AL,"Tuscaloosa, AL",835,980,907,17,21,19,9000,Public Community College,1-Aug,3.17,61,5.5,1,1104-2112,22,https://www.sheltonstate.edu/,0
Sheridan Technical College,Hollywood,FL,"Hollywood, FL",825,965,895,17,20,18,10300,Public Community College,Rolling,3.17,61,5.5,1,1104-2112,22,https://www.sheridantechnicalcollege.edu/,0
Shore Beauty School,Egg Harbor Township,NJ,"Egg Harbor Township, NJ",945,1080,1012,20,23,22,17900,Private University,Rolling,2.73,80,6.5,1,1104-2112,22,https://www.shorebeautyschool.edu/,0
Shorter College,N Little Rock,AR,"N Little Rock, AR",845,975,910,17,20,18,6200,Public Community College,Rolling,3.17,61,5.5,1,1104-2112,22,https://www.shortercollege.edu/,0
Shorter University,Rome,GA,"Rome, GA",1040,1200,1120,18,25,22,24600,Private University,1-Jan,3.11,79,6.5,1,4885-10988,19,http://shorter.edu/,2.75
Siena Heights University,Adrian,MI,"Adrian, MI",810,1070,940,16,23,20,30800,Private University,1-Feb,2.79,78,6,1,1104-2112,22,https://www.sienaheights.edu/,2.75
Sierra College,Rocklin,CA,"Rocklin, CA",825,970,897,17,20,18,1400,Public Community College,Rolling,3.17,61,5.5,1,8201-14448,40,http://sierracollege.edu/,0
Sierra College of Beauty,Merced,CA,"Merced, CA",965,1080,1022,20,23,22,16600,Private University,Rolling,2.46,80,6.5,1,1104-2112,22,https://sierrabeautycollege.net/blog3/,0
Signature Healthcare Brockton Hospital School of Nursing,Brockton,MA,"Brockton, MA",870,1000,935,18,21,20,10600,Public Community College,Rolling,3.17,61,5.5,1,1104-2112,22,https://signature-healthcare.org/bhson,0
Simmons University,Boston,MA,"Boston, MA",1220,1390,1300,26,34,30,46900,Private University,1-Jan,3.48,84,6.5,1,1104-2112,22,https://www.simmons.edu/,3.3
Simpson College,Indianola,IA,"Indianola, IA",1370,1510,1440,31,33,32,47700,Private University,1-Jan,3.82,90,7,1,8580-19333,35,http://simpson.edu/,3.3
Simpson University,Redding,CA,"Redding, CA",1000,1140,1080,21,25,23,39700,Private University,1-Jan,3.03,80,6.5,1,4656-6677,15,http://simpsonu.edu/,2.75
Skyline College,San Bruno,CA,"San Bruno, CA",1070,1240,1150,23,27,25,10000,Public University,15-Jan,3.22,79,6.5,1,7466-19109,39,http://skylinecollege.edu/,2.75
Smith College,Northampton,MA,"Northampton, MA",1420,1540,1480,32,35,34,65200,Private University,15-Jan,3.9,100,7,1,7955-19403,31,http://smith.edu/,3.5
Snead State Community College,Boaz,AL,"Boaz, AL",845,990,917,17,21,19,9700,Public Community College,Rolling,3.17,61,5.5,1,1214-2256,13,http://snead.edu/,0
Sofia University,Palo Alto,CA,"Palo Alto, CA",965,1085,1025,20,23,22,17800,Private University,Rolling,2.75,80,6.5,1,1104-2112,22,https://www.sofia.edu/,2.75
Solano Community College,Fairfield,CA,"Fairfield, CA",1070,1210,1140,23,26,24,9800,Public University,15-Jan,3.15,79,6.5,1,1514-2235,12,http://solano.edu/,2.75
Somerset Community College,Somerset,KY,"Somerset, KY",820,945,882,17,20,18,6400,Public Community College,Rolling,3.17,61,5.5,1,1104-2112,22,https://somerset.kctcs.edu/,0
Sonoma State University,Rohnert Park,CA,"Rohnert Park, CA",1010,1160,1090,21,25,23,21200,Public University,30-Nov,3.12,79,6.5,1,4580-10442,20,http://sonoma.edu/,2.75
South Arkansas College,El Dorado,AR,"El Dorado, AR",855,1010,932,17,21,19,5500,Public Community College,Rolling,3.17,61,5.5,1,1104-2112,22,https://www.southark.edu/,0
South Baylo University,Anaheim,CA,"Anaheim, CA",1080,1230,1160,23,27,25,33000,Private University,1-Jan,3.16,80,6.5,1,1104-2112,22,https://www.southbaylo.edu/,2.75
South Central College,North Mankato,MN,"North Mankato, MN",860,1015,937,18,21,20,6100,Public Community College,1-Aug,3.17,61,5.5,1,6681-15483,39,http://southcentral.edu/,0
South Coast College,Orange,CA,"Orange, CA",830,945,887,17,20,18,13500,Public Community College,Rolling,3.17,61,5.5,1,1104-2112,22,https://www.southcoastcollege.edu/,0
South Florida State College,Avon Park,FL,"Avon Park, FL",1080,1230,1150,23,27,25,11900,Public University,1-Mar,3.23,79,6.5,1,2294-8099,24,http://southflorida.edu/,2.75
South Georgia Technical College,Americus,GA,"Americus, GA",845,980,912,17,21,19,7200,Public Community College,1-Aug,3.17,61,5.5,1,1104-2112,22,https://www.southgatech.edu/,0
South Mountain Community College,Phoenix,AZ,"Phoenix, AZ",1060,1230,1140,23,27,25,9000,Public University,Rolling,3.19,79,6.5,1,918-1812,11,http://southmountaincc.edu/,2.75
South Suburban College,South Holland,IL,"South Holland, IL",855,990,922,17,21,19,12700,Public Community College,Rolling,3.17,61,5.5,1,5442-15944,33,http://ssc.edu/,0
South University-Montgomery,Montgomery,AL,"Montgomery, AL",945,1050,997,20,22,21,18100,Private University,Rolling,2.69,80,6.5,1,1104-2112,22,https://www.southuniversity.edu/,2.75
South University-Savannah,Savannah,GA,"Savannah, GA",935,1045,990,19,22,20,18100,Private University,Rolling,2.52,80,6.5,1,1104-2112,22,"https://www.southuniversity.edu/savannah#location=Savannah, GA",2.75
South University-West Palm Beach,Royal Palm Beach,FL,"Royal Palm Beach, FL",935,1065,1000,19,23,21,18100,Private University,Rolling,2.71,80,6.5,1,1104-2112,22,"https://www.southuniversity.edu/west-palm-beach#location=West Palm Beach, FL",2.75
Southcentral Kentucky Community and Technical College,Bowling Green,KY,"Bowling Green, KY",855,980,917,17,21,19,6400,Public Community College,Rolling,3.17,61,5.5,1,1104-2112,22,https://southcentral.kctcs.edu/,0
Southeast Arkansas College,Pine Bluff,AR,"Pine Bluff, AR",855,970,912,17,20,18,8600,Public Community College,Rolling,3.17,61,5.5,1,8998-20934,25,http://seark.edu/,0
Southeast Community College Area,Lincoln,NE,"Lincoln, NE",840,970,905,17,20,18,4300,Public Community College,Rolling,3.17,61,5.5,1,1104-2112,22,https://www.southeast.edu/,0
Southeast Kentucky Community & Technical College,Cumberland,KY,"Cumberland, KY",830,970,900,17,20,18,6400,Public Community College,Rolling,3.17,61,5.5,1,1104-2112,22,https://southeast.kctcs.edu/,0
Southeast Missouri State University,Cape Girardeau,MO,"Cape Girardeau, MO",880,1020,950,15,20,18,9900,Public University,1-Mar,2.75,71,6,1,5202-9497,15,http://semo.edu/,2.75
Southeast New Mexico College,Carlsbad,NM,"Carlsbad, NM",845,1000,922,17,21,19,4000,Public Community College,Rolling,3.17,61,5.5,1,1104-2112,22,https://senmc.edu/,0
Southeastern Baptist College,Laurel,MS,"Laurel, MS",970,1130,1050,20,24,22,7400,Private University,1-Jan,2.99,80,6.5,1,1104-2112,22,https://www.southeasternbaptist.edu/,2.75
Southeastern Community College,West Burlington,IA,"West Burlington, IA",855,1000,927,17,21,19,6600,Public Community College,Rolling,3.17,61,5.5,1,1602-3264,16,http://sccnc.edu/,0
Southeastern Illinois College,Harrisburg,IL,"Harrisburg, IL",830,960,895,17,20,18,6800,Public Community College,Rolling,3.17,61,5.5,1,7208-11245,37,http://sic.edu/,0
Southeastern Louisiana University,Hammond,LA,"Hammond, LA",1020,1160,1090,18,24,21,20900,Public University,1-Mar,3.05,79,6.5,1,2598-5260,18,http://southeastern.edu/,2.75
Southeastern Technical Institute,South Easton,MA,"South Easton, MA",1120,1260,1180,24,28,26,23200,Public University,1-Feb,3.31,79,6.5,1,1104-2112,22,https://www.stitech.edu/,0
Southeastern University,Lakeland,FL,"Lakeland, FL",1140,1300,1230,25,29,27,33000,Private University,15-Jan,3.38,80,6.5,1,1104-2112,22,https://www.seu.edu/,3
Southern Arkansas University Main Campus,Magnolia,AR,"Magnolia, AR",880,1100,990,17,24,20,15700,Public University,30-Nov,2.92,71,6,1,1104-2112,22,https://www.saumag.edu/,2.75
Southern Arkansas University Tech,Camden,AR,"Camden, AR",815,925,870,16,19,18,6500,Public Community College,1-Aug,3.17,61,5.5,1,1104-2112,22,https://www.sautech.edu/,0
Southern California Institute of Architecture,Los Angeles,CA,"Los Angeles, CA",1100,1260,1190,24,28,26,56200,Private University,1-Jan,3.31,80,6.5,1,1104-2112,22,https://www.sciarc.edu/,2.75
Southern California Seminary,El Cajon,CA,"El Cajon, CA",1110,1250,1170,24,27,26,19100,Private University,1-Jan,3.27,80,6.5,1,1104-2112,22,https://www.socalsem.edu/,2.75
Southern California University of Health Sciences,Whittier,CA,"Whittier, CA",1110,1260,1170,24,28,26,10500,Private University,1-Jan,3.27,80,6.5,1,3003-6077,16,http://scuhs.edu/,2.75
Southern Connecticut State University,New Haven,CT,"New Haven, CT",1020,1170,1090,22,25,24,27400,Public University,30-Nov,3.11,79,6.5,1,3968-8369,16,http://southernct.edu/,2.75
Southern Crescent Technical College,Griffin,GA,"Griffin, GA",830,955,892,17,20,18,6100,Public Community College,Rolling,3.17,61,5.5,1,1104-2112,22,https://www.sctech.edu/,0
Southern Illinois University Edwardsville,Edwardsville,IL,"Edwardsville, IL",950,1190,1070,20,27,24,12900,Public University,1-Mar,2.98,79,6.5,1,3963-6482,19,http://siue.edu/,2.75
Southern Illinois University-Carbondale,Carbondale,IL,"Carbondale, IL",900,1160,1030,18,25,22,13300,Public University,1-Mar,2.9,71,6,1,1104-2112,22,https://siu.edu/,2.75
Southern Maine Community College,South Portland,ME,"South Portland, ME",850,1000,925,17,21,19,7000,Public Community College,Rolling,3.17,61,5.5,1,1119-2450,16,http://smccme.edu/,0
Southern New Hampshire University,Manchester,NH,"Manchester, NH",950,1120,1030,20,24,22,17200,Private University,1-Jan,2.92,80,6.5,1,5275-7299,15,http://snhu.edu/,2.75
Southern University and A & M College,Baton Rouge,LA,"Baton Rouge, LA",790,1020,900,15,19,17,17300,Public University,30-Nov,2.75,82,6.5,1,1104-2112,22,https://www.subr.edu/,2.75
Southern University at New Orleans,New Orleans,LA,"New Orleans, LA",820,1050,940,15,20,18,17000,Public University,30-Nov,2.81,74,6,1,1104-2112,22,https://www.suno.edu/,2.75
Southern University at Shreveport,Shreveport,LA,"Shreveport, LA",850,960,905,17,20,18,5000,Public Community College,1-Aug,3.17,61,5.5,1,1104-2112,22,https://www.susla.edu/,0
Southwest Baptist University,Bolivar,MO,"Bolivar, MO",810,1210,1010,17,26,22,30600,Private University,1-Jan,2.87,71,6,1,7898-15568,34,http://sbuniv.edu/,2.75
Southwest Minnesota State University,Marshall,MN,"Marshall, MN",980,1120,1050,16,23,20,10400,Public University,1-Feb,2.97,79,6.5,1,4582-8337,24,http://smsu.edu/,2.75
Southwest Mississippi Community College,Summit,MS,"Summit, MS",835,960,897,17,20,18,6800,Public Community College,Rolling,3.17,61,5.5,1,1104-2112,22,https://www.smcc.edu/,0
"Southwestern College (Chula Vista, CA)",Chula Vista,CA,"Chula Vista, CA",830,950,890,17,20,18,10600,Public Community College,Rolling,3.17,61,5.5,1,1104-2112,22,https://www.swccd.edu/,0
"Southwestern College (Santa Fe, NM)",Santa Fe,NM,"Santa Fe, NM",1090,1250,1180,23,27,25,38900,Private University,1-Jan,3.32,80,6.5,1,1104-2112,22,https://www.swc.edu/,2.75
"Southwestern College (Winfield, KS)",Winfield,KS,"Winfield, KS",1090,1250,1160,23,27,25,39800,Private University,1-Jan,3.28,80,6.5,1,1104-2112,22,https://www.sckans.edu/,2.75
Southwestern Community College,Creston,IA,"Creston, IA",835,965,900,17,20,18,8300,Public Community College,Rolling,3.17,61,5.5,1,1689-2318,12,http://swcciowa.edu/,0
Southwestern Illinois College,Belleville,IL,"Belleville, IL",830,985,907,17,21,19,6700,Public Community College,Rolling,3.17,61,5.5,1,5337-16369,29,http://swic.edu/,0
Southwestern Indian Polytechnic Institute,Albuquerque,NM,"Albuquerque, NM",855,995,925,17,21,19,1100,Public Community College,Rolling,3.17,61,5.5,1,1104-2112,22,https://www.sipi.edu/,0
Southwestern Law School,Los Angeles,CA,"Los Angeles, CA",1090,1240,1170,23,27,25,35700,Private University,1-Jan,3.23,80,6.5,1,1104-2112,22,https://www.swlaw.edu/,2.75
Southwestern Michigan College,Dowagiac,MI,"Dowagiac, MI",825,955,890,17,20,18,8400,Public Community College,1-Aug,3.17,61,5.5,1,1104-2112,22,https://www.swmich.edu/,0
Spa Tech Institute-Westbrook,Westbrook,ME,"Westbrook, ME",960,1075,1017,20,23,22,19100,Private University,Rolling,2.47,80,6.5,1,1104-2112,22,https://www.spatech.edu/,0
Spalding University,Louisville,KY,"Louisville, KY",880,1040,960,15,22,18,29200,Private University,1-Feb,2.76,71,6,1,1104-2112,22,https://www.spalding.edu/,2.75
Spartan College of Aeronautics and Technology,Broomfield,CO,"Broomfield, CO",810,950,880,16,20,18,20200,Public Community College,Rolling,3.17,61,5.5,1,1104-2112,22,https://www.spartan.edu/,0
Spelman College,Atlanta,GA,"Atlanta, GA",1110,1320,1210,22,29,26,31600,Private University,1-Jan,3.35,80,6.5,1,6313-10825,29,http://spelman.edu/,3
Spertus College,Chicago,IL,"Chicago, IL",1110,1250,1170,24,27,26,38300,Private University,1-Feb,3.29,80,6.5,1,1104-2112,22,https://www.spertus.edu/,2.75
Spoon River College,Canton,IL,"Canton, IL",815,965,890,16,20,18,13500,Public Community College,Rolling,3.17,61,5.5,1,8307-13480,29,http://src.edu/,0
Spring Arbor University,Spring Arbor,MI,"Spring Arbor, MI",1010,1240,1120,16,22,19,34000,Private University,1-Feb,3.19,79,6.5,1,1104-2112,22,https://www.arbor.edu/,2.75
Spring Hill College,Mobile,AL,"Mobile, AL",1050,1190,1120,17,29,23,24100,Private University,15-Jan,3.19,79,6.5,1,1104-2112,22,https://www.shc.edu/,2.75
Springfield College,Springfield,MA,"Springfield, MA",1080,1330,1200,27,29,28,45200,Private University,15-Jan,3.31,80,6.5,1,5902-15201,40,http://springfieldcollege.edu/,3
Springfield Technical Community College,Springfield,MA,"Springfield, MA",815,940,877,16,20,18,11100,Public Community College,Rolling,3.17,61,5.5,1,1704-2339,13,http://stcc.edu/,0
St Catherine University,Saint Paul,MN,"Saint Paul, MN",850,1140,1000,20,26,23,51500,Private University,1-Feb,2.84,71,6,1,1104-2112,22,https://www.stkate.edu/,2.75
St Clair County Community College,Port Huron,MI,"Port Huron, MI",850,960,905,17,20,18,12200,Public Community College,Rolling,3.17,61,5.5,1,1104-2112,22,https://www.sc4.edu/,0
St Cloud Technical and Community College,Saint Cloud,MN,"Saint Cloud, MN",825,965,895,17,20,18,6100,Public Community College,1-Aug,3.17,61,5.5,1,1104-2112,22,https://www.sctcc.edu/,0
St Joseph School of Nursing,Nashua,NH,"Nashua, NH",850,965,907,17,20,18,23400,Public Community College,Rolling,3.17,61,5.5,1,1104-2112,22,https://www.sjson.edu/,0
St Louis College of Health Careers-St Louis,Saint Louis,MO,"Saint Louis, MO",980,1085,1032,21,23,22,17100,Private University,Rolling,2.7,80,6.5,1,1104-2112,22,https://www.slchc.edu/,0
St Luke's College,Sioux City,IA,"Sioux City, IA",910,1050,980,17,23,20,24200,Private University,1-Jan,2.82,71,6,1,1104-2112,22,https://www.stlukescollege.edu/,2.75
St Olaf College,Northfield,MN,"Northfield, MN",1300,1470,1380,28,32,30,59800,Private University,1-Jan,3.64,90,7,1,1104-2112,22,https://wp.stolaf.edu/,3.3
St Paul's School of Nursing-Queens,Rego Park,NY,"Rego Park, NY",845,995,920,17,21,19,17400,Public Community College,Rolling,3.17,61,5.5,1,1104-2112,22,https://www.stpaulsschoolofnursing.edu/,0
St Petersburg College,St. Petersburg,FL,"St. Petersburg, FL",1060,1230,1140,23,27,25,9300,Public University,1-Feb,3.19,79,6.5,1,1104-2112,22,https://www.spcollege.edu/,2.75
St. Augustine College,Chicago,IL,"Chicago, IL",1080,1230,1160,23,27,25,13700,Private University,1-Jan,3.19,80,6.5,1,1104-2112,22,https://www.staugustine.edu/,2.75
St. John Vianney College Seminary,Miami,FL,"Miami, FL",990,1130,1050,21,24,22,25500,Private University,15-Jan,2.96,80,6.5,1,1104-2112,22,https://www.sjvcs.edu/,2.75
St. John's College,Annapolis,MD,"Annapolis, MD",1270,1440,1360,27,32,30,40700,Private University,15-Jan,3.63,90,7,1,1104-2112,22,https://www.sjc.edu/,3.3
St. John's College-Department of Nursing,Springfield,IL,"Springfield, IL",1090,1240,1170,23,27,25,38100,Private University,15-Jan,3.28,80,6.5,1,1104-2112,22,https://www.hshs.org/stjohnscollege/,2.75
St. Mary's College of Maryland,St. Mary's City,MD,"St. Mary's City, MD",1140,1340,1240,26,31,28,31400,Public University,30-Nov,3.39,80,6.5,1,1104-2112,22,https://www.smcm.edu/,3
St. Thomas University,Miami Gardens,FL,"Miami Gardens, FL",950,1120,1040,20,24,22,34800,Private University,15-Jan,2.95,80,6.5,1,1104-2112,22,https://www.stu.edu/,2.75
Starr King School for the Ministry,Oakland,CA,"Oakland, CA",1080,1240,1160,23,27,25,34900,Private University,1-Jan,3.2,80,6.5,1,5580-8338,20,http://sksm.edu/,2.75
State College of Florida-Manatee-Sarasota,Bradenton,FL,"Bradenton, FL",1080,1220,1140,23,27,25,11600,Public University,Rolling,3.2,79,6.5,1,1104-2112,22,https://www.scf.edu/,2.75
State Fair Community College,Sedalia,MO,"Sedalia, MO",855,965,910,17,20,18,7400,Public Community College,1-Aug,3.17,61,5.5,1,1104-2112,22,https://www.sfccmo.edu/,0
State Technical College of Missouri,Linn,MO,"Linn, MO",840,950,895,17,20,18,14600,Public Community College,Rolling,3.17,61,5.5,1,1104-2112,22,https://www.statetechmo.edu/,0
Stephens College,Columbia,MO,"Columbia, MO",1040,1200,1120,22,26,24,28300,Private University,1-Feb,3.12,80,6.5,1,1104-2112,22,https://www.stephens.edu/,2.75
Sterling College,Sterling,KS,"Sterling, KS",1160,1290,1220,25,28,26,33700,Private University,1-Jan,3.32,80,6.5,1,8174-19138,36,http://sterling.edu/,3
Stetson University,DeLand,FL,"DeLand, FL",1060,1270,1160,21,28,24,57400,Private University,15-Jan,3.2,80,6.5,1,3093-9118,19,https://stetson.edu/,3
Steven Papageorge Hair Academy,Chicago,IL,"Chicago, IL",935,1065,1000,19,23,21,17200,Private University,Rolling,2.61,80,6.5,1,1104-2112,22,https://stevenpapageorgehairacademy.com/,0
Stevens Institute of Technology,Hoboken,NJ,"Hoboken, NJ",1380,1500,1440,31,34,32,63500,Private University,1-Jan,3.82,90,7,1,4316-7838,23,http://stevens.edu/,3.3
Stevens-The Institute of Business & Arts,Saint Louis,MO,"Saint Louis, MO",940,1060,1000,20,23,22,14300,Private University,Rolling,2.59,80,6.5,1,1104-2112,22,https://www.siba.edu/,2.75
Stevenson University,Owings Mills,MD,"Owings Mills, MD",1030,1180,1110,22,26,24,40600,Private University,1-Jan,3.1,80,6.5,1,1104-2112,22,https://www.stevenson.edu/,2.75
Stevensons Academy of Hair Design,New Orleans,LA,"New Orleans, LA",965,1090,1027,20,23,22,19000,Private University,Rolling,2.65,80,6.5,1,1104-2112,22,https://www.stevenson-academy.com/,0
Stillman College,Tuscaloosa,AL,"Tuscaloosa, AL",1090,1240,1170,23,27,25,12100,Private University,15-Jan,3.21,80,6.5,1,1104-2112,22,https://stillman.edu/,2.75
Stockton University,Galloway,NJ,"Galloway, NJ",1030,1230,1130,21,25,23,24500,Public University,1-Feb,3.13,79,6.5,1,1104-2112,22,https://www.stockton.edu/,2.75
Stonehill College,Easton,MA,"Easton, MA",1180,1320,1240,26,29,28,57500,Private University,1-Jan,3.44,80,6.5,1,1104-2112,22,https://www.stonehill.edu/,2.75
Strayer University-District of Columbia,Washington,DC,"Washington, DC",960,1100,1030,20,24,22,13900,Private University,Rolling,2.76,80,6.5,1,1104-2112,22,https://www.strayer.edu/campus-locations/district-columbia/washington,2.75
Suffolk University,Boston,MA,"Boston, MA",1090,1300,1200,24,28,26,47600,Private University,1-Jan,3.25,80,6.5,1,2286-7724,21,http://suffolk.edu/,3
Sullivan University,Louisville,KY,"Louisville, KY",950,1070,1010,20,23,22,15500,Private University,Rolling,2.45,80,6.5,1,3029-10013,20,http://sullivan.edu/,2.75
Summit Academy Opportunities Industrialization Center,Minneapolis,MN,"Minneapolis, MN",1090,1240,1170,23,27,25,35300,Private University,1-Jan,3.23,80,6.5,1,1104-2112,22,https://www.saoic.org/,0
Summit Christian College,Gering,NE,"Gering, NE",1220,1370,1280,27,30,28,8300,Private University,1-Jan,3.51,80,6.5,1,1104-2112,22,https://www.summitcc.edu/,3
Summit Salon Academy Kansas City,Independence,MO,"Independence, MO",935,1050,992,19,22,20,16700,Private University,Rolling,2.6,80,6.5,1,1104-2112,22,https://www.summitsalonacademykc.com/,0
Summit Salon Academy-Lexington,Lexington,KY,"Lexington, KY",965,1095,1030,20,23,22,16700,Private University,Rolling,2.43,80,6.5,1,1104-2112,22,https://www.summitsalonacademy.org/,0
Suncoast Technical College,Sarasota,FL,"Sarasota, FL",835,965,900,17,20,18,10500,Public Community College,Rolling,3.17,61,5.5,1,1104-2112,22,https://www.sarasotacountyschools.net/o/stcsmc,0
Tabor College,Hillsboro,KS,"Hillsboro, KS",1120,1280,1190,24,28,26,36200,Private University,1-Jan,3.32,80,6.5,1,1104-2112,22,https://tabor.edu/,2.75
Taft College,Taft,CA,"Taft, CA",1060,1200,1140,23,26,24,10900,Public University,1-Feb,3.19,79,6.5,1,5988-17764,25,http://taftcollege.edu/,2.75
Talladega College,Talladega,AL,"Talladega, AL",1040,1200,1110,22,26,24,15600,Private University,1-Jan,3.14,80,6.5,1,1104-2112,22,https://www.talladega.edu/,2.75
Tallahassee State College,Tallahassee,FL,"Tallahassee, FL",1060,1210,1130,23,26,24,8100,Public University,30-Nov,3.11,79,6.5,1,1104-2112,22,https://www.tsc.fl.edu/,2.75
Talmudic College of Florida,Miami Beach,FL,"Miami Beach, FL",1070,1250,1160,23,27,25,16800,Private University,1-Feb,3.2,80,6.5,1,1104-2112,22,https://www.talmudicu.edu/,2.75
Talmudical Academy-New Jersey,Adelphia,NJ,"Adelphia, NJ",1150,1300,1220,25,29,27,15800,Private University,1-Jan,3.29,80,6.5,1,1104-2112,22,https://talmudicalacademynj.com/,3
Taylor Business Institute,Chicago,IL,"Chicago, IL",825,955,890,17,20,18,12000,Public Community College,1-Aug,3.17,61,5.5,1,1104-2112,22,https://www.tbiil.edu/,0
Taylor Institute of Cosmetology II,Knox,IN,"Knox, IN",935,1050,992,19,22,20,17800,Private University,Rolling,2.61,80,6.5,1,1104-2112,22,https://www.kbc.edu/,0
Taylor University,Upland,IN,"Upland, IN",1070,1330,1200,24,31,28,40500,Private University,15-Jan,3.28,80,6.5,1,1104-2112,22,https://www.taylor.edu/,3
Technical College of the Rockies,Delta,CO,"Delta, CO",1080,1210,1140,23,26,24,22100,Public University,30-Nov,3.18,79,6.5,1,1104-2112,22,https://www.tcr.edu/,0
Telshe Yeshiva-Chicago,Chicago,IL,"Chicago, IL",1000,1140,1060,21,25,23,15000,Private University,1-Feb,3.05,80,6.5,1,1104-2112,22,https://telsheyeshivachicago.com/,2.75
The Ailey School,New York,NY,"New York, NY",875,1005,940,18,21,20,14800,Public Community College,Rolling,3.17,61,5.5,1,1104-2112,22,https://ailey.org/training,0
The Catholic University of America,Washington,DC,"Washington, DC",1100,1270,1180,24,28,26,58400,Private University,1-Jan,3.31,80,6.5,1,8535-14538,25,http://cua.edu/,2.75
The Chicago School at Chicago,Chicago,IL,"Chicago, IL",1220,1370,1300,27,30,28,21800,Private University,1-Feb,3.55,80,6.5,1,1104-2112,22,https://www.thechicagoschool.edu/in-the-community/locations/,3
The College of Idaho,Caldwell,ID,"Caldwell, ID",1070,1280,1180,23,31,27,37800,Private University,15-Jan,3.3,80,6.5,1,6664-17786,33,http://collegeofidaho.edu/,3
The College of New Jersey,Ewing,NJ,"Ewing, NJ",1140,1340,1240,26,31,28,25800,Public University,15-Jan,3.36,80,6.5,1,7767-12928,26,http://tcnj.edu/,3
The College of Saint Scholastica,Duluth,MN,"Duluth, MN",1050,1190,1120,19,25,22,41800,Private University,15-Jan,3.13,79,6.5,1,5215-9227,27,http://css.edu/,2.75
The College of the Florida Keys,Key West,FL,"Key West, FL",1060,1220,1140,23,27,25,13200,Public University,15-Jan,3.19,79,6.5,1,1104-2112,22,https://www.cfk.edu/,2.75
The Colleges of Law at Ventura,Ventura,CA,"Ventura, CA",1080,1250,1170,23,27,25,37400,Private University,1-Jan,3.27,80,6.5,1,1104-2112,22,https://www.collegesoflaw.edu/,2.75
The Cooper Union for the Advancement of Science and Art,New York,NY,"New York, NY",1300,1500,1400,28,34,31,46800,Private University,15-Jan,3.75,90,7,1,1104-2112,22,https://www.cooper.edu/,3.3
The Landing School,Arundel,ME,"Arundel, ME",860,995,927,18,21,20,29100,Public Community College,1-Aug,3.17,61,5.5,1,1104-2112,22,https://www.landingschool.edu/,0
The Master's University and Seminary,Santa Clarita,CA,"Santa Clarita, CA",1030,1180,1110,22,26,24,39000,Private University,15-Jan,3.12,80,6.5,1,1104-2112,22,https://www.masters.edu/,2.75
The Michigan Barber School,Detroit,MI,"Detroit, MI",835,955,895,17,20,18,10000,Public Community College,Rolling,3.17,61,5.5,1,1104-2112,22,https://www.michiganbarberschool.org/,0
The New England Conservatory of Music,Boston,MA,"Boston, MA",1210,1350,1280,26,30,28,60800,Private University,1-Jan,3.44,80,6.5,1,1104-2112,22,https://necmusic.edu/,3
The Salon Professional Academy-Cedar Falls,Cedar Falls,IA,"Cedar Falls, IA",945,1085,1015,20,23,22,17400,Private University,Rolling,2.68,80,6.5,1,1104-2112,22,https://tspacedarfalls.com/,0
The School of Architecture,Scottsdale,AZ,"Scottsdale, AZ",1080,1250,1170,23,27,25,36300,Private University,1-Feb,3.25,80,6.5,1,1104-2112,22,https://tsoa.edu/,2.75
The Southern Baptist Theological Seminary,Louisville,KY,"Louisville, KY",1010,1230,1120,19,27,23,11000,Private University,1-Jan,3.08,79,6.5,1,5996-12678,19,http://sbts.edu/,2.75
The University of Alabama,Tuscaloosa,AL,"Tuscaloosa, AL",1170,1400,1280,24,31,28,34200,Public University,15-Jan,3.44,84,6.5,1,1104-2112,22,https://www.ua.edu/,3
The University of Montana,Missoula,MT,"Missoula, MT",1120,1260,1190,23,28,26,33700,Public University,15-Jan,3.28,80,6.5,1,1104-2112,22,https://www.umt.edu/,3
The University of Montana-Western,Dillon,MT,"Dillon, MT",970,1120,1050,20,24,22,20100,Public University,15-Jan,3,79,6.5,1,1104-2112,22,https://umwestern.edu/,2.75
The University of Olivet,Olivet,MI,"Olivet, MI",1040,1200,1110,22,26,24,34100,Private University,15-Jan,3.12,80,6.5,1,1104-2112,22,https://www.uolivet.edu/,2.75
The University of Tampa,Tampa,FL,"Tampa, FL",1180,1340,1250,26,30,28,34400,Private University,15-Jan,3.38,80,6.5,1,1104-2112,22,https://www.ut.edu/,3
The Wright Institute,Berkeley,CA,"Berkeley, CA",1080,1230,1170,23,27,25,35900,Private University,1-Jan,3.24,80,6.5,1,1104-2112,22,https://www.wi.edu/,2.75
Thomas Aquinas College,Santa Paula,CA,"Santa Paula, CA",1220,1400,1310,28,33,30,30200,Private University,15-Jan,3.58,84,6.5,1,1104-2112,22,https://thomasaquinas.edu/,3.3
Thomas College,Waterville,ME,"Waterville, ME",980,1140,1050,21,25,23,31800,Private University,1-Jan,2.97,80,6.5,1,1104-2112,22,https://www.thomas.edu/,2.75
Thomas Edison State University,Trenton,NJ,"Trenton, NJ",1080,1220,1150,23,27,25,8900,Public University,1-Mar,3.24,79,6.5,1,1104-2112,22,https://www.tesu.edu/,2.75
Thomas Jefferson School of Law,San Diego,CA,"San Diego, CA",1090,1240,1170,23,27,25,38000,Private University,1-Jan,3.28,80,6.5,1,1104-2112,22,https://www.tjsl.edu/,2.75
Thomas M Cooley Law School,Lansing,MI,"Lansing, MI",1090,1250,1170,23,27,25,37000,Private University,1-Jan,3.26,80,6.5,1,1104-2112,22,https://cooley.edu/,2.75
Thomas More College of Liberal Arts,Merrimack,NH,"Merrimack, NH",1090,1240,1170,23,27,25,30400,Private University,1-Jan,3.25,80,6.5,1,1104-2112,22,https://www.thomasmorecollege.edu/,2.75
Thomas More University,Crestview Hills,KY,"Crestview Hills, KY",1030,1230,1130,21,27,24,39800,Private University,1-Jan,3.2,79,6.5,1,1104-2112,22,https://www.thomasmore.edu/,2.75
Thomas University,Thomasville,GA,"Thomasville, GA",990,1220,1100,20,24,22,11600,Private University,1-Jan,3.08,79,6.5,1,3865-9781,17,http://thomasu.edu/,2.75
Three Rivers College,Poplar Bluff,MO,"Poplar Bluff, MO",850,970,910,17,20,18,6200,Public Community College,1-Aug,3.17,61,5.5,1,1104-2112,22,https://trcc.edu/,0
Toccoa Falls College,Toccoa Falls,GA,"Toccoa Falls, GA",1010,1230,1120,18,24,21,24000,Private University,1-Feb,3.18,79,6.5,1,1104-2112,22,https://tfc.edu/,2.75
Tom P. Haney Technical College,Panama City,FL,"Panama City, FL",1060,1190,1130,23,26,24,21100,Public University,30-Nov,3.12,79,6.5,1,1104-2112,22,https://www.haney.edu/,0
Tougaloo College,Tougaloo,MS,"Tougaloo, MS",1100,1270,1180,24,28,26,12400,Private University,15-Jan,3.24,80,6.5,1,1104-2112,22,https://www.tougaloo.edu/,3
Towson University,Towson,MD,"Towson, MD",950,1240,1090,19,27,23,29800,Public University,1-Feb,3.07,79,6.5,1,5789-9552,25,http://towson.edu/,2.75
Transylvania University,Lexington,KY,"Lexington, KY",1120,1380,1250,24,30,27,46900,Private University,1-Jan,3.41,84,6.5,1,1104-2112,22,https://www.transy.edu/,3
Traviss Technical College,Lakeland,FL,"Lakeland, FL",1070,1200,1140,23,26,24,21400,Public University,15-Jan,3.16,79,6.5,1,1104-2112,22,https://www.traviss.edu/,0
Tricoci University of Beauty Culture,Urbana,IL,"Urbana, IL",930,1035,982,19,22,20,19200,Private University,Rolling,2.54,80,6.5,1,1104-2112,22,https://www.tricociuniversity.edu/,0
Tricoci University of Beauty Culture-Highland,Highland,IN,"Highland, IN",955,1055,1005,20,22,21,19200,Private University,Rolling,2.61,80,6.5,1,1104-2112,22,https://www.tricociuniversity.edu/,0
Tricoci University of Beauty Culture-Lafayette,Lafayette,IN,"Lafayette, IN",955,1055,1005,20,22,21,19200,Private University,Rolling,2.48,80,6.5,1,1104-2112,22,https://www.tricociuniversity.edu/,0
Trine University,Angola,IN,"Angola, IN",1020,1170,1100,22,25,24,36600,Private University,1-Feb,3.1,80,6.5,1,2908-7179,25,http://trine.edu/,2.75
Trinidad State College,Trinidad,CO,"Trinidad, CO",1070,1220,1140,23,27,25,7300,Public University,Rolling,3.19,79,6.5,1,1104-2112,22,https://www.trinidadstate.edu/,2.75
Trinity Baptist College,Jacksonville,FL,"Jacksonville, FL",780,1010,890,16,20,18,15100,Private University,1-Jan,2.64,82,6.5,1,1104-2112,22,https://www.tbc.edu/,2.75
Trinity Christian College,Palos Heights,IL,"Palos Heights, IL",1050,1320,1180,20,25,22,20600,Private University,1-Feb,3.3,80,6.5,1,8688-14748,31,http://trnty.edu/,3
Trinity College,Hartford,CT,"Hartford, CT",1300,1470,1380,30,34,32,70800,Private University,1-Feb,3.71,90,7,1,6566-15546,35,http://trincoll.edu/,3.3
Trinity College of Florida,Trinity,FL,"Trinity, FL",980,1120,1050,21,24,22,16300,Private University,1-Feb,2.95,80,6.5,1,1104-2112,22,https://trinitycollege.edu/,2.75
Trinity College of Nursing & Health Sciences,Rock Island,IL,"Rock Island, IL",1090,1250,1160,23,27,25,34600,Private University,1-Feb,3.19,80,6.5,1,1104-2112,22,https://www.trinitycollegeqc.edu/,2.75
Trinity International University-Illinois,Deerfield,IL,"Deerfield, IL",990,1150,1070,21,25,23,12300,Private University,15-Jan,3.07,80,6.5,1,1104-2112,22,https://www.tiu.edu/,2.75
Trinity Law School,Santa Ana,CA,"Santa Ana, CA",1080,1240,1170,23,27,25,35200,Private University,15-Jan,3.22,80,6.5,1,1104-2112,22,https://www.tiu.edu/law,2.75
Trinity Washington University,Washington,DC,"Washington, DC",950,1090,1030,20,23,22,26600,Private University,15-Jan,2.92,80,6.5,1,1104-2112,22,https://www2.trinitydc.edu/,2.75
Triton College,River Grove,IL,"River Grove, IL",820,955,887,17,20,18,15300,Public Community College,1-Aug,3.17,61,5.5,1,1104-2112,22,https://www.triton.edu/,0
Troy University,Troy,AL,"Troy, AL",940,1210,1080,18,25,22,20400,Public University,15-Jan,3.1,79,6.5,1,2812-5943,23,http://troy.edu/,2.75
Truckee Meadows Community College,Reno,NV,"Reno, NV",1070,1240,1150,23,27,25,12000,Public University,1-Feb,3.24,79,6.5,1,1666-2797,10,http://tmcc.edu/,2.75
Truett McConnell University,Cleveland,GA,"Cleveland, GA",1070,1200,1140,23,26,24,26800,Private University,15-Jan,3.21,80,6.5,1,1104-2112,22,https://truett.edu/,2.75
Truman State University,Kirksville,MO,"Kirksville, MO",1170,1370,1270,25,31,28,18600,Public University,1-Feb,3.48,84,6.5,1,5798-11006,18,http://truman.edu/,3
Tulane University of Louisiana,New Orleans,LA,"New Orleans, LA",1400,1520,1460,31,34,32,68700,Private University,15-Jan,3.87,100,7,1,1104-2112,22,https://tulane.edu/,3.5
Tuskegee University,Tuskegee,AL,"Tuskegee, AL",1050,1190,1120,18,25,22,25400,Private University,15-Jan,3.08,79,6.5,1,5185-11124,22,http://tuskegee.edu/,2.75
Twin City Beauty College,Saint Joseph,MI,"Saint Joseph, MI",935,1075,1005,19,23,21,17200,Private University,Rolling,2.52,80,6.5,1,1104-2112,22,https://tcbeautycollege.com/,0
UCNJ Union College of Union County New Jersey,Cranford,NJ,"Cranford, NJ",810,925,867,16,19,18,9500,Public Community College,Rolling,3.17,61,5.5,1,1104-2112,22,https://www.ucc.edu/,0
UEI College-Huntington Park,Huntington Park,CA,"Huntington Park, CA",950,1055,1002,20,22,21,19200,Private University,Rolling,2.47,80,6.5,1,1104-2112,22,https://www.uei.edu/,0
Union Adventist University,Lincoln,NE,"Lincoln, NE",990,1140,1060,21,25,23,29300,Private University,1-Jan,3.05,80,6.5,1,1104-2112,22,https://www.uau.edu/,2.75
Union Commonwealth University,Barbourville,KY,"Barbourville, KY",910,1050,980,15,22,18,30900,Private University,15-Jan,2.81,71,6,1,1104-2112,22,https://www.unionky.edu/,2.75
United States Air Force Academy,USAF Academy,CO,"USAF Academy, CO",1230,1440,1340,26,33,30,21200,Public University,1-Feb,3.54,84,6.5,1,1104-2112,22,https://www.usafa.edu/,3.3
United States Coast Guard Academy,New London,CT,"New London, CT",1240,1400,1320,27,32,30,23100,Public University,1-Feb,3.58,84,6.5,1,1104-2112,22,https://www.uscga.edu/,3.3
United States Naval Academy,Annapolis,MD,"Annapolis, MD",1210,1410,1310,25,31,28,22600,Public University,1-Feb,3.54,84,6.5,1,4068-7148,21,http://usna.edu/,3.3
United States Sports University,Daphne,AL,"Daphne, AL",1090,1240,1160,23,27,25,13800,Private University,1-Jan,3.16,80,6.5,1,1104-2112,22,https://www.ussa.edu/,2.75
United Theological Seminary of the Twin Cities,St. Paul,MN,"St. Paul, MN",1090,1250,1170,23,27,25,35700,Private University,1-Feb,3.23,80,6.5,1,4952-11313,19,http://unitedseminary.edu/,2.75
Unity Environmental University,New Gloucester,ME,"New Gloucester, ME",1100,1250,1170,24,27,26,12600,Private University,15-Jan,3.25,80,6.5,1,1104-2112,22,https://unity.edu/,2.75
UnityPoint Health-Des Moines School of Radiologic Technology,Des Moines,IA,"Des Moines, IA",860,970,915,18,20,19,9600,Public Community College,Rolling,3.17,61,5.5,1,1104-2112,22,https://www.unitypoint.org/join-our-team/medical-education-and-career-growth/school-of-radiologic-technology---des-moines-area-hospitals,0
Universal Technical Institute of Arizona Inc,Avondale,AZ,"Avondale, AZ",855,995,925,17,21,19,10000,Public Community College,Rolling,3.17,61,5.5,1,1104-2112,22,https://www.uti.edu/,0
Universal Technical Institute-Canton,Canton,MI,"Canton, MI",850,1005,927,17,21,19,17900,Public Community College,Rolling,3.17,61,5.5,1,1104-2112,22,https://uti.edu/,0
Universal Technical Institute-Phoenix,Avondale,AZ,"Avondale, AZ",855,965,910,17,20,18,10000,Public Community College,Rolling,3.17,61,5.5,1,1104-2112,22,https://www.uti.edu/,0
University of Aesthetics & Cosmetology,El Dorado,AR,"El Dorado, AR",945,1075,1010,20,23,22,17300,Private University,Rolling,2.49,80,6.5,1,1104-2112,22,https://www.pcec.edu/,0
University of Alabama at Birmingham,Birmingham,AL,"Birmingham, AL",1210,1450,1330,23,30,26,22600,Public University,Rolling,3.59,84,6.5,1,3765-8585,20,http://uab.edu/,3.3
University of Alabama in Huntsville,Huntsville,AL,"Huntsville, AL",1210,1410,1310,24,31,28,26400,Public University,Rolling,3.55,84,6.5,1,2409-6726,16,http://uah.edu/,3.3
University of Alaska Anchorage,Anchorage,AK,"Anchorage, AK",1060,1210,1130,23,26,24,21300,Public University,Rolling,3.1,79,6.5,1,1104-2112,22,https://www.uaa.alaska.edu/,2.75
University of Alaska Fairbanks,Fairbanks,AK,"Fairbanks, AK",1050,1200,1130,22,26,24,22300,Public University,Rolling,3.1,79,6.5,1,2651-8092,23,http://uaf.edu/,2.75
University of Alaska Southeast,Juneau,AK,"Juneau, AK",1080,1240,1150,23,27,25,20600,Public University,Rolling,3.14,79,6.5,1,1104-2112,22,https://www.uas.alaska.edu/,2.75
University of Arizona,Tucson,AZ,"Tucson, AZ",1150,1420,1280,21,29,25,42300,Public University,Rolling,3.5,84,6.5,1,2408-6851,22,http://arizona.edu/,3
University of Arkansas,Fayetteville,AR,"Fayetteville, AR",1030,1220,1120,21,28,24,30000,Public University,Rolling,3.14,79,6.5,1,4509-10959,17,http://uark.edu/,2.75
University of Arkansas Community College Rich Mountain,Mena,AR,"Mena, AR",850,995,922,17,21,19,4300,Public Community College,Rolling,3.17,61,5.5,1,1104-2112,22,https://www.uarichmountain.edu/,0
University of Arkansas Community College-Batesville,Batesville,AR,"Batesville, AR",815,970,892,16,20,18,4700,Public Community College,Rolling,3.17,61,5.5,1,1104-2112,22,https://www.uaccb.edu/,0
University of Arkansas Community College-Morrilton,Morrilton,AR,"Morrilton, AR",835,950,892,17,20,18,4700,Public Community College,Rolling,3.17,61,5.5,1,1104-2112,22,https://www.uaccm.edu/,0
University of Arkansas Hope-Texarkana,Hope,AR,"Hope, AR",820,975,897,17,20,18,5600,Public Community College,Rolling,3.17,61,5.5,1,1104-2112,22,https://www.uaht.edu/index.php,0
University of Arkansas at Little Rock,Little Rock,AR,"Little Rock, AR",960,1210,1080,17,24,20,22200,Public University,Rolling,3.06,79,6.5,1,3686-9685,24,http://ualr.edu/,2.75
University of Arkansas at Monticello,Monticello,AR,"Monticello, AR",1080,1200,1140,23,26,24,14900,Public University,Rolling,3.17,79,6.5,1,1104-2112,22,https://www.uamont.edu/,2.75
University of Arkansas at Pine Bluff,Pine Bluff,AR,"Pine Bluff, AR",840,1110,980,14,18,16,18000,Public University,Rolling,2.84,71,6,1,2624-5895,23,http://uapb.edu/,2.75
University of Arkansas for Medical Sciences,Little Rock,AR,"Little Rock, AR",1070,1210,1140,23,26,24,21700,Public University,Rolling,3.17,79,6.5,1,5612-7795,17,http://uams.edu/,2.75
University of Arkansas-Fort Smith,Fort Smith,AR,"Fort Smith, AR",980,1120,1050,18,23,20,12200,Public University,Rolling,2.99,79,6.5,1,1104-2112,22,https://uafs.edu/,2.75
University of Arkansas-Pulaski Technical College,North Little Rock,AR,"North Little Rock, AR",845,955,900,17,20,18,9400,Public Community College,Rolling,3.17,61,5.5,1,1104-2112,22,https://uaptc.edu/,0
University of Baltimore,Baltimore,MD,"Baltimore, MD",960,1140,1050,20,25,22,24000,Public University,1-Mar,2.94,71,6,1,1104-2112,22,https://www.ubalt.edu/,2.75
University of Bridgeport,Bridgeport,CT,"Bridgeport, CT",1010,1160,1080,21,25,23,35800,Private University,1-Feb,3,80,6.5,1,1104-2112,22,https://www.bridgeport.edu/,2.75
University of California College of the Law-San Francisco,San Francisco,CA,"San Francisco, CA",1060,1200,1130,23,26,24,20700,Public University,Rolling,3.11,79,6.5,1,1104-2112,22,https://www.uclawsf.edu/,2.75
University of California-Berkeley,Berkeley,CA,"Berkeley, CA",1260,1420,1340,28,32,30,50500,Public University,Rolling,3.53,80,6.5,1,1104-2112,22,https://www.berkeley.edu/,3.5
University of California-Davis,Davis,CA,"Davis, CA",1160,1300,1230,25,29,27,51000,Public University,Rolling,3.31,79,6.5,1,1104-2112,22,https://ucdavis.edu/,3
University of California-Irvine,Irvine,CA,"Irvine, CA",1190,1350,1270,26,30,28,49900,Public University,Rolling,3.39,79,6.5,1,1104-2112,22,https://www.uci.edu/,3.5
University of California-Los Angeles,Los Angeles,CA,"Los Angeles, CA",1270,1410,1340,28,31,30,49400,Public University,Rolling,3.53,87,7,1,1104-2112,22,https://www.ucla.edu/,3.5
University of California-Riverside,Riverside,CA,"Riverside, CA",1030,1190,1110,22,26,24,49800,Public University,Rolling,3.07,79,6.5,1,1104-2112,22,https://www.ucr.edu/,2.75
University of California-San Diego,La Jolla,CA,"La Jolla, CA",1210,1350,1280,26,30,28,51000,Public University,Rolling,3.41,79,6.5,1,1104-2112,22,https://www.ucsd.edu/,3.5
University of California-San Francisco,San Francisco,CA,"San Francisco, CA",1050,1200,1130,22,26,24,20700,Public University,Rolling,3.11,79,6.5,1,1104-2112,22,https://ucsf.edu/,2.75
University of California-Santa Barbara,Santa Barbara,CA,"Santa Barbara, CA",1190,1330,1260,26,29,28,50600,Public University,Rolling,3.37,79,6.5,1,1104-2112,22,https://www.ucsb.edu/,3
University of California-Santa Cruz,Santa Cruz,CA,"Santa Cruz, CA",1070,1210,1140,23,26,24,50200,Public University,Rolling,3.13,79,6.5,1,1104-2112,22,https://www.ucsc.edu/,2.75
University of Central Arkansas,Conway,AR,"Conway, AR",910,1170,1040,19,25,22,18000,Public University,Rolling,2.96,71,6,1,3389-6986,25,http://uca.edu/,2.75
University of Central Florida,Orlando,FL,"Orlando, FL",1200,1350,1280,25,29,27,22500,Public University,Rolling,3.43,84,6.5,1,2922-9641,20,http://ucf.edu/,3
University of Central Missouri,Warrensburg,MO,"Warrensburg, MO",980,1120,1050,17,24,20,18600,Public University,Rolling,2.98,79,6.5,1,3782-7208,21,http://ucmo.edu/,2.75
University of Colorado Boulder,Boulder,CO,"Boulder, CO",1240,1430,1340,29,33,31,44900,Public University,Rolling,3.55,84,6.5,1,3291-9401,15,http://colorado.edu/,3.3
University of Colorado Colorado Springs,Colorado Springs,CO,"Colorado Springs, CO",1010,1220,1120,20,26,23,24300,Public University,Rolling,3.11,79,6.5,1,3090-6197,22,http://uccs.edu/,2.75
University of Colorado Denver/Anschutz Medical Campus,Denver,CO,"Denver, CO",980,1220,1100,23,32,28,29400,Public University,Rolling,3.08,79,6.5,1,1104-2112,22,https://www.ucdenver.edu/,2.75
University of Connecticut,Storrs,CT,"Storrs, CT",1210,1440,1320,28,33,30,43700,Public University,Rolling,3.51,84,6.5,1,3885-8250,20,http://uconn.edu/,3.3
University of Delaware,Newark,DE,"Newark, DE",1190,1370,1280,28,32,30,41400,Public University,1-Mar,3.41,84,6.5,1,4491-9075,25,http://udel.edu/,3
University of Denver,Denver,CO,"Denver, CO",1240,1410,1320,28,33,30,61400,Private University,1-Feb,3.55,84,6.5,1,4052-9811,20,http://du.edu/,3.3
University of Detroit Mercy,Detroit,MI,"Detroit, MI",1030,1260,1140,22,28,25,32900,Private University,1-Feb,3.19,79,6.5,1,3296-9299,15,http://udmercy.edu/,2.75
University of Dubuque,Dubuque,IA,"Dubuque, IA",980,1220,1100,18,24,21,42100,Private University,1-Feb,3.13,79,6.5,1,1104-2112,22,https://www.dbq.edu/,2.75
University of Evansville,Evansville,IN,"Evansville, IN",1080,1220,1140,23,27,25,44200,Private University,15-Jan,3.21,80,6.5,1,8229-19116,35,http://evansville.edu/,2.75
University of Georgia,Athens,GA,"Athens, GA",1270,1480,1380,29,34,32,31700,Public University,Rolling,3.63,80,6.5,1,2310-6514,20,http://uga.edu/,3.3
University of Hartford,West Hartford,CT,"West Hartford, CT",1120,1310,1220,24,30,27,49100,Private University,1-Feb,3.32,80,6.5,1,4336-8737,19,http://hartford.edu/,3
University of Hawaii Maui College,Kahului,HI,"Kahului, HI",1060,1200,1130,23,26,24,8400,Public University,1-Mar,3.12,79,6.5,1,1104-2112,22,https://maui.hawaii.edu/,2.75
University of Hawaii at Hilo,Hilo,HI,"Hilo, HI",940,1180,1060,15,22,18,20800,Public University,1-Mar,2.98,79,6.5,1,1104-2112,22,https://hilo.hawaii.edu/,2.75
University of Hawaii at Manoa,Honolulu,HI,"Honolulu, HI",1080,1290,1190,17,25,21,34200,Public University,1-Mar,3.23,80,6.5,1,4542-8036,19,http://hawaii.edu/,3
University of Hawaii-West Oahu,Kapolei,HI,"Kapolei, HI",930,1100,1020,15,21,18,20500,Public University,1-Mar,2.89,71,6,1,1104-2112,22,https://westoahu.hawaii.edu/,2.75
University of Health Sciences and Pharmacy in St. Louis,Saint Louis,MO,"Saint Louis, MO",1060,1240,1150,18,25,22,32600,Private University,1-Feb,3.16,79,6.5,1,1104-2112,22,https://www.uhsp.edu/,2.75
University of Holy Cross,New Orleans,LA,"New Orleans, LA",1080,1220,1140,23,27,25,16600,Private University,1-Feb,3.17,80,6.5,1,1104-2112,22,https://uhcno.edu/,2.75
University of Idaho,Moscow,ID,"Moscow, ID",990,1230,1110,20,26,23,28300,Public University,Rolling,3.18,79,6.5,1,4257-7175,22,http://uidaho.edu/,2.75
University of Illinois Chicago,Chicago,IL,"Chicago, IL",1130,1350,1240,25,31,28,29900,Public University,Rolling,3.38,80,6.5,1,1104-2112,22,https://www.uic.edu/,3
University of Illinois Springfield,Springfield,IL,"Springfield, IL",940,1200,1070,21,27,24,22000,Public University,Rolling,3.04,79,6.5,1,3059-7856,22,http://uis.edu/,2.75
University of Illinois Urbana-Champaign,Champaign,IL,"Champaign, IL",1310,1520,1420,30,34,32,35100,Public University,Rolling,3.73,103,6.5,1,1104-2112,22,https://www.illinois.edu/,3.3
University of Indianapolis,Indianapolis,IN,"Indianapolis, IN",1060,1230,1140,23,27,25,37200,Private University,15-Jan,3.14,80,6.5,1,8669-13221,31,http://uindy.edu/,2.75
University of Iowa,Iowa City,IA,"Iowa City, IA",1130,1330,1230,21,28,24,33400,Public University,Rolling,3.33,80,6.5,1,1104-2112,22,https://uiowa.edu/,3
University of Kansas,Lawrence,KS,"Lawrence, KS",1070,1300,1180,20,28,24,30400,Public University,Rolling,3.26,80,6.5,1,1104-2112,22,https://ku.edu/,3
University of Kentucky,Lexington,KY,"Lexington, KY",1070,1290,1180,21,28,24,34100,Public University,Rolling,3.26,80,6.5,1,1104-2112,22,https://www.uky.edu/,3
University of La Verne,La Verne,CA,"La Verne, CA",990,1240,1110,18,25,22,49500,Private University,1-Feb,3.14,79,6.5,1,2578-5846,20,http://laverne.edu/,2.75
University of Louisiana at Lafayette,Lafayette,LA,"Lafayette, LA",1120,1240,1180,23,28,26,24100,Public University,1-Mar,3.29,80,6.5,1,1104-2112,22,https://www.louisiana.edu/,3
University of Louisiana at Monroe,Monroe,LA,"Monroe, LA",1160,1360,1260,18,24,21,21300,Public University,1-Mar,3.45,84,6.5,1,3232-6244,15,http://ulm.edu/,3
University of Louisville,Louisville,KY,"Louisville, KY",1040,1270,1160,19,27,23,29500,Public University,1-Mar,3.27,80,6.5,1,1104-2112,22,https://www.louisville.edu/,3
University of Maine,Orono,ME,"Orono, ME",950,1110,1030,20,24,22,36800,Public University,Rolling,2.9,79,6.5,1,2955-8149,24,http://umaine.edu/,2.75
University of Maine at Augusta,Augusta,ME,"Augusta, ME",1080,1220,1150,23,27,25,22200,Public University,Rolling,3.22,79,6.5,1,1104-2112,22,https://www.uma.edu/,2.75
University of Maine at Farmington,Farmington,ME,"Farmington, ME",1000,1240,1120,15,21,18,23900,Public University,Rolling,3.16,79,6.5,1,1104-2112,22,https://www.umf.maine.edu/,2.75
University of Maine at Fort Kent,Fort Kent,ME,"Fort Kent, ME",1000,1150,1070,21,25,23,14900,Public University,Rolling,3.06,79,6.5,1,1104-2112,22,https://www.umfk.maine.edu/,2.75
University of Maine at Presque Isle,Presque Isle,ME,"Presque Isle, ME",980,1130,1060,21,24,22,14900,Public University,Rolling,3.04,79,6.5,1,5101-10375,21,http://umpi.edu/,2.75
University of Maryland Baltimore,Baltimore,MD,"Baltimore, MD",1060,1220,1140,23,27,25,21900,Public University,Rolling,3.17,79,6.5,1,1104-2112,22,https://www.umaryland.edu/,2.75
University of Maryland Eastern Shore,Princess Anne,MD,"Princess Anne, MD",980,1140,1060,21,25,23,20100,Public University,Rolling,3.01,79,6.5,1,1104-2112,22,https://wwwcp.umes.edu/,2.75
University of Maryland Global Campus,Adelphi,MD,"Adelphi, MD",1060,1210,1140,23,26,24,12300,Public University,Rolling,3.17,79,6.5,1,1104-2112,22,https://www.umgc.edu/,2.75
University of Maryland-Baltimore County,Baltimore,MD,"Baltimore, MD",1240,1420,1330,25,31,28,31300,Public University,Rolling,3.55,84,6.5,1,1104-2112,22,https://umbc.edu/,3.3
University of Maryland-College Park,College Park,MD,"College Park, MD",1400,1530,1460,32,35,34,41200,Public University,Rolling,3.82,100,7,1,1104-2112,22,https://www.umd.edu/,3.5
University of Massachusetts Chan Medical School,Worcester,MA,"Worcester, MA",1070,1220,1130,23,27,25,21100,Public University,Rolling,3.12,79,6.5,1,1104-2112,22,https://www.umassmed.edu/,2.75
University of Massachusetts-Amherst,Amherst,MA,"Amherst, MA",1310,1500,1400,30,33,32,40400,Public University,Rolling,3.67,90,7,1,1104-2112,22,https://www.umass.edu/,3.3
University of Massachusetts-Boston,Boston,MA,"Boston, MA",1070,1290,1180,22,29,26,38100,Public University,Rolling,3.22,80,6.5,1,1104-2112,22,https://www.umb.edu/,3
University of Massachusetts-Dartmouth,North Dartmouth,MA,"North Dartmouth, MA",1050,1270,1160,26,30,28,32600,Public University,Rolling,3.18,80,6.5,1,1104-2112,22,https://www.umassd.edu/,3
University of Massachusetts-Lowell,Lowell,MA,"Lowell, MA",1180,1370,1280,25,32,28,36300,Public University,Rolling,3.41,84,6.5,1,1104-2112,22,https://www.uml.edu/,3
University of Michigan-Ann Arbor,Ann Arbor,MI,"Ann Arbor, MI",1360,1530,1440,31,34,32,60900,Public University,Rolling,3.74,100,6.5,1,1104-2112,22,https://umich.edu/,3.3
University of Michigan-Dearborn,Dearborn,MI,"Dearborn, MI",990,1260,1120,24,28,26,32900,Public University,Rolling,3.09,79,6.5,1,1104-2112,22,https://umdearborn.edu/,2.75
University of Michigan-Flint,Flint,MI,"Flint, MI",970,1240,1110,19,24,22,28300,Public University,Rolling,3.06,79,6.5,1,3755-6998,17,http://umflint.edu/,2.75
University of Minnesota-Crookston,Crookston,MN,"Crookston, MN",1020,1160,1090,22,25,24,13300,Public University,Rolling,3.09,79,6.5,1,1104-2112,22,https://crk.umn.edu/,2.75
University of Minnesota-Duluth,Duluth,MN,"Duluth, MN",1180,1350,1260,23,28,26,20100,Public University,Rolling,3.44,84,6.5,1,1104-2112,22,https://d.umn.edu/,3
University of Minnesota-Morris,Morris,MN,"Morris, MN",1080,1220,1150,20,26,23,16700,Public University,Rolling,3.21,80,6.5,1,1104-2112,22,https://morris.umn.edu/,3
University of Minnesota-Twin Cities,Minneapolis,MN,"Minneapolis, MN",1300,1500,1400,26,31,28,38400,Public University,Rolling,3.71,90,7,1,1104-2112,22,https://twin-cities.umn.edu/,3.3
University of Mississippi,University,MS,"University, MS",1000,1200,1100,21,29,25,28600,Public University,Rolling,3.14,79,6.5,1,1104-2112,22,https://www.olemiss.edu/,2.75
University of Missouri-Columbia,Columbia,MO,"Columbia, MO",1150,1330,1240,23,30,26,36100,Public University,Rolling,3.43,80,6.5,1,1104-2112,22,https://missouri.edu/,3
University of Missouri-Kansas City,Kansas City,MO,"Kansas City, MO",1290,1550,1420,20,28,24,30200,Public University,Rolling,3.79,90,7,1,1104-2112,22,https://www.umkc.edu/,3.3
University of Missouri-St Louis,Saint Louis,MO,"Saint Louis, MO",1060,1290,1180,19,27,23,35100,Public University,Rolling,3.3,80,6.5,1,1104-2112,22,https://www.umsl.edu/,3
University of Mobile,Mobile,AL,"Mobile, AL",1150,1290,1220,22,28,25,26900,Private University,15-Jan,3.3,80,6.5,1,1104-2112,22,https://www.umobile.edu/,3
University of Montevallo,Montevallo,AL,"Montevallo, AL",1160,1300,1230,25,29,27,27000,Public University,Rolling,3.4,79,6.5,1,3401-7308,21,http://montevallo.edu/,3
University of Nebraska Medical Center,Omaha,NE,"Omaha, NE",1080,1210,1140,23,26,24,21400,Public University,1-Mar,3.15,79,6.5,1,3104-7927,19,http://unmc.edu/,2.75
University of Nebraska at Kearney,Kearney,NE,"Kearney, NE",900,1120,1020,19,26,22,15300,Public University,1-Mar,2.9,71,6,1,4381-8071,19,http://unk.edu/,2.75
University of Nebraska at Omaha,Omaha,NE,"Omaha, NE",1050,1190,1120,19,26,22,23200,Public University,1-Mar,3.11,79,6.5,1,1104-2112,22,https://www.unomaha.edu/,2.75
University of Nebraska-Lincoln,Lincoln,NE,"Lincoln, NE",1100,1330,1210,22,28,25,28600,Public University,1-Mar,3.3,80,6.5,1,1104-2112,22,https://www.unl.edu/,3
University of Nevada-Las Vegas,Las Vegas,NV,"Las Vegas, NV",1010,1240,1120,18,25,22,27400,Public University,1-Mar,3.09,79,6.5,1,1104-2112,22,https://www.unlv.edu/,2.75
University of Nevada-Reno,Reno,NV,"Reno, NV",1060,1290,1180,19,26,22,27700,Public University,1-Mar,3.19,80,6.5,1,1104-2112,22,https://www.unr.edu/,3
University of New England,Biddeford,ME,"Biddeford, ME",1020,1160,1080,22,25,24,44200,Private University,1-Feb,3.06,80,6.5,1,6929-14131,39,http://une.edu/,2.75
University of New Hampshire College of Professional Studies Online,Manchester,NH,"Manchester, NH",1060,1200,1140,23,26,24,9300,Public University,1-Mar,3.16,79,6.5,1,1104-2112,22,https://cps.unh.edu/online,2.75
University of New Hampshire at Manchester,Manchester,NH,"Manchester, NH",970,1240,1100,15,21,18,36400,Public University,1-Mar,3.09,79,6.5,1,1104-2112,22,https://manchester.unh.edu/,2.75
University of New Hampshire-Franklin Pierce School of Law,Concord,NH,"Concord, NH",1070,1200,1140,23,26,24,21500,Public University,1-Mar,3.16,79,6.5,1,1104-2112,22,https://law.unh.edu/,2.75
University of New Hampshire-Main Campus,Durham,NH,"Durham, NH",1090,1330,1210,26,30,28,39900,Public University,1-Mar,3.3,80,6.5,1,1104-2112,22,https://www.unh.edu/,3
University of New Haven,West Haven,CT,"West Haven, CT",1060,1260,1160,17,23,20,47300,Private University,1-Feb,3.2,80,6.5,1,5900-10613,25,http://newhaven.edu/,3
University of New Mexico-Gallup Campus,Gallup,NM,"Gallup, NM",835,990,912,17,21,19,5700,Public Community College,Rolling,3.17,61,5.5,1,1104-2112,22,https://www.gallup.unm.edu/,0
University of New Mexico-Los Alamos Campus,Los Alamos,NM,"Los Alamos, NM",815,920,867,16,19,18,5700,Public Community College,Rolling,3.17,61,5.5,1,1104-2112,22,https://losalamos.unm.edu/,0
University of New Mexico-Main Campus,Albuquerque,NM,"Albuquerque, NM",890,1170,1030,19,26,22,33100,Public University,1-Mar,2.96,71,6,1,1104-2112,22,https://www.unm.edu/,2.75
University of New Mexico-Taos Campus,Ranchos de Taos,NM,"Ranchos de Taos, NM",850,975,912,17,20,18,5100,Public Community College,Rolling,3.17,61,5.5,1,1104-2112,22,https://taos.unm.edu/,0
University of New Mexico-Valencia County Campus,Los Lunas,NM,"Los Lunas, NM",840,975,907,17,20,18,5100,Public Community College,Rolling,3.17,61,5.5,1,1104-2112,22,https://valencia.unm.edu/,0
University of New Orleans,New Orleans,LA,"New Orleans, LA",940,1240,1090,17,23,20,14000,Public University,1-Mar,3.11,79,6.5,1,3301-8460,25,http://uno.edu/,2.75
University of North Alabama,Florence,AL,"Florence, AL",1020,1160,1080,22,25,24,22300,Public University,1-Mar,3.03,79,6.5,1,3691-6341,19,http://una.edu/,2.75
University of North Florida,Jacksonville,FL,"Jacksonville, FL",1070,1270,1170,19,25,22,20800,Public University,1-Mar,3.21,80,6.5,1,4751-7188,20,http://unf.edu/,3
University of Northern Colorado,Greeley,CO,"Greeley, CO",950,1190,1070,21,26,24,27300,Public University,1-Mar,3.05,79,6.5,1,3324-8412,21,http://unco.edu/,2.75
University of Northern Iowa,Cedar Falls,IA,"Cedar Falls, IA",1020,1280,1150,19,26,22,21700,Public University,1-Mar,3.21,80,6.5,1,5673-10740,18,http://uni.edu/,3
University of Northwestern-St Paul,Saint Paul,MN,"Saint Paul, MN",870,1270,1070,20,28,24,37900,Private University,1-Feb,3.1,79,6.5,1,1104-2112,22,https://www.unwsp.edu/,2.75
University of Notre Dame,Notre Dame,IN,"Notre Dame, IN",1460,1560,1510,33,35,34,65000,Private University,1-Feb,3.88,100,7,1,5202-8489,22,http://nd.edu/,3.5
University of Pikeville,Pikeville,KY,"Pikeville, KY",1100,1250,1170,24,27,26,24800,Private University,1-Feb,3.24,80,6.5,1,1104-2112,22,https://www.upike.edu/,2.75
University of Providence,Great Falls,MT,"Great Falls, MT",910,1050,980,15,23,19,30400,Private University,1-Feb,2.88,71,6,1,1104-2112,22,https://www.uprovidence.edu/,2.75
University of Redlands,Redlands,CA,"Redlands, CA",1110,1350,1230,21,28,24,60900,Private University,1-Feb,3.32,80,6.5,1,2868-6056,15,http://redlands.edu/,3
University of Saint Francis-Fort Wayne,Fort Wayne,IN,"Fort Wayne, IN",870,1070,970,17,24,20,36500,Private University,15-Jan,2.79,71,6,1,1104-2112,22,https://www.sf.edu/,2.75
University of Saint Joseph,West Hartford,CT,"West Hartford, CT",850,1170,1010,13,19,16,47300,Private University,15-Jan,2.87,71,6,1,1104-2112,22,https://www.usj.edu/,2.75
University of Saint Mary,Leavenworth,KS,"Leavenworth, KS",810,1030,920,17,24,20,35400,Private University,15-Jan,2.68,72,6,1,5753-10276,35,http://stmary.edu/,2.75
University of Saint Mary of the Lake,Mundelein,IL,"Mundelein, IL",1070,1220,1160,23,27,25,33300,Private University,15-Jan,3.17,80,6.5,1,1104-2112,22,https://usml.edu/,2.75
University of San Diego,San Diego,CA,"San Diego, CA",1160,1330,1240,25,29,27,59500,Private University,15-Jan,3.35,80,6.5,1,5742-12645,25,http://sandiego.edu/,3
University of San Francisco,San Francisco,CA,"San Francisco, CA",1190,1390,1290,25,30,28,60500,Private University,15-Jan,3.48,84,6.5,1,2603-9183,21,http://usfca.edu/,3
University of Silicon Valley,San Jose,CA,"San Jose, CA",980,1100,1040,21,24,22,22500,Private University,Rolling,2.76,80,6.5,1,1104-2112,22,https://usv.edu/,3
University of South Alabama,Mobile,AL,"Mobile, AL",970,1190,1080,20,26,23,19100,Public University,Rolling,3.04,79,6.5,1,2912-5135,18,http://southalabama.edu/,2.75
University of South Florida,Tampa,FL,"Tampa, FL",1130,1320,1220,24,29,26,17300,Public University,Rolling,3.33,80,6.5,1,4030-7246,21,http://usf.edu/,3
University of Southern California,Los Angeles,CA,"Los Angeles, CA",1450,1550,1500,32,35,34,72100,Private University,15-Jan,3.93,100,6.5,1,2499-7388,16,http://usc.edu/,3.5
University of Southern Indiana,Evansville,IN,"Evansville, IN",1030,1240,1140,21,27,24,22900,Public University,Rolling,3.2,79,6.5,1,5018-10711,20,http://usi.edu/,2.75
University of Southern Maine,Portland,ME,"Portland, ME",990,1250,1120,24,28,26,27900,Public University,Rolling,3.17,79,6.5,1,1104-2112,22,https://usm.maine.edu/,2.75
University of Southern Mississippi,Hattiesburg,MS,"Hattiesburg, MS",1120,1260,1190,20,29,24,12000,Public University,Rolling,3.31,80,6.5,1,3648-6218,17,http://usm.edu/,3
University of Spa & Cosmetology Arts,Springfield,IL,"Springfield, IL",955,1075,1015,20,23,22,17300,Private University,Rolling,2.55,80,6.5,1,1104-2112,22,https://www.uscart.com/,0
University of St Francis,Joliet,IL,"Joliet, IL",1030,1220,1120,20,32,26,38100,Private University,15-Jan,3.17,79,6.5,1,1104-2112,22,https://www.stfrancis.edu/,2.75
University of St Thomas,Saint Paul,MN,"Saint Paul, MN",1260,1420,1340,25,30,28,54400,Private University,15-Jan,3.64,84,6.5,1,1104-2112,22,https://www.stthomas.edu/,3.3
University of West Alabama,Livingston,AL,"Livingston, AL",860,1120,990,16,21,18,20100,Public University,Rolling,2.88,71,6,1,1104-2112,22,https://www.uwa.edu/,2.75
University of West Florida,Pensacola,FL,"Pensacola, FL",1020,1230,1120,20,27,24,19200,Public University,Rolling,3.16,79,6.5,1,3054-7627,19,http://uwf.edu/,2.75
University of West Georgia,Carrollton,GA,"Carrollton, GA",950,1140,1040,17,22,20,17800,Public University,Rolling,3.01,71,6,1,5506-8594,25,http://westga.edu/,2.75
University of the Cumberlands,Williamsburg,KY,"Williamsburg, KY",1000,1160,1080,21,25,23,9900,Private University,1-Feb,3.11,80,6.5,1,8957-18465,34,http://ucumberlands.edu/,2.75
University of the District of Columbia,Washington,DC,"Washington, DC",1090,1240,1150,23,27,25,12500,Public University,1-Mar,3.23,79,6.5,1,2531-4734,16,http://udc.edu/,2.75
University of the Ozarks,Clarksville,AR,"Clarksville, AR",1020,1160,1090,20,25,22,26000,Private University,1-Feb,3.05,79,6.5,1,3022-9914,21,http://ozarks.edu/,2.75
University of the Pacific,Stockton,CA,"Stockton, CA",1180,1480,1330,23,32,28,57100,Private University,1-Feb,3.6,84,6.5,1,6508-17942,31,http://pacific.edu/,3.3
University of the Southwest,Hobbs,NM,"Hobbs, NM",1100,1240,1160,24,27,26,16700,Private University,1-Feb,3.18,80,6.5,1,3265-5478,22,http://usw.edu/,2.75
Upper Iowa University,Fayette,IA,"Fayette, IA",1020,1160,1090,17,23,20,19500,Private University,15-Jan,3.05,79,6.5,1,5875-9552,21,http://uiu.edu/,2.75
Valdosta State University,Valdosta,GA,"Valdosta, GA",920,1100,1010,16,22,19,17800,Public University,1-Feb,2.88,71,6,1,2156-4902,25,http://valdosta.edu/,2.75
Valencia College,Orlando,FL,"Orlando, FL",1060,1200,1130,23,26,24,9600,Public University,Rolling,3.11,79,6.5,1,7191-15442,27,http://valenciacollege.edu/,2.75
Valparaiso University,Valparaiso,IN,"Valparaiso, IN",1060,1280,1170,23,31,27,48400,Private University,15-Jan,3.28,80,6.5,1,5336-12135,16,http://valpo.edu/,3
VanderCook College of Music,Chicago,IL,"Chicago, IL",1000,1150,1080,21,25,23,30900,Private University,1-Jan,3.04,80,6.5,1,1104-2112,22,https://www.vandercook.edu/,2.75
Vanguard University of Southern California,Costa Mesa,CA,"Costa Mesa, CA",1120,1260,1190,24,28,26,41700,Private University,15-Jan,3.3,80,6.5,1,1104-2112,22,https://www.vanguard.edu/,2.75
Vaughn Beauty College,Aberdeen,MS,"Aberdeen, MS",955,1090,1022,20,23,22,16800,Private University,Rolling,2.77,80,6.5,1,1104-2112,22,https://vaughnbeauty.com/,0
Vaughn College of Aeronautics and Technology,Flushing,NY,"Flushing, NY",1070,1220,1160,23,27,25,29800,Private University,1-Jan,3.16,80,6.5,1,1104-2112,22,https://www.vaughn.edu/,2.75
Velvatex College of Beauty Culture,Little Rock,AR,"Little Rock, AR",935,1065,1000,19,23,21,18000,Private University,Rolling,2.58,80,6.5,1,1104-2112,22,https://www.velvatexcollege.com/,0
Ventura College,Ventura,CA,"Ventura, CA",855,985,920,17,21,19,9600,Public Community College,Rolling,3.17,61,5.5,1,5569-15056,38,http://venturacollege.edu/,0
Victor Valley College,Victorville,CA,"Victorville, CA",820,940,880,17,20,18,10100,Public Community College,Rolling,3.17,61,5.5,1,8971-14838,40,http://vvc.edu/,0
Vincennes Beauty College,Vincennes,IN,"Vincennes, IN",935,1045,990,19,22,20,18500,Private University,Rolling,2.52,80,6.5,1,1104-2112,22,https://vincennesbeautycollege.com/,0
Vincennes University,Vincennes,IN,"Vincennes, IN",1060,1220,1130,23,27,25,16900,Public University,1-Feb,3.12,79,6.5,1,1104-2112,22,https://www.vinu.edu/,2.75
Vogue College of Cosmetology-Santa Fe,Santa Fe,NM,"Santa Fe, NM",965,1100,1032,20,24,22,18800,Private University,Rolling,2.68,80,6.5,1,1104-2112,22,https://vogue.edu/,0
Wabash College,Crawfordsville,IN,"Crawfordsville, IN",1060,1270,1160,23,28,26,50800,Private University,1-Feb,3.19,80,6.5,1,8443-19460,30,http://wabash.edu/,3
Walden University,Minneapolis,MN,"Minneapolis, MN",945,1085,1015,20,23,22,12800,Private University,Rolling,2.44,80,6.5,1,2544-4940,19,http://waldenu.edu/,2.75
Waldorf University,Forest City,IA,"Forest City, IA",965,1075,1020,20,23,22,26000,Private University,Rolling,2.61,80,6.5,1,1104-2112,22,https://www.waldorf.edu/,2.75
Walsh College,Troy,MI,"Troy, MI",1080,1240,1170,23,27,25,38100,Private University,1-Feb,3.28,80,6.5,1,1104-2112,22,https://walshcollege.edu/,2.75
Warner University,Lake Wales,FL,"Lake Wales, FL",790,1070,930,14,20,17,30000,Private University,15-Jan,2.73,84,6.5,1,5614-8299,17,http://warner.edu/,2.75
Wartburg College,Waverly,IA,"Waverly, IA",930,1200,1060,21,27,24,26200,Private University,1-Jan,3.01,79,6.5,1,7908-19118,40,http://wartburg.edu/,2.75
Wartburg Theological Seminary,Dubuque,IA,"Dubuque, IA",1100,1250,1160,24,27,26,34300,Private University,15-Jan,3.19,80,6.5,1,1104-2112,22,https://www.wartburgseminary.edu/,2.75
Washburn Institute of Technology,Topeka,KS,"Topeka, KS",1090,1220,1150,23,27,25,8900,Public University,30-Nov,3.23,79,6.5,1,1104-2112,22,https://www.washburntech.edu/,0
Washburn University,Topeka,KS,"Topeka, KS",1060,1190,1130,23,26,24,20900,Public University,30-Nov,3.12,79,6.5,1,7386-19224,28,http://washburn.edu/,2.75
Washington Adventist University,Takoma Park,MD,"Takoma Park, MD",860,1130,1000,12,18,15,26600,Private University,1-Jan,2.91,71,6,1,1104-2112,22,https://www.wau.edu/,2.75
Washington College,Chestertown,MD,"Chestertown, MD",1140,1390,1260,27,31,29,55300,Private University,1-Jan,3.48,84,6.5,1,6474-16428,34,http://washcoll.edu/,3
Washington County Community College,Calais,ME,"Calais, ME",815,960,887,16,20,18,7000,Public Community College,1-Aug,3.17,61,5.5,1,1104-2112,22,https://www.wccc.me.edu/,0
Washington University in St Louis,St. Louis,MO,"St. Louis, MO",1500,1570,1540,33,35,34,65800,Private University,15-Jan,4.02,100,7,1,1104-2112,22,https://washu.edu/,3.5
Washtenaw Community College,Ann Arbor,MI,"Ann Arbor, MI",840,970,905,17,20,18,6500,Public Community College,Rolling,3.17,61,5.5,1,1051-2503,11,http://wccnet.edu/,0
Waubonsee Community College,Sugar Grove,IL,"Sugar Grove, IL",825,975,900,17,20,18,10500,Public Community College,Rolling,3.17,61,5.5,1,1718-2698,13,http://waubonsee.edu/,0
Wayne County Community College District,Detroit,MI,"Detroit, MI",820,960,890,17,20,18,4100,Public Community College,1-Aug,3.17,61,5.5,1,1104-2112,22,https://www.wcccd.edu/,0
Wayne State College,Wayne,NE,"Wayne, NE",1050,1210,1130,22,26,24,8200,Public University,1-Feb,3.11,79,6.5,1,5624-9976,24,http://wsc.edu/,2.75
Wayne State University,Detroit,MI,"Detroit, MI",1060,1270,1160,23,29,26,32000,Public University,30-Nov,3.29,80,6.5,1,1104-2112,22,https://wayne.edu/,3
Waynes College of Beauty,Salinas,CA,"Salinas, CA",970,1075,1022,20,23,22,16800,Private University,Rolling,2.6,80,6.5,1,1104-2112,22,https://www.waynescollegeofbeauty.com/,0
Webber International University,Babson Park,FL,"Babson Park, FL",1090,1230,1170,23,27,25,33800,Private University,1-Jan,3.26,80,6.5,1,2668-5119,20,http://webber.edu/,2.75
Webster University,Saint Louis,MO,"Saint Louis, MO",1110,1310,1210,18,25,22,31800,Private University,15-Jan,3.28,80,6.5,1,7364-17090,33,http://webster.edu/,3
Weill Medical College of Cornell University,New York,NY,"New York, NY",1110,1230,1170,24,27,26,37300,Private University,15-Jan,3.27,80,6.5,1,1104-2112,22,https://weill.cornell.edu/,2.75
Wellesley College,Wellesley,MA,"Wellesley, MA",1460,1560,1510,33,35,34,67200,Private University,15-Jan,3.87,100,7,1,6623-16647,38,http://wellesley.edu/,3.5
Wentworth Institute of Technology,Boston,MA,"Boston, MA",1110,1320,1220,27,31,29,42900,Private University,15-Jan,3.35,80,6.5,1,1104-2112,22,https://wit.edu/,3
Wesley Biblical Seminary,Ridgeland,MS,"Ridgeland, MS",1080,1250,1170,23,27,25,7500,Private University,15-Jan,3.25,80,6.5,1,1104-2112,22,https://www.wbs.edu/,2.75
Wesley Theological Seminary,Washington,DC,"Washington, DC",1080,1240,1170,23,27,25,36400,Private University,1-Feb,3.25,80,6.5,1,1104-2112,22,https://www.wesleyseminary.edu/,2.75
Wesleyan College,Macon,GA,"Macon, GA",970,1120,1040,20,24,22,27600,Private University,1-Jan,2.96,71,6,1,1104-2112,22,https://www.wesleyancollege.edu/,2.75
Wesleyan University,Middletown,CT,"Middletown, CT",1420,1540,1480,33,35,34,70300,Private University,1-Feb,3.81,100,7,1,5522-10638,24,http://wesleyan.edu/,3.5
West Georgia Technical College,Waco,GA,"Waco, GA",855,1005,930,17,21,19,6000,Public Community College,Rolling,3.17,61,5.5,1,1104-2112,22,https://www.westgatech.edu/,0
West Kentucky Community and Technical College,Paducah,KY,"Paducah, KY",855,975,915,17,20,18,6400,Public Community College,Rolling,3.17,61,5.5,1,1104-2112,22,https://westkentucky.kctcs.edu/,0
West Los Angeles College,Culver City,CA,"Culver City, CA",1090,1220,1150,23,27,25,10600,Public University,Rolling,3.26,79,6.5,1,5563-10389,28,http://wlac.edu/,2.75
West Michigan College of Barbering and Beauty,Kalamazoo,MI,"Kalamazoo, MI",835,975,905,17,20,18,10500,Public Community College,Rolling,3.17,61,5.5,1,1104-2112,22,https://westmichigancollegeofbarberingandbeauty.com/,0
West Shore Community College,Scottville,MI,"Scottville, MI",845,955,900,17,20,18,8800,Public Community College,Rolling,3.17,61,5.5,1,1104-2112,22,https://www.westshore.edu/,0
West Valley College,Saratoga,CA,"Saratoga, CA",820,945,882,17,20,18,8700,Public Community College,Rolling,3.17,61,5.5,1,6016-14856,25,http://westvalley.edu/,0
Western Colorado University,Gunnison,CO,"Gunnison, CO",1160,1350,1260,22,26,24,24400,Public University,1-Feb,3.47,84,6.5,1,1104-2112,22,https://www.western.edu/,3
Western Connecticut State University,Danbury,CT,"Danbury, CT",1040,1170,1100,15,21,18,16900,Public University,15-Jan,3.09,79,6.5,1,5577-10386,15,http://wcsu.edu/,2.75
Western Illinois University,Macomb,IL,"Macomb, IL",1070,1210,1130,23,26,24,15300,Public University,1-Feb,3.12,79,6.5,1,5166-8467,20,http://wiu.edu/,2.75
Western Iowa Tech Community College,Sioux City,IA,"Sioux City, IA",860,990,925,18,21,20,5300,Public Community College,Rolling,3.17,61,5.5,1,1104-2112,22,https://www.witcc.edu/,0
Western Kentucky University,Bowling Green,KY,"Bowling Green, KY",840,1050,940,16,21,18,27000,Public University,30-Nov,2.77,71,6,1,2510-6991,18,http://wku.edu/,2.75
Western Michigan University,Kalamazoo,MI,"Kalamazoo, MI",1030,1180,1110,22,26,24,19000,Public University,1-Feb,3.14,79,6.5,1,3749-8623,23,http://wmich.edu/,2.75
Western Nebraska Community College,Scottsbluff,NE,"Scottsbluff, NE",850,975,912,17,20,18,4400,Public Community College,Rolling,3.17,61,5.5,1,1104-2112,22,https://www.wncc.edu/,0
Western Nevada College,Carson City,NV,"Carson City, NV",1060,1220,1140,23,27,25,12800,Public University,Rolling,3.19,79,6.5,1,7474-16603,27,http://wnc.edu/,2.75
Western New England University,Springfield,MA,"Springfield, MA",1090,1300,1200,21,28,24,47800,Private University,1-Feb,3.3,80,6.5,1,4315-8130,21,http://wne.edu/,3
Western New Mexico University,Silver City,NM,"Silver City, NM",1060,1220,1140,23,27,25,14300,Public University,15-Jan,3.19,79,6.5,1,1104-2112,22,https://wnmu.edu/,2.75
Western Theological Seminary,Holland,MI,"Holland, MI",1100,1250,1170,24,27,26,38100,Private University,15-Jan,3.28,80,6.5,1,1104-2112,22,https://www.westernsem.edu/,2.75
Western University of Health Sciences,Pomona,CA,"Pomona, CA",1080,1230,1160,23,27,25,33200,Private University,15-Jan,3.16,80,6.5,1,4042-6735,22,http://westernu.edu/,2.75
Westfield State University,Westfield,MA,"Westfield, MA",1020,1180,1090,22,26,24,18300,Public University,30-Nov,3.02,79,6.5,1,1104-2112,22,https://www.westfield.ma.edu/,2.75
Westminster College,Fulton,MO,"Fulton, MO",990,1250,1120,19,24,22,35200,Private University,1-Jan,3.19,79,6.5,1,8095-14410,38,http://westminster.edu/,2.75
Westminster Theological Seminary in California,Escondido,CA,"Escondido, CA",1100,1240,1170,24,27,26,35300,Private University,1-Jan,3.23,80,6.5,1,1104-2112,22,https://www.wscal.edu/,2.75
Westmont College,Santa Barbara,CA,"Santa Barbara, CA",1240,1450,1340,25,32,28,53600,Private University,15-Jan,3.59,84,6.5,1,5471-15152,30,http://westmont.edu/,3.3
Wheaton College,Wheaton,IL,"Wheaton, IL",1260,1470,1360,28,32,30,45500,Private University,15-Jan,3.66,90,7,1,5018-15035,26,http://wheaton.edu/,3.3
Wheaton College (Massachusetts),Norton,MA,"Norton, MA",1220,1390,1300,29,33,31,64000,Private University,15-Jan,3.5,84,6.5,1,1104-2112,22,https://www.wheatoncollege.edu/,3.3
White Mountains Community College,Berlin,NH,"Berlin, NH",830,940,885,17,20,18,15300,Public Community College,Rolling,3.17,61,5.5,1,1164-2662,12,http://wmcc.edu/,0
Whittier College,Whittier,CA,"Whittier, CA",1060,1230,1150,23,27,25,51400,Private University,15-Jan,3.18,80,6.5,1,5749-13141,32,http://whittier.edu/,2.75
Wichita State University,Wichita,KS,"Wichita, KS",900,1240,1070,17,25,21,19900,Public University,1-Mar,3.04,79,6.5,1,3817-7973,20,http://wichita.edu/,2.75
Wichita State University-Campus of Applied Sciences and Technology,Wichita,KS,"Wichita, KS",855,1010,932,17,21,19,7200,Public Community College,Rolling,3.17,61,5.5,1,1104-2112,22,https://www.wsutech.edu/,0
Wichita Technical Institute,Wichita,KS,"Wichita, KS",950,1070,1010,20,23,22,17100,Private University,Rolling,2.43,80,6.5,1,1104-2112,22,https://www.wti.edu/,0
William Carey University,Hattiesburg,MS,"Hattiesburg, MS",1040,1290,1160,19,25,22,15500,Private University,1-Feb,3.22,80,6.5,1,3844-8575,24,http://wmcarey.edu/,3
William James College,Newton,MA,"Newton, MA",1100,1240,1170,24,27,26,37300,Private University,1-Jan,3.27,80,6.5,1,1104-2112,22,https://www.williamjames.edu/,2.75
William Jessup University,Rocklin,CA,"Rocklin, CA",1040,1230,1130,16,22,19,37200,Private University,15-Jan,3.16,79,6.5,1,2151-5446,20,http://jessup.edu/,2.75
William Jewell College,Liberty,MO,"Liberty, MO",1080,1270,1180,18,24,21,20600,Private University,1-Feb,3.28,80,6.5,1,1104-2112,22,https://www.jewell.edu/,3
William Paterson University of New Jersey,Wayne,NJ,"Wayne, NJ",980,1140,1060,21,25,23,25300,Public University,1-Feb,2.98,79,6.5,1,1104-2112,22,https://www.wpunj.edu/,2.75
William Penn University,Oskaloosa,IA,"Oskaloosa, IA",880,1110,1000,16,22,19,29800,Private University,1-Jan,2.91,71,6,1,1104-2112,22,https://www.wmpenn.edu/,2.75
William Rainey Harper College,Palatine,IL,"Palatine, IL",840,945,892,17,20,18,11900,Public Community College,Rolling,3.17,61,5.5,1,1104-2112,22,https://www.harpercollege.edu/index.php,0
William T McFatter Technical College,Davie,FL,"Davie, FL",830,960,895,17,20,18,9700,Public Community College,1-Aug,3.17,61,5.5,1,1104-2112,22,https://www.mcfattertechnicalcollege.edu/,0
William Woods University,Fulton,MO,"Fulton, MO",1100,1240,1160,24,27,26,30300,Private University,15-Jan,3.23,80,6.5,1,1104-2112,22,https://www.williamwoods.edu/,2.75
Williams Baptist University,Walnut Ridge,AR,"Walnut Ridge, AR",910,1050,980,16,21,18,21100,Private University,15-Jan,2.8,71,6,1,1104-2112,22,https://williamsbaptistuniversity.com/,2.75
Williams College,Williamstown,MA,"Williamstown, MA",1490,1570,1530,34,35,34,68600,Private University,15-Jan,3.94,100,7,1,6774-13216,37,http://williams.edu/,3.5
Wilmington University,New Castle,DE,"New Castle, DE",1090,1260,1180,23,28,26,12600,Private University,1-Feb,3.32,80,6.5,1,3818-8805,16,http://wilmu.edu/,2.75
Windward Community College,Kaneohe,HI,"Kaneohe, HI",855,1005,930,17,21,19,8300,Public Community College,1-Aug,3.17,61,5.5,1,1104-2112,22,https://windward.hawaii.edu/,0
Winona State University,Winona,MN,"Winona, MN",1090,1240,1150,23,27,25,17300,Public University,15-Jan,3.24,79,6.5,1,1104-2112,22,https://www.winona.edu/,2.75
Wiregrass Georgia Technical College,Valdosta,GA,"Valdosta, GA",850,965,907,17,20,18,6000,Public Community College,Rolling,3.17,61,5.5,1,5896-10686,22,http://wiregrass.edu/,0
Withlacoochee Technical College,Inverness,FL,"Inverness, FL",830,980,905,17,21,19,10000,Public Community College,1-Aug,3.17,61,5.5,1,1104-2112,22,https://www.wtcollege.org/,0
Woodbury University,Burbank,CA,"Burbank, CA",1020,1170,1100,22,25,24,47100,Private University,1-Feb,3.07,80,6.5,1,1104-2112,22,https://woodbury.edu/,2.75
Wor-Wic Community College,Salisbury,MD,"Salisbury, MD",860,1015,937,18,21,20,8400,Public Community College,Rolling,3.17,61,5.5,1,1251-2014,15,http://worwic.edu/,0
Worcester Polytechnic Institute,Worcester,MA,"Worcester, MA",1160,1310,1240,25,29,27,61000,Private University,1-Jan,3.39,80,6.5,1,5017-7890,18,http://wpi.edu/,2.75
Worcester State University,Worcester,MA,"Worcester, MA",1030,1280,1150,16,22,19,17900,Public University,1-Feb,3.17,80,6.5,1,4816-11719,24,http://worcester.edu/,3
Xavier University of Louisiana,New Orleans,LA,"New Orleans, LA",950,1110,1030,19,24,22,28700,Private University,1-Jan,2.9,71,6,1,4654-10528,23,http://xula.edu/,2.75
Yavapai College,Prescott,AZ,"Prescott, AZ",1070,1220,1140,23,27,25,9500,Public University,1-Feb,3.19,79,6.5,1,7363-16293,35,http://yc.edu/,2.75
Yeshiva Ohr Elchonon Chabad West Coast Talmudical Seminary,Los Angeles,CA,"Los Angeles, CA",1130,1260,1190,24,28,26,16900,Private University,1-Jan,3.26,80,6.5,1,1104-2112,22,https://www.yoec.edu/,3
York University,York,NE,"York, NE",880,1110,1000,16,23,20,23000,Private University,15-Jan,2.93,71,6,1,1104-2112,22,https://www.york.edu/,2.75
Young Harris College,Young Harris,GA,"Young Harris, GA",1090,1220,1160,23,27,25,32300,Private University,1-Jan,3.18,80,6.5,1,1104-2112,22,https://www.yhc.edu/,2.75
Yuba College,Marysville,CA,"Marysville, CA",815,950,882,16,20,18,8200,Public Community College,Rolling,3.17,61,5.5,1,1104-2112,22,https://yc.yccd.edu/,0
